# Blender 4.3.2
# www.blender.org
mtllib 11oz-Mug.mtl
o 11oz-Mug
v 0.000000 0.080225 -0.046152
v 0.005466 0.082246 -0.046236
v -0.005466 0.082246 -0.046236
v 0.000000 0.089223 -0.046650
v 0.005239 0.087551 -0.046547
v -0.005239 0.087551 -0.046547
v 0.000000 0.068183 -0.063634
v 0.004919 0.069162 -0.064763
v -0.004919 0.069162 -0.064763
v 0.000000 0.072720 -0.069524
v 0.004911 0.071906 -0.068330
v -0.004911 0.071906 -0.068330
v 0.000000 0.060500 -0.066094
v 0.004906 0.061081 -0.067491
v -0.004906 0.061081 -0.067491
v 0.000000 0.062956 -0.073228
v 0.004898 0.062565 -0.071798
v -0.004898 0.062565 -0.071798
v 0.000000 0.052339 -0.067120
v 0.004858 0.052614 -0.068567
v -0.004858 0.052614 -0.068567
v 0.000000 0.053194 -0.074422
v 0.004851 0.053132 -0.072982
v -0.004851 0.053132 -0.072982
v 0.000000 0.043849 -0.067001
v 0.004872 0.043884 -0.068402
v -0.004872 0.043884 -0.068402
v 0.000000 0.043498 -0.073962
v 0.004861 0.043671 -0.072631
v -0.004861 0.043671 -0.072631
v 0.000000 0.035320 -0.065387
v 0.004908 0.034882 -0.066715
v -0.004908 0.034882 -0.066715
v 0.000000 0.032696 -0.071862
v 0.004891 0.033297 -0.070649
v -0.004891 0.033297 -0.070649
v 0.000000 0.028369 -0.061931
v 0.004939 0.027382 -0.063145
v -0.004939 0.027382 -0.063145
v 0.000000 0.023125 -0.067655
v 0.004918 0.024233 -0.066596
v -0.004918 0.024233 -0.066596
v 0.000000 0.023628 -0.056813
v 0.004950 0.022254 -0.057639
v -0.004950 0.022254 -0.057639
v 0.000000 0.016753 -0.060432
v 0.004930 0.018153 -0.059810
v -0.004930 0.018153 -0.059810
v 0.000000 0.021877 -0.050126
v 0.005085 0.020175 -0.050618
v -0.005085 0.020175 -0.050618
v 0.000000 0.013903 -0.051573
v 0.005041 0.015489 -0.051480
v -0.005041 0.015489 -0.051480
v -0.000000 0.024739 -0.043891
v -0.004126 0.023860 -0.043753
v 0.004126 0.023860 -0.043753
v 0.006037 0.021189 -0.043691
v -0.006037 0.021189 -0.043691
v -0.000000 0.013381 -0.043584
v -0.004035 0.013498 -0.042803
v 0.006149 0.015435 -0.043910
v -0.006149 0.015435 -0.043910
v 0.004035 0.013498 -0.042803
v 0.000000 0.075426 -0.059048
v 0.004924 0.076751 -0.059792
v -0.004924 0.076751 -0.059792
v 0.000000 0.081765 -0.063105
v 0.004911 0.080584 -0.062251
v -0.004911 0.080584 -0.062251
v 0.000000 0.080248 -0.052686
v 0.004952 0.081791 -0.053070
v -0.004952 0.081791 -0.053070
v 0.000000 0.087650 -0.055007
v 0.004921 0.086247 -0.054467
v -0.004921 0.086247 -0.054467
v 0.006318 0.086799 -0.042489
v -0.000000 0.076873 -0.042584
v 0.006208 0.084967 -0.046407
v -0.006208 0.084967 -0.046407
v -0.003132 0.080586 -0.046125
v 0.003132 0.080586 -0.046125
v -0.002948 0.088910 -0.046582
v 0.002948 0.088910 -0.046582
v -0.000000 0.089015 -0.042334
v -0.006877 0.080089 -0.042580
v 0.006877 0.080089 -0.042580
v -0.006318 0.086799 -0.042489
v -0.004911 0.067258 -0.070390
v 0.000000 0.064370 -0.065089
v 0.005775 0.070555 -0.066540
v -0.005775 0.070555 -0.066540
v -0.002723 0.068382 -0.063838
v 0.002723 0.068382 -0.063838
v -0.002720 0.072582 -0.069293
v 0.002720 0.072582 -0.069293
v 0.000000 0.058029 -0.074079
v -0.004880 0.056887 -0.068194
v -0.004873 0.057824 -0.072619
v 0.005756 0.061849 -0.069641
v -0.005756 0.061849 -0.069641
v -0.002718 0.060626 -0.066354
v 0.002718 0.060626 -0.066354
v -0.002715 0.062898 -0.072954
v 0.002715 0.062898 -0.072954
v -0.004919 0.065148 -0.066378
v 0.000000 0.067859 -0.071727
v 0.004919 0.065148 -0.066378
v 0.004911 0.067258 -0.070390
v 0.000000 0.048140 -0.067215
v 0.004858 0.048308 -0.068646
v 0.005704 0.052905 -0.070776
v -0.005704 0.052905 -0.070776
v -0.002690 0.052408 -0.067392
v 0.002690 0.052408 -0.067392
v -0.002685 0.053200 -0.074151
v 0.002685 0.053200 -0.074151
v 0.004880 0.056887 -0.068194
v 0.000000 0.056479 -0.066751
v 0.004873 0.057824 -0.072619
v 0.004876 0.038508 -0.071861
v 0.000000 0.039496 -0.066415
v 0.005725 0.043809 -0.070527
v -0.005725 0.043809 -0.070527
v -0.002695 0.043872 -0.067268
v 0.002695 0.043872 -0.067268
v -0.002686 0.043547 -0.073719
v 0.002686 0.043547 -0.073719
v 0.004849 0.048496 -0.072989
v 0.000000 0.048449 -0.074381
v -0.004858 0.048308 -0.068646
v -0.004849 0.048496 -0.072989
v 0.000000 0.027595 -0.070096
v 0.004906 0.028457 -0.068937
v 0.005762 0.034112 -0.068700
v -0.005762 0.034112 -0.068700
v -0.002717 0.035251 -0.065644
v 0.002717 0.035251 -0.065644
v -0.002703 0.032824 -0.071645
v 0.002703 0.032824 -0.071645
v 0.000000 0.038147 -0.073129
v -0.004890 0.039324 -0.067777
v 0.004890 0.039324 -0.067777
v -0.004876 0.038508 -0.071861
v -0.004947 0.024484 -0.060638
v 0.000000 0.019475 -0.064404
v 0.005782 0.025824 -0.064894
v -0.005782 0.025824 -0.064894
v -0.002741 0.028191 -0.062172
v 0.002741 0.028191 -0.062172
v -0.002727 0.023347 -0.067467
v 0.002727 0.023347 -0.067467
v -0.004925 0.030857 -0.065174
v 0.004925 0.030857 -0.065174
v -0.004906 0.028457 -0.068937
v 0.000000 0.031581 -0.063882
v 0.004970 0.020809 -0.054205
v -0.004970 0.020809 -0.054205
v 0.005788 0.020208 -0.058754
v -0.005788 0.020208 -0.058754
v -0.002749 0.023364 -0.056988
v 0.002749 0.023364 -0.056988
v -0.002740 0.017028 -0.060329
v 0.002740 0.017028 -0.060329
v 0.004947 0.024484 -0.060638
v 0.004925 0.020769 -0.063533
v -0.004925 0.020769 -0.063532
v 0.000000 0.025687 -0.059587
v 0.005381 0.015159 -0.047593
v 0.005489 0.020296 -0.047170
v 0.005872 0.017804 -0.051125
v -0.005872 0.017804 -0.051125
v -0.002893 0.021551 -0.050221
v 0.002893 0.021551 -0.050221
v -0.002859 0.014209 -0.051547
v 0.002859 0.014209 -0.051547
v 0.004948 0.016431 -0.055659
v -0.004948 0.016431 -0.055659
v 0.000000 0.022317 -0.053594
v 0.000000 0.014949 -0.056026
v 0.006437 0.018259 -0.043760
v -0.006437 0.018259 -0.043760
v 0.002789 0.024447 -0.043857
v -0.004960 0.023188 -0.043788
v -0.002789 0.024447 -0.043857
v 0.004960 0.023188 -0.043788
v 0.002391 0.013401 -0.043426
v -0.005109 0.013865 -0.043644
v -0.002391 0.013401 -0.043426
v 0.005109 0.013865 -0.043644
v -0.005381 0.015159 -0.047593
v -0.000000 0.022628 -0.046728
v -0.005489 0.020296 -0.047170
v -0.000000 0.013398 -0.047407
v -0.000000 0.027575 -0.041215
v 0.005776 0.078688 -0.061010
v -0.005776 0.078688 -0.061010
v -0.002725 0.075688 -0.059175
v 0.002725 0.075688 -0.059175
v -0.002720 0.081555 -0.062934
v 0.002720 0.081555 -0.062934
v 0.000000 0.077467 -0.066628
v -0.004909 0.076455 -0.065602
v -0.004919 0.073121 -0.062573
v 0.000000 0.071956 -0.061633
v 0.004919 0.073121 -0.062573
v 0.004910 0.076455 -0.065602
v 0.005789 0.084041 -0.053747
v -0.005789 0.084041 -0.053747
v -0.002749 0.080550 -0.052744
v 0.002749 0.080550 -0.052744
v -0.002729 0.087394 -0.054890
v 0.002729 0.087394 -0.054890
v -0.004931 0.079716 -0.056523
v 0.000000 0.078268 -0.055963
v 0.004931 0.079716 -0.056523
v 0.004915 0.083915 -0.058437
v 0.000000 0.085225 -0.059130
v -0.004915 0.083915 -0.058437
v 0.004960 0.087465 -0.050528
v 0.000000 0.088953 -0.050889
v -0.004960 0.087465 -0.050528
v -0.005043 0.082753 -0.049677
v 0.000000 0.081096 -0.049468
v 0.005043 0.082753 -0.049677
v -0.004247 0.076931 -0.042028
v 0.007394 0.083560 -0.042598
v -0.007394 0.083560 -0.042598
v -0.002721 0.067761 -0.071470
v 0.002689 0.048188 -0.067486
v -0.002700 0.058007 -0.073802
v -0.005772 0.066226 -0.068380
v 0.002724 0.064532 -0.065326
v -0.002703 0.056573 -0.067021
v -0.002682 0.048476 -0.074123
v -0.005727 0.057385 -0.070406
v 0.002700 0.058007 -0.073802
v 0.005772 0.066226 -0.068380
v 0.002715 0.027771 -0.069889
v 0.002703 0.056573 -0.067021
v 0.002682 0.048476 -0.074123
v -0.002689 0.048188 -0.067486
v 0.005727 0.057385 -0.070406
v -0.002729 0.031455 -0.064134
v 0.002735 0.019732 -0.064252
v -0.002705 0.039479 -0.066676
v 0.004247 0.076931 -0.042028
v 0.005706 0.048435 -0.070823
v -0.002693 0.038231 -0.072900
v -0.005706 0.048435 -0.070823
v 0.005774 0.029675 -0.067076
v 0.002729 0.031455 -0.064134
v 0.002693 0.038231 -0.072900
v 0.005746 0.038944 -0.069834
v 0.002721 0.067761 -0.071470
v -0.005746 0.038944 -0.069834
v -0.003255 0.013647 -0.046949
v 0.005786 0.022640 -0.062112
v 0.002747 0.025462 -0.059801
v -0.002715 0.027771 -0.069889
v -0.002735 0.019732 -0.064252
v -0.005774 0.029675 -0.067076
v -0.002770 0.022024 -0.053729
v -0.002747 0.025462 -0.059801
v 0.002759 0.015238 -0.055970
v 0.005802 0.018614 -0.054970
v -0.005786 0.022640 -0.062112
v 0.002770 0.022024 -0.053729
v -0.006082 0.017653 -0.047491
v 0.003374 0.022307 -0.046412
v -0.002759 0.015238 -0.055970
v 0.006082 0.017653 -0.047491
v -0.005802 0.018614 -0.054970
v -0.003374 0.022307 -0.046412
v 0.003255 0.013647 -0.046949
v -0.004127 0.026724 -0.041186
v 0.002705 0.039479 -0.066676
v 0.004127 0.026724 -0.041186
v -0.002724 0.064532 -0.065326
v 0.003800 0.088630 -0.041750
v -0.003800 0.088630 -0.041750
v -0.002719 0.077290 -0.066428
v -0.002722 0.072189 -0.061799
v 0.005775 0.074808 -0.064079
v 0.002719 0.077290 -0.066428
v 0.002722 0.072189 -0.061799
v -0.005775 0.074808 -0.064079
v -0.002733 0.078552 -0.056055
v 0.005779 0.081835 -0.057464
v 0.002724 0.084989 -0.058987
v 0.002733 0.078552 -0.056055
v -0.005779 0.081835 -0.057464
v -0.002724 0.084989 -0.058987
v 0.002756 0.088678 -0.050802
v -0.002756 0.088678 -0.050802
v -0.005852 0.085140 -0.050081
v -0.002819 0.081418 -0.049493
v 0.002819 0.081418 -0.049493
v 0.005852 0.085140 -0.050081
v 0.005643 0.087267 -0.044541
v 0.000000 0.078858 -0.044396
v 0.005921 0.086365 -0.046490
v 0.006060 0.083535 -0.046320
v -0.005921 0.086365 -0.046490
v -0.006060 0.083535 -0.046320
v -0.004458 0.081238 -0.046163
v -0.001610 0.080292 -0.046137
v 0.001610 0.080292 -0.046137
v 0.004458 0.081238 -0.046163
v -0.004221 0.088398 -0.046566
v -0.001512 0.089157 -0.046624
v 0.001512 0.089157 -0.046624
v 0.004221 0.088398 -0.046566
v 0.000000 0.089147 -0.044492
v -0.006001 0.081348 -0.044451
v 0.006001 0.081348 -0.044451
v -0.005643 0.087267 -0.044541
v -0.004912 0.069586 -0.069444
v -0.004906 0.064919 -0.071173
v 0.000000 0.062449 -0.065641
v 0.000000 0.066277 -0.064425
v 0.005550 0.071289 -0.067503
v 0.005555 0.069810 -0.065581
v -0.005550 0.071289 -0.067503
v -0.005555 0.069810 -0.065581
v -0.003937 0.068684 -0.064183
v -0.001387 0.068228 -0.063676
v 0.001387 0.068228 -0.063676
v 0.003937 0.068684 -0.064183
v -0.003931 0.072334 -0.068927
v -0.001386 0.072693 -0.069474
v 0.001386 0.072693 -0.069474
v 0.003931 0.072334 -0.068927
v 0.000000 0.060489 -0.073727
v 0.000000 0.055594 -0.074304
v -0.004867 0.054755 -0.068418
v -0.004894 0.058999 -0.067888
v -0.004887 0.060196 -0.072275
v -0.004860 0.055466 -0.072850
v 0.005533 0.062242 -0.070802
v 0.005538 0.061443 -0.068482
v -0.005533 0.062242 -0.070802
v -0.005538 0.061443 -0.068482
v -0.003929 0.060807 -0.066782
v -0.001385 0.060529 -0.066149
v 0.001385 0.060529 -0.066149
v 0.003929 0.060807 -0.066782
v -0.003923 0.062781 -0.072516
v -0.001384 0.062946 -0.073169
v 0.001384 0.062946 -0.073169
v 0.003923 0.062781 -0.072516
v -0.004915 0.063128 -0.066991
v -0.004920 0.067157 -0.065639
v 0.000000 0.070294 -0.070714
v 0.000000 0.065413 -0.072564
v 0.004915 0.063128 -0.066991
v 0.004920 0.067157 -0.065639
v 0.004912 0.069586 -0.069444
v 0.004906 0.064919 -0.071173
v 0.000000 0.050248 -0.067203
v 0.000000 0.046008 -0.067150
v 0.004864 0.046117 -0.068568
v 0.004855 0.050469 -0.068643
v 0.005482 0.053036 -0.071965
v 0.005486 0.052757 -0.069586
v -0.005482 0.053036 -0.071965
v -0.005486 0.052757 -0.069586
v -0.003889 0.052495 -0.067835
v -0.001370 0.052357 -0.067177
v 0.001370 0.052357 -0.067177
v 0.003889 0.052495 -0.067835
v -0.003883 0.053184 -0.073710
v -0.001368 0.053198 -0.074364
v 0.001368 0.053198 -0.074364
v 0.003883 0.053184 -0.073710
v 0.004867 0.054755 -0.068418
v 0.004894 0.058999 -0.067888
v 0.000000 0.058509 -0.066462
v 0.000000 0.054419 -0.066969
v 0.004887 0.060196 -0.072275
v 0.004860 0.055466 -0.072850
v 0.004868 0.041122 -0.072300
v 0.004884 0.035880 -0.071312
v 0.000000 0.041669 -0.066759
v 0.000000 0.037367 -0.065960
v 0.005499 0.043743 -0.071665
v 0.005506 0.043858 -0.069384
v -0.005499 0.043743 -0.071665
v -0.005506 0.043858 -0.069384
v -0.003898 0.043886 -0.067697
v -0.001373 0.043856 -0.067058
v 0.001373 0.043857 -0.067058
v 0.003898 0.043886 -0.067697
v -0.003886 0.043603 -0.073314
v -0.001368 0.043511 -0.073912
v 0.001368 0.043511 -0.073912
v 0.003886 0.043603 -0.073314
v 0.004848 0.050819 -0.073028
v 0.004854 0.046125 -0.072859
v 0.000000 0.046021 -0.074221
v 0.000000 0.050825 -0.074446
v -0.004855 0.050469 -0.068643
v -0.004864 0.046117 -0.068568
v -0.004854 0.046125 -0.072859
v -0.004848 0.050819 -0.073028
v 0.000000 0.025267 -0.068972
v 0.000000 0.030080 -0.071050
v 0.004899 0.030811 -0.069862
v 0.004912 0.026258 -0.067854
v 0.005534 0.033679 -0.069756
v 0.005544 0.034533 -0.067634
v -0.005534 0.033679 -0.069756
v -0.005544 0.034533 -0.067634
v -0.003928 0.035119 -0.066051
v -0.001384 0.035307 -0.065443
v 0.001384 0.035307 -0.065443
v 0.003928 0.035119 -0.066051
v -0.003910 0.033010 -0.071276
v -0.001377 0.032726 -0.071817
v 0.001377 0.032726 -0.071817
v 0.003910 0.033010 -0.071276
v 0.000000 0.035404 -0.072551
v 0.000000 0.040863 -0.073599
v -0.004881 0.041610 -0.068141
v -0.004899 0.037067 -0.067304
v 0.004881 0.041610 -0.068141
v 0.004899 0.037067 -0.067304
v -0.004884 0.035880 -0.071312
v -0.004868 0.041122 -0.072300
v -0.004944 0.025857 -0.061952
v -0.004949 0.023277 -0.059201
v 0.000000 0.017995 -0.062494
v 0.000000 0.021189 -0.066131
v 0.005555 0.024973 -0.065817
v 0.005568 0.026667 -0.063959
v -0.005555 0.024973 -0.065817
v -0.005568 0.026667 -0.063959
v -0.003959 0.027889 -0.062547
v -0.001397 0.028332 -0.061984
v 0.001397 0.028332 -0.061984
v 0.003959 0.027889 -0.062547
v -0.003939 0.023689 -0.067144
v -0.001390 0.023174 -0.067617
v 0.001390 0.023174 -0.067617
v 0.003939 0.023689 -0.067144
v -0.004917 0.032805 -0.066006
v -0.004932 0.029049 -0.064220
v 0.004917 0.032805 -0.066006
v 0.004932 0.029049 -0.064220
v -0.004912 0.026258 -0.067854
v -0.004899 0.030811 -0.069862
v 0.000000 0.029909 -0.062958
v 0.000000 0.033386 -0.064694
v 0.004955 0.021431 -0.055963
v 0.005008 0.020389 -0.052408
v -0.004955 0.021431 -0.055963
v -0.005008 0.020389 -0.052408
v 0.005563 0.019105 -0.059330
v 0.005577 0.021308 -0.058163
v -0.005563 0.019105 -0.059330
v -0.005577 0.021308 -0.058163
v -0.003970 0.022941 -0.057244
v -0.001401 0.023571 -0.056853
v 0.001401 0.023571 -0.056853
v 0.003970 0.022941 -0.057244
v -0.003953 0.017459 -0.060140
v -0.001398 0.016813 -0.060412
v 0.001398 0.016813 -0.060412
v 0.003953 0.017459 -0.060140
v 0.004944 0.025857 -0.061952
v 0.004949 0.023277 -0.059201
v 0.004927 0.019350 -0.061743
v 0.004922 0.022400 -0.065155
v -0.004927 0.019350 -0.061743
v -0.004922 0.022400 -0.065155
v 0.000000 0.024571 -0.058258
v 0.000000 0.026958 -0.060808
v 0.005724 0.015201 -0.045780
v 0.005161 0.015257 -0.049493
v 0.005230 0.020160 -0.048867
v 0.005827 0.020591 -0.045474
v 0.005653 0.016560 -0.051338
v 0.005680 0.019063 -0.050874
v -0.005653 0.016560 -0.051338
v -0.005680 0.019063 -0.050874
v -0.004127 0.021015 -0.050388
v -0.001486 0.021810 -0.050144
v 0.001486 0.021810 -0.050144
v 0.004127 0.021015 -0.050388
v -0.004082 0.014702 -0.051536
v -0.001468 0.013968 -0.051562
v 0.001468 0.013968 -0.051562
v 0.004082 0.014702 -0.051536
v 0.004978 0.015873 -0.053547
v 0.004935 0.017185 -0.057765
v -0.004978 0.015873 -0.053547
v -0.004935 0.017185 -0.057765
v 0.000000 0.021976 -0.051874
v 0.000000 0.022873 -0.055252
v 0.000000 0.015743 -0.058260
v 0.000000 0.014345 -0.053782
v 0.006397 0.016745 -0.043858
v 0.006316 0.019792 -0.043689
v -0.006397 0.016745 -0.043858
v -0.006316 0.019792 -0.043689
v 0.001461 0.024683 -0.043889
v 0.003770 0.024059 -0.043786
v -0.005568 0.022343 -0.043752
v -0.004389 0.023684 -0.043767
v -0.003770 0.024059 -0.043786
v -0.001461 0.024683 -0.043889
v 0.004389 0.023684 -0.043767
v 0.005568 0.022343 -0.043752
v 0.001232 0.013387 -0.043553
v 0.003383 0.013432 -0.043151
v -0.005690 0.014475 -0.043853
v -0.004503 0.013566 -0.043247
v -0.003383 0.013432 -0.043151
v -0.001232 0.013387 -0.043553
v 0.004503 0.013566 -0.043247
v 0.005690 0.014475 -0.043853
v -0.005724 0.015201 -0.045780
v -0.005161 0.015257 -0.049493
v -0.000000 0.023566 -0.045203
v 0.000000 0.022069 -0.048394
v -0.005827 0.020591 -0.045474
v -0.005230 0.020160 -0.048867
v 0.000000 0.013592 -0.049436
v -0.000000 0.013321 -0.045499
v 0.006526 0.015941 -0.042133
v 0.004147 0.013661 -0.041784
v -0.000000 0.013583 -0.041849
v -0.004147 0.013661 -0.041784
v -0.006526 0.015941 -0.042133
v -0.006168 0.022162 -0.042144
v -0.000000 0.026040 -0.042685
v 0.006168 0.022162 -0.042144
v 0.005550 0.079715 -0.061675
v 0.005559 0.077650 -0.060350
v -0.005550 0.079715 -0.061675
v -0.005559 0.077650 -0.060350
v -0.003941 0.076096 -0.059402
v -0.001388 0.075483 -0.059073
v 0.001388 0.075483 -0.059073
v 0.003941 0.076096 -0.059402
v -0.003931 0.081195 -0.062671
v -0.001386 0.081722 -0.063067
v 0.001386 0.081722 -0.063067
v 0.003931 0.081195 -0.062671
v 0.000000 0.079699 -0.064938
v 0.000000 0.075123 -0.068160
v -0.004910 0.074208 -0.067048
v -0.004910 0.078599 -0.063998
v -0.004921 0.075000 -0.061254
v -0.004919 0.071160 -0.063742
v 0.000000 0.070086 -0.062706
v 0.000000 0.073750 -0.060413
v 0.004921 0.075000 -0.061254
v 0.004919 0.071160 -0.063742
v 0.004910 0.074208 -0.067048
v 0.004910 0.078599 -0.063998
v 0.005560 0.085234 -0.054128
v 0.005579 0.082837 -0.053377
v -0.005560 0.085234 -0.054128
v -0.005579 0.082837 -0.053377
v -0.003971 0.081026 -0.052861
v -0.001401 0.080314 -0.052696
v 0.001401 0.080314 -0.052696
v 0.003971 0.081026 -0.052861
v -0.003942 0.086965 -0.054723
v -0.001391 0.087597 -0.054980
v 0.001391 0.087597 -0.054980
v 0.003942 0.086965 -0.054723
v -0.004938 0.080876 -0.054797
v -0.004927 0.078333 -0.058203
v 0.000000 0.076941 -0.057553
v 0.000000 0.079380 -0.054326
v 0.004938 0.080876 -0.054797
v 0.004927 0.078333 -0.058203
v 0.004913 0.082366 -0.060384
v 0.004917 0.085213 -0.056452
v 0.000000 0.083617 -0.061156
v 0.000000 0.086573 -0.057069
v -0.004917 0.085213 -0.056452
v -0.004913 0.082366 -0.060384
v 0.005038 0.087633 -0.048542
v 0.004931 0.087003 -0.052497
v 0.000000 0.088447 -0.052954
v 0.000000 0.089187 -0.048787
v -0.004931 0.087003 -0.052497
v -0.005038 0.087633 -0.048542
v -0.004980 0.082431 -0.051368
v -0.005179 0.082709 -0.047972
v 0.000000 0.080838 -0.051073
v 0.000000 0.080937 -0.047838
v 0.004980 0.082431 -0.051368
v 0.005179 0.082709 -0.047972
v -0.005894 0.078573 -0.042444
v -0.003524 0.079224 -0.044276
v -0.001928 0.076867 -0.042479
v 0.007362 0.081769 -0.042610
v 0.006670 0.084411 -0.044547
v 0.007027 0.085304 -0.042568
v -0.007027 0.085304 -0.042568
v -0.006670 0.084411 -0.044547
v -0.007362 0.081769 -0.042610
v -0.002721 0.070176 -0.070469
v -0.001387 0.067840 -0.071671
v -0.002719 0.065336 -0.072297
v -0.003932 0.067579 -0.071060
v 0.002688 0.050306 -0.067474
v 0.001370 0.048152 -0.067273
v 0.002691 0.046046 -0.067419
v 0.003888 0.048243 -0.067924
v -0.002708 0.060450 -0.073450
v -0.001376 0.058027 -0.074020
v -0.002692 0.055587 -0.074029
v -0.003902 0.057947 -0.073354
v -0.005775 0.068393 -0.067536
v -0.005548 0.066788 -0.069461
v -0.005766 0.064048 -0.069079
v -0.005553 0.065652 -0.067300
v 0.001388 0.064407 -0.065138
v 0.002722 0.062594 -0.065891
v 0.003938 0.064773 -0.065720
v 0.002724 0.066458 -0.064646
v -0.002711 0.058618 -0.066727
v -0.003908 0.056700 -0.067463
v -0.002695 0.054499 -0.067241
v -0.001377 0.056501 -0.066808
v -0.002682 0.050841 -0.074182
v -0.001366 0.048458 -0.074326
v -0.002683 0.046058 -0.073971
v -0.003879 0.048493 -0.073697
v -0.005742 0.059625 -0.070079
v -0.005505 0.057630 -0.071597
v -0.005713 0.055141 -0.070634
v -0.005509 0.057125 -0.069214
v 0.002708 0.060450 -0.073450
v 0.003902 0.057947 -0.073354
v 0.002692 0.055587 -0.074029
v 0.001376 0.058027 -0.074020
v 0.005775 0.068393 -0.067536
v 0.005553 0.065652 -0.067300
v 0.005766 0.064048 -0.069079
v 0.005548 0.066788 -0.069461
v 0.002709 0.030232 -0.070838
v 0.003925 0.028037 -0.069536
v 0.002721 0.025468 -0.068773
v 0.001383 0.027634 -0.070053
v 0.002711 0.058618 -0.066727
v 0.001377 0.056501 -0.066808
v 0.002695 0.054499 -0.067241
v 0.003908 0.056700 -0.067463
v 0.002682 0.050841 -0.074182
v 0.003879 0.048493 -0.073697
v 0.002683 0.046058 -0.073971
v 0.001366 0.048458 -0.074326
v -0.002688 0.050306 -0.067474
v -0.003888 0.048243 -0.067924
v -0.002691 0.046046 -0.067419
v -0.001370 0.048152 -0.067273
v 0.005742 0.059625 -0.070079
v 0.005509 0.057125 -0.069214
v 0.005713 0.055141 -0.070634
v 0.005505 0.057630 -0.071597
v -0.002723 0.033289 -0.064949
v -0.003945 0.031235 -0.064532
v -0.002735 0.029757 -0.063206
v -0.001391 0.031556 -0.063937
v 0.002732 0.021431 -0.065958
v 0.003948 0.020131 -0.063987
v 0.002737 0.018263 -0.062366
v 0.001395 0.019532 -0.064373
v -0.002700 0.041674 -0.067023
v -0.003912 0.039429 -0.067093
v -0.002711 0.037325 -0.066218
v -0.001378 0.039495 -0.066471
v 0.001928 0.076867 -0.042479
v 0.003524 0.079224 -0.044276
v 0.005894 0.078573 -0.042444
v 0.005701 0.050676 -0.070840
v 0.005488 0.048375 -0.069651
v 0.005714 0.046153 -0.070722
v 0.005482 0.048477 -0.071992
v -0.002689 0.040928 -0.073363
v -0.001371 0.038167 -0.073081
v -0.002698 0.035509 -0.072329
v -0.003897 0.038344 -0.072515
v -0.005701 0.050676 -0.070840
v -0.005482 0.048477 -0.071992
v -0.005714 0.046153 -0.070722
v -0.005488 0.048375 -0.069651
v 0.005769 0.031828 -0.067953
v 0.005558 0.030317 -0.066057
v 0.005778 0.027671 -0.066058
v 0.005546 0.029025 -0.068084
v 0.001391 0.031556 -0.063937
v 0.002735 0.029757 -0.063206
v 0.003945 0.031235 -0.064532
v 0.002723 0.033289 -0.064949
v 0.002689 0.040928 -0.073363
v 0.003897 0.038344 -0.072515
v 0.002698 0.035509 -0.072329
v 0.001371 0.038167 -0.073081
v 0.005735 0.041396 -0.070233
v 0.005526 0.039157 -0.068728
v 0.005754 0.036499 -0.069324
v 0.005518 0.038717 -0.070932
v 0.002721 0.070176 -0.070469
v 0.003932 0.067579 -0.071060
v 0.002719 0.065336 -0.072297
v 0.001387 0.067840 -0.071671
v -0.005735 0.041396 -0.070233
v -0.005518 0.038717 -0.070932
v -0.005754 0.036499 -0.069324
v -0.005526 0.039157 -0.068728
v -0.002988 0.013899 -0.049361
v -0.001538 0.013444 -0.047327
v -0.002699 0.013389 -0.045086
v -0.004367 0.013715 -0.045214
v -0.004545 0.014284 -0.047447
v 0.005784 0.024145 -0.063578
v 0.005574 0.023635 -0.061327
v 0.005787 0.021322 -0.060500
v 0.005560 0.021638 -0.062883
v 0.001400 0.025639 -0.059634
v 0.002748 0.024325 -0.058453
v 0.003968 0.025093 -0.060126
v 0.002745 0.026756 -0.061038
v -0.002709 0.030232 -0.070838
v -0.001383 0.027634 -0.070053
v -0.002721 0.025468 -0.068773
v -0.003925 0.028037 -0.069536
v -0.002732 0.021431 -0.065958
v -0.001395 0.019532 -0.064373
v -0.002737 0.018263 -0.062366
v -0.003948 0.020131 -0.063987
v -0.005769 0.031828 -0.067953
v -0.005546 0.029025 -0.068084
v -0.005778 0.027671 -0.066058
v -0.005558 0.030317 -0.066057
v -0.003993 0.021557 -0.053921
v -0.002810 0.021668 -0.051991
v -0.001414 0.022254 -0.053626
v -0.002754 0.022593 -0.055405
v -0.002745 0.026756 -0.061038
v -0.003968 0.025093 -0.060126
v -0.002748 0.024325 -0.058453
v -0.001400 0.025639 -0.059634
v 0.002745 0.016025 -0.058181
v 0.003974 0.015695 -0.055862
v 0.002791 0.014643 -0.053747
v 0.001410 0.015011 -0.056016
v 0.005792 0.019307 -0.056896
v 0.005593 0.019790 -0.054569
v 0.005826 0.018117 -0.053029
v 0.005579 0.017441 -0.055351
v -0.005784 0.024145 -0.063578
v -0.005560 0.021638 -0.062883
v -0.005787 0.021322 -0.060500
v -0.005574 0.023635 -0.061326
v 0.001414 0.022254 -0.053626
v 0.002810 0.021668 -0.051991
v 0.003993 0.021557 -0.053921
v 0.002754 0.022593 -0.055405
v -0.005953 0.017657 -0.049284
v -0.005890 0.016312 -0.047585
v -0.006274 0.017806 -0.045697
v -0.005953 0.019036 -0.047350
v 0.001594 0.022575 -0.046675
v 0.002885 0.023438 -0.044946
v 0.004502 0.022599 -0.045027
v 0.004671 0.021336 -0.046915
v 0.003051 0.021718 -0.048421
v -0.002745 0.016025 -0.058181
v -0.001410 0.015011 -0.056015
v -0.002791 0.014643 -0.053747
v -0.003974 0.015695 -0.055862
v 0.005953 0.017657 -0.049284
v 0.005953 0.019036 -0.047350
v 0.006274 0.017806 -0.045697
v 0.005890 0.016312 -0.047585
v -0.005792 0.019307 -0.056896
v -0.005579 0.017441 -0.055351
v -0.005826 0.018117 -0.053029
v -0.005593 0.019790 -0.054569
v -0.004671 0.021336 -0.046915
v -0.004502 0.022599 -0.045027
v -0.002885 0.023438 -0.044946
v -0.001594 0.022575 -0.046675
v -0.003051 0.021718 -0.048421
v 0.002988 0.013899 -0.049361
v 0.004545 0.014284 -0.047447
v 0.004367 0.013715 -0.045214
v 0.002699 0.013389 -0.045086
v 0.001538 0.013444 -0.047327
v -0.001816 0.027443 -0.041224
v -0.003145 0.025425 -0.042797
v -0.004827 0.024412 -0.042660
v 0.002700 0.041674 -0.067023
v 0.001378 0.039495 -0.066471
v 0.002711 0.037325 -0.066218
v 0.003912 0.039429 -0.067093
v 0.005612 0.014147 -0.042052
v 0.002267 0.013590 -0.041833
v -0.002267 0.013590 -0.041833
v -0.005612 0.014147 -0.042052
v -0.006608 0.019014 -0.042035
v 0.004827 0.024412 -0.042660
v 0.003145 0.025425 -0.042797
v 0.001816 0.027443 -0.041224
v -0.003938 0.064773 -0.065720
v -0.002722 0.062594 -0.065891
v -0.001388 0.064407 -0.065138
v -0.002724 0.066458 -0.064646
v 0.006608 0.019014 -0.042035
v 0.005295 0.087898 -0.042287
v 0.003238 0.088801 -0.044361
v 0.001752 0.088950 -0.042224
v -0.001752 0.088950 -0.042224
v -0.003238 0.088801 -0.044361
v -0.005295 0.087898 -0.042287
v -0.002719 0.074965 -0.067944
v -0.003929 0.076983 -0.066112
v -0.002719 0.079505 -0.064752
v -0.001385 0.077431 -0.066584
v -0.002722 0.070302 -0.062891
v -0.001386 0.072007 -0.061667
v -0.002723 0.073999 -0.060559
v -0.003937 0.072547 -0.062086
v 0.005775 0.072704 -0.065388
v 0.005549 0.075701 -0.064897
v 0.005775 0.076819 -0.062616
v 0.005556 0.073904 -0.063265
v 0.002719 0.074965 -0.067944
v 0.001385 0.077431 -0.066584
v 0.002719 0.079505 -0.064752
v 0.003929 0.076983 -0.066112
v 0.002722 0.070302 -0.062891
v 0.003937 0.072547 -0.062086
v 0.002723 0.073999 -0.060559
v 0.001386 0.072007 -0.061667
v -0.005775 0.072704 -0.065388
v -0.005556 0.073904 -0.063265
v -0.005775 0.076819 -0.062616
v -0.005549 0.075701 -0.064897
v -0.002728 0.077216 -0.057662
v -0.001392 0.078330 -0.055981
v -0.002738 0.079673 -0.054400
v -0.003950 0.078998 -0.056225
v 0.005778 0.080369 -0.059280
v 0.005553 0.082961 -0.057983
v 0.005782 0.083065 -0.055606
v 0.005564 0.080700 -0.056952
v 0.002722 0.083393 -0.060999
v 0.001388 0.085176 -0.059097
v 0.002726 0.086326 -0.056940
v 0.003935 0.084589 -0.058773
v 0.002728 0.077216 -0.057662
v 0.003950 0.078998 -0.056225
v 0.002738 0.079673 -0.054400
v 0.001392 0.078330 -0.055981
v -0.005778 0.080369 -0.059280
v -0.005564 0.080700 -0.056952
v -0.005782 0.083065 -0.055606
v -0.005553 0.082961 -0.057983
v -0.002722 0.083393 -0.060999
v -0.003935 0.084589 -0.058773
v -0.002726 0.086326 -0.056940
v -0.001388 0.085176 -0.059097
v 0.002736 0.088181 -0.052852
v 0.001407 0.088895 -0.050867
v 0.002809 0.088897 -0.048715
v 0.003975 0.088223 -0.050691
v -0.002736 0.088181 -0.052852
v -0.003975 0.088223 -0.050691
v -0.002809 0.088897 -0.048715
v -0.001407 0.088895 -0.050867
v -0.005807 0.084742 -0.051909
v -0.005659 0.083866 -0.049858
v -0.005961 0.085214 -0.048247
v -0.005608 0.086398 -0.050316
v -0.002772 0.081149 -0.051114
v -0.001440 0.081165 -0.049471
v -0.002921 0.081274 -0.047843
v -0.004059 0.081932 -0.049556
v 0.002772 0.081149 -0.051114
v 0.004059 0.081932 -0.049556
v 0.002921 0.081274 -0.047843
v 0.001440 0.081165 -0.049471
v 0.005807 0.084742 -0.051909
v 0.005608 0.086398 -0.050316
v 0.005961 0.085214 -0.048247
v 0.005659 0.083866 -0.049858
v -0.004972 0.080106 -0.044354
v -0.001791 0.078905 -0.044347
v 0.006566 0.082823 -0.044511
v 0.006348 0.085954 -0.044566
v -0.006348 0.085954 -0.044566
v -0.006566 0.082823 -0.044511
v -0.003932 0.069962 -0.070080
v -0.001387 0.070272 -0.070661
v -0.001386 0.065399 -0.072506
v -0.003929 0.065187 -0.071871
v 0.003886 0.050377 -0.067916
v 0.001369 0.050263 -0.067261
v 0.001371 0.046018 -0.067208
v 0.003892 0.046082 -0.067854
v -0.003913 0.060363 -0.073005
v -0.001380 0.060483 -0.073668
v -0.001372 0.055595 -0.074245
v -0.003891 0.055551 -0.073583
v -0.005555 0.067733 -0.066512
v -0.005550 0.069042 -0.068562
v -0.005542 0.064524 -0.070205
v -0.005548 0.063559 -0.067953
v 0.001387 0.066318 -0.064471
v 0.001387 0.062482 -0.065693
v 0.003935 0.062804 -0.066304
v 0.003938 0.066730 -0.065018
v -0.001381 0.058534 -0.066518
v -0.003919 0.058771 -0.067165
v -0.003897 0.054605 -0.067685
v -0.001373 0.054438 -0.067027
v -0.003879 0.050843 -0.073748
v -0.001366 0.050831 -0.074390
v -0.001366 0.046031 -0.074169
v -0.003882 0.046092 -0.073555
v -0.005525 0.059296 -0.068899
v -0.005520 0.059940 -0.071261
v -0.005491 0.055325 -0.071827
v -0.005496 0.054942 -0.069440
v 0.001380 0.060483 -0.073668
v 0.003913 0.060363 -0.073005
v 0.003891 0.055551 -0.073583
v 0.001372 0.055595 -0.074245
v 0.005550 0.069042 -0.068562
v 0.005555 0.067733 -0.066512
v 0.005548 0.063559 -0.067953
v 0.005542 0.064524 -0.070205
v 0.001380 0.030115 -0.071007
v 0.003918 0.030458 -0.070476
v 0.003933 0.025773 -0.068432
v 0.001387 0.025312 -0.068931
v 0.003919 0.058771 -0.067165
v 0.001381 0.058534 -0.066518
v 0.001373 0.054438 -0.067027
v 0.003897 0.054605 -0.067685
v 0.001366 0.050831 -0.074390
v 0.003879 0.050843 -0.073748
v 0.003882 0.046092 -0.073555
v 0.001366 0.046031 -0.074169
v -0.001369 0.050263 -0.067261
v -0.003886 0.050377 -0.067916
v -0.003892 0.046082 -0.067854
v -0.001371 0.046018 -0.067208
v 0.005520 0.059940 -0.071261
v 0.005525 0.059296 -0.068899
v 0.005496 0.054942 -0.069440
v 0.005491 0.055325 -0.071827
v -0.001387 0.033367 -0.064749
v -0.003936 0.033112 -0.065352
v -0.003952 0.029494 -0.063595
v -0.001394 0.029878 -0.063012
v 0.001393 0.021242 -0.066096
v 0.003944 0.021804 -0.065661
v 0.003951 0.018680 -0.062137
v 0.001397 0.018054 -0.062468
v -0.001375 0.041673 -0.066816
v -0.003905 0.041659 -0.067446
v -0.003920 0.037236 -0.066630
v -0.001381 0.037360 -0.066016
v 0.001791 0.078905 -0.044347
v 0.004972 0.080106 -0.044354
v 0.005479 0.050762 -0.072020
v 0.005484 0.050573 -0.069657
v 0.005496 0.046142 -0.069563
v 0.005489 0.046147 -0.071876
v -0.003892 0.041010 -0.072968
v -0.001369 0.040879 -0.073550
v -0.001374 0.035428 -0.072505
v -0.003904 0.035657 -0.071952
v -0.005484 0.050573 -0.069657
v -0.005479 0.050762 -0.072020
v -0.005489 0.046147 -0.071876
v -0.005496 0.046142 -0.069563
v 0.005540 0.031286 -0.068987
v 0.005551 0.032360 -0.066909
v 0.005564 0.028417 -0.065074
v 0.005551 0.026915 -0.067031
v 0.001387 0.033367 -0.064749
v 0.001394 0.029878 -0.063012
v 0.003952 0.029494 -0.063595
v 0.003936 0.033112 -0.065352
v 0.001369 0.040879 -0.073550
v 0.003892 0.041010 -0.072968
v 0.003904 0.035657 -0.071952
v 0.001374 0.035428 -0.072505
v 0.005508 0.041257 -0.071352
v 0.005516 0.041520 -0.069108
v 0.005535 0.036812 -0.068239
v 0.005526 0.036173 -0.070401
v 0.001387 0.070272 -0.070661
v 0.003932 0.069962 -0.070080
v 0.003929 0.065187 -0.071871
v 0.001386 0.065399 -0.072506
v -0.005516 0.041520 -0.069108
v -0.005508 0.041257 -0.071352
v -0.005526 0.036173 -0.070401
v -0.005535 0.036812 -0.068239
v -0.004230 0.014428 -0.049447
v -0.001526 0.013654 -0.049403
v -0.001386 0.013340 -0.045423
v -0.003764 0.013446 -0.044304
v -0.005104 0.014300 -0.045647
v 0.005558 0.023211 -0.064433
v 0.005572 0.025070 -0.062710
v 0.005576 0.022375 -0.059809
v 0.005561 0.020265 -0.061176
v 0.001399 0.026916 -0.060859
v 0.001401 0.024519 -0.058302
v 0.003969 0.023927 -0.058746
v 0.003964 0.026418 -0.061392
v -0.003918 0.030458 -0.070476
v -0.001380 0.030115 -0.071007
v -0.001387 0.025312 -0.068931
v -0.003933 0.025773 -0.068432
v -0.003944 0.021804 -0.065661
v -0.001393 0.021242 -0.066096
v -0.001397 0.018054 -0.062468
v -0.003951 0.018680 -0.062137
v -0.005551 0.032360 -0.066909
v -0.005540 0.031286 -0.068987
v -0.005551 0.026915 -0.067031
v -0.005564 0.028417 -0.065074
v -0.003975 0.022149 -0.055627
v -0.004036 0.021174 -0.052162
v -0.001438 0.021910 -0.051900
v -0.001404 0.022813 -0.055287
v -0.001399 0.026916 -0.060859
v -0.003964 0.026418 -0.061392
v -0.003969 0.023927 -0.058746
v -0.001401 0.024519 -0.058302
v 0.001401 0.015804 -0.058245
v 0.003959 0.016469 -0.058032
v 0.004009 0.015115 -0.053682
v 0.001429 0.014410 -0.053774
v 0.005567 0.018167 -0.057372
v 0.005581 0.020447 -0.056403
v 0.005622 0.019330 -0.052710
v 0.005603 0.016911 -0.053322
v -0.005572 0.025070 -0.062710
v -0.005558 0.023211 -0.064433
v -0.005561 0.020265 -0.061176
v -0.005576 0.022375 -0.059809
v 0.001404 0.022813 -0.055287
v 0.001438 0.021910 -0.051900
v 0.004036 0.021174 -0.052162
v 0.003975 0.022149 -0.055627
v -0.005783 0.018976 -0.049091
v -0.005742 0.016367 -0.049430
v -0.006120 0.016402 -0.045774
v -0.006175 0.019263 -0.045585
v 0.001559 0.022003 -0.048386
v 0.001486 0.023536 -0.045158
v 0.003945 0.023410 -0.044424
v 0.005232 0.021685 -0.045338
v 0.004307 0.021087 -0.048624
v -0.003959 0.016469 -0.058032
v -0.001401 0.015804 -0.058245
v -0.001429 0.014410 -0.053774
v -0.004009 0.015115 -0.053682
v 0.005742 0.016367 -0.049430
v 0.005783 0.018976 -0.049091
v 0.006175 0.019263 -0.045585
v 0.006120 0.016402 -0.045774
v -0.005581 0.020447 -0.056403
v -0.005567 0.018167 -0.057372
v -0.005603 0.016911 -0.053322
v -0.005622 0.019330 -0.052710
v -0.004307 0.021088 -0.048624
v -0.005232 0.021685 -0.045338
v -0.003945 0.023410 -0.044424
v -0.001486 0.023536 -0.045158
v -0.001559 0.022003 -0.048386
v 0.001526 0.013654 -0.049403
v 0.004230 0.014428 -0.049447
v 0.005104 0.014300 -0.045647
v 0.003764 0.013446 -0.044304
v 0.001386 0.013340 -0.045423
v -0.001637 0.025925 -0.042691
v -0.004109 0.024457 -0.043196
v -0.005630 0.023505 -0.042341
v 0.003905 0.041659 -0.067446
v 0.001375 0.041673 -0.066816
v 0.001381 0.037360 -0.066016
v 0.003920 0.037236 -0.066630
v 0.004918 0.013798 -0.041914
v 0.006169 0.014842 -0.042125
v 0.001160 0.013585 -0.041847
v 0.003273 0.013607 -0.041796
v -0.003273 0.013607 -0.041796
v -0.001160 0.013585 -0.041847
v -0.006169 0.014842 -0.042125
v -0.004918 0.013798 -0.041914
v -0.006453 0.020635 -0.042043
v -0.006658 0.017392 -0.042087
v 0.005630 0.023505 -0.042341
v 0.004109 0.024457 -0.043196
v 0.001637 0.025925 -0.042691
v -0.003938 0.066730 -0.065018
v -0.003935 0.062804 -0.066304
v -0.001387 0.062482 -0.065693
v -0.001387 0.066318 -0.064471
v 0.006658 0.017392 -0.042087
v 0.006453 0.020635 -0.042043
v 0.004596 0.088217 -0.044450
v 0.001646 0.089077 -0.044438
v -0.001646 0.089077 -0.044438
v -0.004596 0.088217 -0.044450
v -0.001386 0.075092 -0.068113
v -0.003930 0.074687 -0.067603
v -0.003930 0.079170 -0.064463
v -0.001386 0.079660 -0.064897
v -0.003937 0.070633 -0.063208
v -0.001386 0.070134 -0.062744
v -0.001387 0.073805 -0.060442
v -0.003938 0.074383 -0.060815
v 0.005555 0.071878 -0.064499
v 0.005549 0.073520 -0.066281
v 0.005549 0.077783 -0.063358
v 0.005557 0.075845 -0.061879
v 0.003930 0.074687 -0.067603
v 0.001386 0.075092 -0.068113
v 0.001386 0.079660 -0.064897
v 0.003930 0.079170 -0.064463
v 0.001386 0.070134 -0.062744
v 0.003937 0.070633 -0.063208
v 0.003938 0.074383 -0.060815
v 0.001387 0.073805 -0.060442
v -0.005549 0.073520 -0.066281
v -0.005555 0.071878 -0.064499
v -0.005557 0.075845 -0.061879
v -0.005549 0.077783 -0.063358
v -0.003945 0.077644 -0.057859
v -0.001390 0.077001 -0.057574
v -0.001395 0.079443 -0.054339
v -0.003957 0.080134 -0.054544
v 0.005561 0.079278 -0.058696
v 0.005551 0.081450 -0.059870
v 0.005555 0.084227 -0.056056
v 0.005568 0.081893 -0.055166
v 0.003933 0.083011 -0.060761
v 0.001387 0.083571 -0.061121
v 0.001390 0.086522 -0.057040
v 0.003938 0.085911 -0.056749
v 0.001390 0.077001 -0.057574
v 0.003945 0.077644 -0.057859
v 0.003957 0.080134 -0.054544
v 0.001395 0.079443 -0.054339
v -0.005551 0.081450 -0.059870
v -0.005561 0.079278 -0.058696
v -0.005568 0.081893 -0.055166
v -0.005555 0.084227 -0.056056
v -0.001387 0.083571 -0.061121
v -0.003933 0.083011 -0.060761
v -0.003938 0.085911 -0.056749
v -0.001390 0.086522 -0.057040
v 0.003951 0.087740 -0.052710
v 0.001396 0.088391 -0.052930
v 0.001436 0.089125 -0.048766
v 0.004043 0.088422 -0.048643
v -0.001396 0.088391 -0.052930
v -0.003951 0.087740 -0.052710
v -0.004043 0.088422 -0.048643
v -0.001436 0.089125 -0.048766
v -0.005573 0.085965 -0.052219
v -0.005603 0.083506 -0.051612
v -0.005786 0.083882 -0.048096
v -0.005700 0.086523 -0.048404
v -0.003999 0.081642 -0.051204
v -0.001414 0.080906 -0.051079
v -0.001496 0.081007 -0.047835
v -0.004188 0.081829 -0.047886
v 0.001414 0.080906 -0.051079
v 0.003999 0.081642 -0.051204
v 0.004188 0.081829 -0.047886
v 0.001496 0.081007 -0.047835
v 0.005603 0.083506 -0.051612
v 0.005573 0.085965 -0.052219
v 0.005700 0.086523 -0.048404
v 0.005786 0.083882 -0.048096
v 0.003655 0.074485 -0.040288
v 0.003898 0.088663 -0.040408
v -0.007595 0.085965 -0.039840
v -0.003898 0.088663 -0.040407
v -0.008371 0.084062 -0.039646
v -0.008921 0.081846 -0.039493
v -0.009174 0.079587 -0.039400
v 0.005894 0.087712 -0.040105
v 0.009171 0.079591 -0.039406
v 0.008919 0.081849 -0.039498
v -0.005895 0.087712 -0.040103
v 0.002052 0.088842 -0.040503
v -0.005692 0.074991 -0.040014
v -0.000000 0.073862 -0.040447
v 0.008370 0.084064 -0.039650
v 0.009016 0.077614 -0.039402
v 0.007595 0.085965 -0.039842
v -0.009021 0.077608 -0.039395
v -0.000000 0.088882 -0.040605
v 0.005695 0.074950 -0.040009
v -0.002052 0.088842 -0.040503
v -0.003649 0.074583 -0.040294
v -0.007601 0.075565 -0.039720
v 0.007591 0.075824 -0.039736
v 0.004009 0.013904 -0.040587
v 0.004015 0.027583 -0.040465
v -0.000000 0.013795 -0.040792
v -0.004009 0.013904 -0.040587
v -0.004016 0.027558 -0.040471
v 0.005150 0.014143 -0.040415
v 0.005956 0.014623 -0.040288
v 0.006958 0.016782 -0.040123
v 0.007045 0.022484 -0.040045
v 0.006974 0.023979 -0.040013
v -0.006474 0.025727 -0.040061
v -0.007045 0.022484 -0.040045
v -0.007080 0.018412 -0.040094
v -0.005956 0.014623 -0.040288
v -0.002261 0.013825 -0.040679
v -0.001151 0.013810 -0.040735
v -0.003295 0.013851 -0.040626
v 0.001151 0.013810 -0.040735
v 0.002261 0.013825 -0.040679
v 0.001826 0.028238 -0.040551
v 0.003295 0.013851 -0.040626
v 0.006475 0.025730 -0.040043
v -0.000000 0.028233 -0.040645
v -0.001826 0.028238 -0.040551
v -0.005150 0.014143 -0.040415
v 0.006581 0.015489 -0.040188
v -0.007076 0.020196 -0.040073
v -0.006958 0.016782 -0.040123
v 0.007081 0.018411 -0.040093
v 0.007076 0.020196 -0.040073
v -0.006974 0.023978 -0.040013
v -0.006581 0.015489 -0.040188
v 0.015356 0.099117 -0.037073
v 0.028374 0.099117 -0.028374
v 0.033365 0.099117 -0.022294
v 0.039356 0.099117 0.007828
v 0.028374 0.099117 0.028374
v 0.007828 0.099117 0.039356
v -0.000000 0.099117 0.040127
v -0.007828 0.099117 0.039356
v -0.022294 0.099117 0.033365
v -0.028374 0.099117 0.028374
v -0.039356 0.099117 0.007828
v -0.039356 0.099117 -0.007828
v -0.037073 0.099117 -0.015356
v -0.022294 0.099117 -0.033365
v -0.015356 0.099117 -0.037073
v 0.007828 0.099117 -0.039356
v 0.000000 0.099117 -0.040127
v 0.022294 0.099117 -0.033365
v 0.037073 0.099117 -0.015356
v 0.039356 0.099117 -0.007828
v 0.040127 0.099117 0.000000
v 0.037073 0.099117 0.015356
v 0.033365 0.099117 0.022294
v 0.022294 0.099117 0.033365
v 0.015356 0.099117 0.037073
v -0.015356 0.099117 0.037073
v -0.033365 0.099117 0.022294
v -0.037073 0.099117 0.015356
v -0.040127 0.099117 -0.000000
v -0.033365 0.099117 -0.022294
v -0.028374 0.099117 -0.028374
v -0.007828 0.099117 -0.039356
v 0.031019 0.099117 -0.025456
v 0.003933 0.099117 0.039934
v -0.003933 0.099117 0.039934
v -0.025456 0.099117 0.031019
v -0.038399 0.099117 -0.011648
v -0.018916 0.099117 -0.035389
v 0.003933 0.099117 -0.039934
v 0.038399 0.099117 -0.011648
v 0.039934 0.099117 -0.003933
v 0.035389 0.099117 0.018916
v 0.018916 0.099117 0.035389
v -0.035389 0.099117 0.018916
v -0.031019 0.099117 -0.025456
v -0.003933 0.099117 -0.039934
v 0.011648 0.099117 -0.038399
v 0.018916 0.099117 -0.035389
v 0.025456 0.099117 -0.031019
v 0.035389 0.099117 -0.018916
v 0.039934 0.099117 0.003933
v 0.038399 0.099117 0.011648
v 0.031019 0.099117 0.025456
v 0.025456 0.099117 0.031019
v 0.011648 0.099117 0.038399
v -0.011648 0.099117 0.038399
v -0.018916 0.099117 0.035389
v -0.031019 0.099117 0.025456
v -0.038399 0.099117 0.011648
v -0.039934 0.099117 0.003933
v -0.039934 0.099117 -0.003933
v -0.035389 0.099117 -0.018916
v -0.025456 0.099117 -0.031019
v -0.011648 0.099117 -0.038399
v 0.015356 0.005279 -0.037073
v 0.028374 0.005279 -0.028374
v 0.033365 0.005279 -0.022294
v 0.039356 0.005279 0.007828
v 0.028374 0.005279 0.028374
v 0.007828 0.005279 0.039356
v -0.000000 0.005279 0.040127
v -0.007828 0.005279 0.039356
v -0.022294 0.005279 0.033365
v -0.028374 0.005279 0.028374
v -0.039356 0.005279 0.007828
v -0.039356 0.005279 -0.007828
v -0.037073 0.005279 -0.015356
v -0.022294 0.005279 -0.033365
v -0.015356 0.005279 -0.037073
v 0.007828 0.005279 -0.039356
v 0.000000 0.005279 -0.040127
v 0.022294 0.005279 -0.033365
v 0.037073 0.005279 -0.015356
v 0.039356 0.005279 -0.007828
v 0.040127 0.005279 0.000000
v 0.037073 0.005279 0.015356
v 0.033365 0.005279 0.022294
v 0.022294 0.005279 0.033365
v 0.015356 0.005279 0.037073
v -0.015356 0.005279 0.037073
v -0.033365 0.005279 0.022294
v -0.037073 0.005279 0.015356
v -0.040127 0.005279 -0.000000
v -0.033365 0.005279 -0.022294
v -0.028374 0.005279 -0.028374
v -0.007828 0.005279 -0.039356
v 0.031019 0.005279 -0.025456
v 0.003933 0.005279 0.039934
v -0.003933 0.005279 0.039934
v -0.025456 0.005279 0.031019
v -0.038399 0.005279 -0.011648
v -0.018916 0.005279 -0.035389
v 0.003933 0.005279 -0.039934
v 0.038399 0.005279 -0.011648
v 0.039934 0.005279 -0.003933
v 0.035389 0.005279 0.018916
v 0.018916 0.005279 0.035389
v -0.035389 0.005279 0.018916
v -0.031019 0.005279 -0.025456
v -0.003933 0.005279 -0.039934
v 0.011648 0.005279 -0.038399
v 0.018916 0.005279 -0.035389
v 0.025456 0.005279 -0.031019
v 0.035389 0.005279 -0.018916
v 0.039934 0.005279 0.003933
v 0.038399 0.005279 0.011648
v 0.031019 0.005279 0.025456
v 0.025456 0.005279 0.031019
v 0.011648 0.005279 0.038399
v -0.011648 0.005279 0.038399
v -0.018916 0.005279 0.035389
v -0.031019 0.005279 0.025456
v -0.038399 0.005279 0.011648
v -0.039934 0.005279 0.003933
v -0.039934 0.005279 -0.003933
v -0.035389 0.005279 -0.018916
v -0.025456 0.005279 -0.031019
v -0.011648 0.005279 -0.038399
v 0.003933 0.013058 -0.039934
v 0.003933 0.029967 -0.039934
v 0.003933 0.072994 -0.039934
v 0.003933 0.089711 -0.039934
v 0.007828 0.014989 -0.039356
v 0.007828 0.027450 -0.039356
v 0.007828 0.074200 -0.039356
v 0.007828 0.087298 -0.039356
v 0.000000 0.089873 -0.040127
v 0.000000 0.072284 -0.040127
v 0.000000 0.030485 -0.040127
v 0.000000 0.012988 -0.040127
v -0.007828 0.015081 -0.039356
v -0.007828 0.027453 -0.039356
v -0.007828 0.074032 -0.039356
v -0.007828 0.087298 -0.039356
v -0.003933 0.013062 -0.039934
v -0.003933 0.029942 -0.039934
v -0.003933 0.073103 -0.039934
v -0.003933 0.089711 -0.039934
v -0.008659 0.086416 -0.039148
v -0.009504 0.084189 -0.038937
v -0.010121 0.081601 -0.038782
v -0.010423 0.078978 -0.038706
v -0.010280 0.076705 -0.038742
v -0.008658 0.074280 -0.039148
v -0.008439 0.025350 -0.039203
v -0.008481 0.023684 -0.039193
v -0.008484 0.020790 -0.039192
v -0.008474 0.018640 -0.039195
v -0.008336 0.016662 -0.039229
v 0.004350 0.073069 -0.039872
v 0.006598 0.073616 -0.039539
v 0.006665 0.088535 -0.039529
v 0.004350 0.089678 -0.039872
v 0.004618 0.013114 -0.039832
v 0.006170 0.013422 -0.039602
v 0.007148 0.014018 -0.039457
v 0.004618 0.029762 -0.039832
v 0.008658 0.074594 -0.039148
v 0.010280 0.076705 -0.038742
v 0.010423 0.078978 -0.038706
v 0.010121 0.081601 -0.038782
v 0.009504 0.084189 -0.038937
v 0.008659 0.086415 -0.039148
v 0.008336 0.016662 -0.039229
v 0.008476 0.018640 -0.039194
v 0.008484 0.020790 -0.039192
v 0.008481 0.023684 -0.039193
v 0.008439 0.025350 -0.039203
v -0.006665 0.088535 -0.039529
v -0.006598 0.073664 -0.039539
v -0.004350 0.073190 -0.039872
v -0.004350 0.089678 -0.039872
v -0.004618 0.029727 -0.039832
v -0.007148 0.014018 -0.039457
v -0.006170 0.013422 -0.039602
v -0.004618 0.013115 -0.039832
v -0.002362 0.089835 -0.040011
v -0.002650 0.013025 -0.039997
v -0.001346 0.013006 -0.040061
v -0.002154 0.030502 -0.040021
v 0.002362 0.089835 -0.040011
v 0.001346 0.013006 -0.040061
v 0.002650 0.013025 -0.039997
v 0.002154 0.030502 -0.040021
v 0.003933 0.073575 -0.039934
v 0.003655 0.074485 -0.040288
v 0.003898 0.088663 -0.040408
v 0.003933 0.089215 -0.039934
v -0.007828 0.086691 -0.039356
v -0.007595 0.085965 -0.039840
v -0.003933 0.089215 -0.039934
v -0.003898 0.088663 -0.040407
v -0.008371 0.084062 -0.039646
v -0.009387 0.082726 -0.038966
v -0.008921 0.081846 -0.039493
v -0.009643 0.081683 -0.038902
v -0.009174 0.079587 -0.039400
v -0.009926 0.079300 -0.038831
v 0.006626 0.087926 -0.039535
v 0.005894 0.087712 -0.040105
v 0.009926 0.079300 -0.038831
v 0.009171 0.079591 -0.039406
v 0.008919 0.081849 -0.039498
v 0.009643 0.081683 -0.038902
v -0.006626 0.087926 -0.039535
v -0.005895 0.087712 -0.040103
v 0.002540 0.089321 -0.040002
v 0.002052 0.088842 -0.040503
v -0.007144 0.074339 -0.039458
v -0.005692 0.074991 -0.040014
v -0.000000 0.073862 -0.040447
v -0.000000 0.072887 -0.040127
v 0.009388 0.082720 -0.038966
v 0.008370 0.084064 -0.039650
v 0.009794 0.077269 -0.038864
v 0.009016 0.077614 -0.039402
v 0.007595 0.085965 -0.039842
v 0.007829 0.086691 -0.039356
v -0.009802 0.077387 -0.038862
v -0.009021 0.077608 -0.039395
v 0.000000 0.089361 -0.040127
v -0.000000 0.088882 -0.040605
v 0.006491 0.074179 -0.039555
v 0.005695 0.074950 -0.040009
v -0.002540 0.089321 -0.040002
v -0.002052 0.088842 -0.040503
v -0.003933 0.073681 -0.039934
v -0.003649 0.074583 -0.040294
v -0.007828 0.074534 -0.039356
v -0.007601 0.075565 -0.039720
v 0.007591 0.075824 -0.039736
v 0.007828 0.074792 -0.039356
v 0.003933 0.013341 -0.039934
v 0.004009 0.013904 -0.040587
v 0.003933 0.028984 -0.039934
v 0.004015 0.027583 -0.040465
v -0.000000 0.013795 -0.040792
v 0.000000 0.013241 -0.040127
v -0.003933 0.013343 -0.039934
v -0.004009 0.013904 -0.040587
v -0.003933 0.028955 -0.039934
v -0.004016 0.027558 -0.040471
v 0.005150 0.014143 -0.040415
v 0.005516 0.013656 -0.039699
v 0.005956 0.014623 -0.040288
v 0.006560 0.014291 -0.039544
v 0.006958 0.016782 -0.040123
v 0.007773 0.016938 -0.039365
v 0.007903 0.023045 -0.039346
v 0.007045 0.022484 -0.040045
v 0.006974 0.023979 -0.040013
v 0.007868 0.024564 -0.039377
v -0.006474 0.025727 -0.040061
v -0.007280 0.026587 -0.039438
v -0.007045 0.022484 -0.040045
v -0.007903 0.023045 -0.039345
v -0.007080 0.018412 -0.040094
v -0.007897 0.018717 -0.039346
v -0.005956 0.014623 -0.040288
v -0.006560 0.014291 -0.039546
v -0.002271 0.013274 -0.040016
v -0.002261 0.013825 -0.040679
v -0.001151 0.013810 -0.040735
v -0.001156 0.013257 -0.040070
v -0.003295 0.013851 -0.040626
v -0.003445 0.013305 -0.039958
v 0.001151 0.013810 -0.040735
v 0.001156 0.013257 -0.040071
v 0.002261 0.013825 -0.040679
v 0.002271 0.013274 -0.040016
v 0.001826 0.028238 -0.040551
v 0.002097 0.029534 -0.040024
v 0.003451 0.013305 -0.039958
v 0.003295 0.013851 -0.040626
v 0.007280 0.026579 -0.039403
v 0.006475 0.025730 -0.040043
v -0.000000 0.029518 -0.040127
v -0.000000 0.028233 -0.040645
v -0.002088 0.029534 -0.040025
v -0.001826 0.028238 -0.040551
v -0.005515 0.013655 -0.039696
v -0.005150 0.014143 -0.040415
v 0.007344 0.015411 -0.039428
v 0.006581 0.015489 -0.040188
v -0.007905 0.020573 -0.039345
v -0.007076 0.020196 -0.040073
v -0.007773 0.016939 -0.039365
v -0.006958 0.016782 -0.040123
v 0.007898 0.018716 -0.039347
v 0.007081 0.018411 -0.040093
v 0.007905 0.020573 -0.039346
v 0.007076 0.020196 -0.040073
v -0.007864 0.024564 -0.039351
v -0.006974 0.023978 -0.040013
v -0.007344 0.015411 -0.039428
v -0.006581 0.015489 -0.040188
v 0.025194 0.069820 -0.025194
v 0.029625 0.069820 -0.019795
v -0.006951 0.069820 -0.034945
v 0.000000 0.069820 -0.035629
v -0.013635 0.069820 0.032917
v -0.019795 0.069820 0.029625
v 0.032917 0.069820 -0.013635
v -0.025194 0.069820 0.025194
v 0.034945 0.069820 -0.006951
v -0.029625 0.069820 0.019795
v 0.035629 0.069820 0.000000
v -0.032917 0.069820 0.013635
v 0.034945 0.069820 0.006951
v -0.034945 0.069820 0.006951
v 0.032917 0.069820 0.013635
v -0.035629 0.069820 -0.000000
v 0.029625 0.069820 0.019795
v -0.034945 0.069820 -0.006951
v 0.025194 0.069820 0.025194
v -0.032917 0.069820 -0.013635
v 0.019795 0.069820 0.029625
v -0.029625 0.069820 -0.019795
v 0.013635 0.069820 0.032917
v 0.006951 0.069820 -0.034945
v -0.025194 0.069820 -0.025194
v 0.006951 0.069820 0.034945
v 0.013635 0.069820 -0.032917
v -0.019795 0.069820 -0.029625
v -0.000000 0.069820 0.035629
v 0.019795 0.069820 -0.029625
v -0.013635 0.069820 -0.032917
v -0.006951 0.069820 0.034945
v 0.014814 0.100538 -0.035764
v 0.015356 0.099117 -0.037073
v 0.014950 0.100482 -0.036092
v 0.015080 0.100340 -0.036406
v 0.015192 0.100116 -0.036676
v 0.015278 0.099823 -0.036883
v 0.015331 0.099482 -0.037013
v 0.028374 0.099117 -0.028374
v 0.027373 0.100538 -0.027373
v 0.028329 0.099482 -0.028329
v 0.028229 0.099823 -0.028229
v 0.028071 0.100116 -0.028071
v 0.027864 0.100340 -0.027864
v 0.027623 0.100482 -0.027623
v 0.032187 0.100538 -0.021507
v 0.033365 0.099117 -0.022294
v 0.032482 0.100482 -0.021704
v 0.032765 0.100340 -0.021893
v 0.033008 0.100116 -0.022055
v 0.033194 0.099823 -0.022180
v 0.033311 0.099482 -0.022258
v 0.037967 0.100538 0.007552
v 0.039356 0.099117 0.007828
v 0.038315 0.100482 0.007621
v 0.038649 0.100340 0.007688
v 0.038935 0.100116 0.007745
v 0.039155 0.099823 0.007788
v 0.039293 0.099482 0.007816
v 0.027373 0.100538 0.027373
v 0.028374 0.099117 0.028374
v 0.027623 0.100482 0.027623
v 0.027864 0.100340 0.027864
v 0.028071 0.100116 0.028071
v 0.028229 0.099823 0.028229
v 0.028329 0.099482 0.028329
v 0.007828 0.099117 0.039356
v 0.007552 0.100538 0.037967
v 0.007816 0.099482 0.039293
v 0.007788 0.099823 0.039155
v 0.007745 0.100116 0.038935
v 0.007688 0.100340 0.038649
v 0.007621 0.100482 0.038315
v -0.000000 0.100538 0.038711
v -0.000000 0.099117 0.040127
v -0.000000 0.100482 0.039065
v -0.000000 0.100340 0.039406
v -0.000000 0.100116 0.039698
v -0.000000 0.099823 0.039922
v -0.000000 0.099482 0.040063
v -0.007552 0.100538 0.037967
v -0.007828 0.099117 0.039356
v -0.007621 0.100482 0.038315
v -0.007688 0.100340 0.038649
v -0.007745 0.100116 0.038935
v -0.007788 0.099823 0.039155
v -0.007816 0.099482 0.039293
v -0.022294 0.099117 0.033365
v -0.021507 0.100538 0.032187
v -0.022258 0.099482 0.033311
v -0.022180 0.099823 0.033194
v -0.022055 0.100116 0.033008
v -0.021893 0.100340 0.032765
v -0.021704 0.100482 0.032482
v -0.027373 0.100538 0.027373
v -0.028374 0.099117 0.028374
v -0.027623 0.100482 0.027623
v -0.027864 0.100340 0.027864
v -0.028071 0.100116 0.028071
v -0.028229 0.099823 0.028229
v -0.028329 0.099482 0.028329
v -0.037967 0.100538 0.007552
v -0.039356 0.099117 0.007828
v -0.038315 0.100482 0.007621
v -0.038649 0.100340 0.007688
v -0.038935 0.100116 0.007745
v -0.039155 0.099823 0.007788
v -0.039293 0.099482 0.007816
v -0.039356 0.099117 -0.007828
v -0.037967 0.100538 -0.007552
v -0.039293 0.099482 -0.007816
v -0.039155 0.099823 -0.007788
v -0.038935 0.100116 -0.007745
v -0.038649 0.100340 -0.007688
v -0.038315 0.100482 -0.007621
v -0.035764 0.100538 -0.014814
v -0.037073 0.099117 -0.015356
v -0.036092 0.100482 -0.014950
v -0.036406 0.100340 -0.015080
v -0.036676 0.100116 -0.015192
v -0.036883 0.099823 -0.015278
v -0.037013 0.099482 -0.015331
v -0.022294 0.099117 -0.033365
v -0.021507 0.100538 -0.032187
v -0.022258 0.099482 -0.033311
v -0.022180 0.099823 -0.033194
v -0.022055 0.100116 -0.033008
v -0.021893 0.100340 -0.032765
v -0.021704 0.100482 -0.032482
v -0.014814 0.100538 -0.035764
v -0.015356 0.099117 -0.037073
v -0.014950 0.100482 -0.036092
v -0.015080 0.100340 -0.036406
v -0.015192 0.100116 -0.036676
v -0.015278 0.099823 -0.036883
v -0.015331 0.099482 -0.037013
v 0.007552 0.100538 -0.037967
v 0.007828 0.099117 -0.039356
v 0.007621 0.100482 -0.038315
v 0.007688 0.100340 -0.038649
v 0.007745 0.100116 -0.038935
v 0.007788 0.099823 -0.039155
v 0.007816 0.099482 -0.039293
v 0.000000 0.099117 -0.040127
v 0.000000 0.100538 -0.038711
v 0.000000 0.099482 -0.040063
v 0.000000 0.099823 -0.039922
v 0.000000 0.100116 -0.039698
v 0.000000 0.100340 -0.039406
v 0.000000 0.100482 -0.039065
v 0.021507 0.100538 -0.032187
v 0.022294 0.099117 -0.033365
v 0.021704 0.100482 -0.032482
v 0.021893 0.100340 -0.032765
v 0.022055 0.100116 -0.033008
v 0.022180 0.099823 -0.033194
v 0.022258 0.099482 -0.033311
v 0.037073 0.099117 -0.015356
v 0.035764 0.100538 -0.014814
v 0.037013 0.099482 -0.015331
v 0.036883 0.099823 -0.015278
v 0.036676 0.100116 -0.015192
v 0.036406 0.100340 -0.015080
v 0.036092 0.100482 -0.014950
v 0.037967 0.100538 -0.007552
v 0.039356 0.099117 -0.007828
v 0.038315 0.100482 -0.007621
v 0.038649 0.100340 -0.007688
v 0.038935 0.100116 -0.007745
v 0.039155 0.099823 -0.007788
v 0.039293 0.099482 -0.007816
v 0.038711 0.100538 0.000000
v 0.040127 0.099117 0.000000
v 0.039065 0.100482 0.000000
v 0.039406 0.100340 0.000000
v 0.039698 0.100116 0.000000
v 0.039922 0.099823 0.000000
v 0.040063 0.099482 0.000000
v 0.037073 0.099117 0.015356
v 0.035764 0.100538 0.014814
v 0.037013 0.099482 0.015331
v 0.036883 0.099823 0.015278
v 0.036676 0.100116 0.015192
v 0.036406 0.100340 0.015080
v 0.036092 0.100482 0.014950
v 0.032187 0.100538 0.021506
v 0.033365 0.099117 0.022294
v 0.032482 0.100482 0.021704
v 0.032765 0.100340 0.021893
v 0.033008 0.100116 0.022055
v 0.033194 0.099823 0.022180
v 0.033311 0.099482 0.022258
v 0.022294 0.099117 0.033365
v 0.021507 0.100538 0.032187
v 0.022258 0.099482 0.033311
v 0.022180 0.099823 0.033194
v 0.022055 0.100116 0.033008
v 0.021893 0.100340 0.032765
v 0.021704 0.100482 0.032482
v 0.014814 0.100538 0.035764
v 0.015356 0.099117 0.037073
v 0.014950 0.100482 0.036092
v 0.015080 0.100340 0.036406
v 0.015192 0.100116 0.036676
v 0.015278 0.099823 0.036883
v 0.015331 0.099482 0.037013
v -0.014814 0.100538 0.035764
v -0.015356 0.099117 0.037073
v -0.014950 0.100482 0.036092
v -0.015080 0.100340 0.036406
v -0.015192 0.100116 0.036676
v -0.015278 0.099823 0.036883
v -0.015331 0.099482 0.037013
v -0.033365 0.099117 0.022294
v -0.032187 0.100538 0.021507
v -0.033311 0.099482 0.022258
v -0.033194 0.099823 0.022180
v -0.033008 0.100116 0.022055
v -0.032765 0.100340 0.021893
v -0.032482 0.100482 0.021704
v -0.035764 0.100538 0.014814
v -0.037073 0.099117 0.015356
v -0.036092 0.100482 0.014950
v -0.036406 0.100340 0.015080
v -0.036676 0.100116 0.015192
v -0.036883 0.099823 0.015278
v -0.037013 0.099482 0.015331
v -0.038711 0.100538 -0.000000
v -0.040127 0.099117 -0.000000
v -0.039065 0.100482 -0.000000
v -0.039406 0.100340 -0.000000
v -0.039698 0.100116 -0.000000
v -0.039922 0.099823 -0.000000
v -0.040063 0.099482 -0.000000
v -0.033365 0.099117 -0.022294
v -0.032187 0.100538 -0.021506
v -0.033311 0.099482 -0.022258
v -0.033194 0.099823 -0.022180
v -0.033008 0.100116 -0.022055
v -0.032765 0.100340 -0.021893
v -0.032482 0.100482 -0.021704
v -0.027373 0.100538 -0.027373
v -0.028374 0.099117 -0.028374
v -0.027623 0.100482 -0.027623
v -0.027864 0.100340 -0.027864
v -0.028071 0.100116 -0.028071
v -0.028229 0.099823 -0.028229
v -0.028329 0.099482 -0.028329
v -0.007828 0.099117 -0.039356
v -0.007552 0.100538 -0.037967
v -0.007816 0.099482 -0.039293
v -0.007788 0.099823 -0.039155
v -0.007745 0.100116 -0.038935
v -0.007688 0.100340 -0.038649
v -0.007621 0.100482 -0.038315
v 0.000000 0.100538 -0.038383
v 0.000000 0.095503 -0.036634
v 0.000000 0.100482 -0.038024
v 0.000000 0.100341 -0.037674
v 0.000000 0.100117 -0.037367
v 0.000000 0.099825 -0.037123
v 0.000000 0.099485 -0.036959
v 0.037645 0.100538 -0.007488
v 0.035930 0.095503 -0.007147
v 0.037294 0.100482 -0.007418
v 0.036950 0.100341 -0.007350
v 0.036649 0.100117 -0.007290
v 0.036410 0.099825 -0.007242
v 0.036249 0.099485 -0.007210
v 0.036634 0.095503 0.000000
v 0.038383 0.100538 0.000000
v 0.036959 0.099485 0.000000
v 0.037123 0.099825 0.000000
v 0.037367 0.100117 0.000000
v 0.037674 0.100341 0.000000
v 0.038024 0.100482 0.000000
v 0.035930 0.095503 0.007147
v 0.037645 0.100538 0.007488
v 0.036249 0.099485 0.007210
v 0.036410 0.099825 0.007242
v 0.036649 0.100117 0.007290
v 0.036950 0.100341 0.007350
v 0.037294 0.100482 0.007418
v 0.033846 0.095503 0.014019
v 0.035461 0.100538 0.014688
v 0.034146 0.099485 0.014144
v 0.034297 0.099825 0.014206
v 0.034523 0.100117 0.014300
v 0.034807 0.100341 0.014417
v 0.035130 0.100482 0.014551
v 0.030460 0.095503 0.020353
v 0.031914 0.100538 0.021324
v 0.030730 0.099485 0.020533
v 0.030867 0.099825 0.020624
v 0.031070 0.100117 0.020760
v 0.031325 0.100341 0.020931
v 0.031616 0.100482 0.021125
v 0.007147 0.095503 0.035930
v 0.007488 0.100538 0.037645
v 0.007210 0.099485 0.036249
v 0.007242 0.099825 0.036410
v 0.007290 0.100117 0.036649
v 0.007350 0.100341 0.036950
v 0.007418 0.100482 0.037294
v -0.020353 0.095503 0.030460
v -0.021324 0.100538 0.031914
v -0.020533 0.099485 0.030730
v -0.020624 0.099825 0.030867
v -0.020760 0.100117 0.031070
v -0.020931 0.100341 0.031325
v -0.021125 0.100482 0.031616
v -0.031914 0.100538 0.021324
v -0.030460 0.095503 0.020353
v -0.031616 0.100482 0.021125
v -0.031325 0.100341 0.020931
v -0.031070 0.100117 0.020760
v -0.030867 0.099825 0.020624
v -0.030730 0.099485 0.020533
v -0.033846 0.095503 0.014019
v -0.035461 0.100538 0.014688
v -0.034146 0.099485 0.014144
v -0.034297 0.099825 0.014206
v -0.034523 0.100117 0.014300
v -0.034807 0.100341 0.014417
v -0.035130 0.100482 0.014551
v -0.033846 0.095503 -0.014019
v -0.035461 0.100538 -0.014688
v -0.034146 0.099485 -0.014144
v -0.034297 0.099825 -0.014206
v -0.034523 0.100117 -0.014300
v -0.034807 0.100341 -0.014417
v -0.035130 0.100482 -0.014551
v -0.025904 0.095503 -0.025904
v -0.027141 0.100538 -0.027141
v -0.026134 0.099485 -0.026134
v -0.026250 0.099825 -0.026250
v -0.026422 0.100117 -0.026422
v -0.026640 0.100341 -0.026640
v -0.026887 0.100482 -0.026887
v 0.007488 0.100538 -0.037645
v 0.007147 0.095503 -0.035930
v 0.007418 0.100482 -0.037294
v 0.007350 0.100341 -0.036950
v 0.007290 0.100117 -0.036649
v 0.007242 0.099825 -0.036410
v 0.007210 0.099485 -0.036249
v 0.014019 0.095503 -0.033846
v 0.014688 0.100538 -0.035461
v 0.014144 0.099485 -0.034146
v 0.014206 0.099825 -0.034297
v 0.014300 0.100117 -0.034523
v 0.014417 0.100341 -0.034807
v 0.014551 0.100482 -0.035130
v 0.030460 0.095503 -0.020353
v 0.031914 0.100538 -0.021324
v 0.030730 0.099485 -0.020533
v 0.030867 0.099825 -0.020624
v 0.031070 0.100117 -0.020760
v 0.031325 0.100341 -0.020931
v 0.031616 0.100482 -0.021125
v 0.027141 0.100538 0.027141
v 0.025904 0.095503 0.025904
v 0.026887 0.100482 0.026887
v 0.026640 0.100341 0.026640
v 0.026422 0.100117 0.026422
v 0.026250 0.099825 0.026250
v 0.026134 0.099485 0.026134
v 0.020353 0.095503 0.030460
v 0.021324 0.100538 0.031914
v 0.020533 0.099485 0.030730
v 0.020624 0.099825 0.030867
v 0.020760 0.100117 0.031070
v 0.020931 0.100341 0.031325
v 0.021125 0.100482 0.031616
v 0.014019 0.095503 0.033846
v 0.014688 0.100538 0.035461
v 0.014144 0.099485 0.034146
v 0.014206 0.099825 0.034297
v 0.014300 0.100117 0.034523
v 0.014417 0.100341 0.034807
v 0.014551 0.100482 0.035130
v -0.007488 0.100538 0.037645
v -0.007147 0.095503 0.035930
v -0.007418 0.100482 0.037294
v -0.007350 0.100341 0.036950
v -0.007290 0.100117 0.036649
v -0.007242 0.099825 0.036410
v -0.007210 0.099485 0.036249
v -0.014019 0.095503 0.033846
v -0.014688 0.100538 0.035461
v -0.014144 0.099485 0.034146
v -0.014206 0.099825 0.034297
v -0.014300 0.100117 0.034523
v -0.014417 0.100341 0.034807
v -0.014551 0.100482 0.035130
v -0.025904 0.095503 0.025904
v -0.027141 0.100538 0.027141
v -0.026134 0.099485 0.026134
v -0.026250 0.099825 0.026250
v -0.026422 0.100117 0.026422
v -0.026640 0.100341 0.026640
v -0.026887 0.100482 0.026887
v -0.035930 0.095503 -0.007147
v -0.037645 0.100538 -0.007488
v -0.036249 0.099485 -0.007210
v -0.036410 0.099825 -0.007242
v -0.036649 0.100117 -0.007290
v -0.036950 0.100341 -0.007350
v -0.037294 0.100482 -0.007418
v -0.020353 0.095503 -0.030460
v -0.021324 0.100538 -0.031914
v -0.020533 0.099485 -0.030730
v -0.020624 0.099825 -0.030867
v -0.020760 0.100117 -0.031070
v -0.020931 0.100341 -0.031325
v -0.021125 0.100482 -0.031616
v -0.007147 0.095503 -0.035930
v -0.007488 0.100538 -0.037645
v -0.007210 0.099485 -0.036249
v -0.007242 0.099825 -0.036410
v -0.007290 0.100117 -0.036649
v -0.007350 0.100341 -0.036950
v -0.007418 0.100482 -0.037294
v 0.021324 0.100538 -0.031914
v 0.020353 0.095503 -0.030460
v 0.021125 0.100482 -0.031616
v 0.020931 0.100341 -0.031325
v 0.020760 0.100117 -0.031070
v 0.020624 0.099825 -0.030867
v 0.020533 0.099485 -0.030730
v 0.025904 0.095503 -0.025904
v 0.027141 0.100538 -0.027141
v 0.026134 0.099485 -0.026134
v 0.026250 0.099825 -0.026250
v 0.026422 0.100117 -0.026422
v 0.026640 0.100341 -0.026640
v 0.026887 0.100482 -0.026887
v 0.033846 0.095503 -0.014019
v 0.035461 0.100538 -0.014688
v 0.034146 0.099485 -0.014144
v 0.034297 0.099825 -0.014206
v 0.034523 0.100117 -0.014300
v 0.034807 0.100341 -0.014417
v 0.035130 0.100482 -0.014551
v -0.000000 0.095503 0.036634
v -0.000000 0.100538 0.038383
v -0.000000 0.099485 0.036959
v -0.000000 0.099825 0.037123
v -0.000000 0.100117 0.037367
v -0.000000 0.100341 0.037674
v -0.000000 0.100482 0.038024
v -0.037645 0.100538 0.007488
v -0.035930 0.095503 0.007147
v -0.037294 0.100482 0.007418
v -0.036950 0.100341 0.007350
v -0.036649 0.100117 0.007290
v -0.036410 0.099825 0.007242
v -0.036249 0.099485 0.007210
v -0.036634 0.095503 -0.000000
v -0.038383 0.100538 -0.000000
v -0.036959 0.099485 -0.000000
v -0.037123 0.099825 -0.000000
v -0.037367 0.100117 -0.000000
v -0.037674 0.100341 -0.000000
v -0.038024 0.100482 -0.000000
v -0.030460 0.095503 -0.020353
v -0.031914 0.100538 -0.021324
v -0.030730 0.099485 -0.020533
v -0.030867 0.099825 -0.020624
v -0.031070 0.100117 -0.020760
v -0.031325 0.100341 -0.020931
v -0.031616 0.100482 -0.021125
v -0.014019 0.095503 -0.033846
v -0.014688 0.100538 -0.035461
v -0.014144 0.099485 -0.034146
v -0.014206 0.099825 -0.034297
v -0.014300 0.100117 -0.034523
v -0.014417 0.100341 -0.034807
v -0.014551 0.100482 -0.035130
v 0.000000 0.005203 -0.036653
v 0.000000 0.004796 -0.038379
v 0.000000 0.004971 -0.037224
v 0.000000 0.004848 -0.037735
v 0.007487 0.004796 -0.037641
v 0.007151 0.005203 -0.035949
v 0.007362 0.004848 -0.037010
v 0.007262 0.004971 -0.036509
v 0.014687 0.004796 -0.035457
v 0.014027 0.005203 -0.033863
v 0.014441 0.004848 -0.034863
v 0.014245 0.004971 -0.034391
v 0.021322 0.004796 -0.031911
v 0.020364 0.005203 -0.030476
v 0.020964 0.004848 -0.031375
v 0.020681 0.004971 -0.030951
v 0.027138 0.004796 -0.027138
v 0.025918 0.005203 -0.025918
v 0.026683 0.004848 -0.026683
v 0.026322 0.004971 -0.026322
v 0.031911 0.004796 -0.021322
v 0.030476 0.005203 -0.020364
v 0.031375 0.004848 -0.020964
v 0.030951 0.004971 -0.020681
v 0.035457 0.004796 -0.014687
v 0.033863 0.005203 -0.014027
v 0.034863 0.004848 -0.014441
v 0.034391 0.004971 -0.014245
v 0.037641 0.004796 -0.007487
v 0.035949 0.005203 -0.007151
v 0.037010 0.004848 -0.007362
v 0.036509 0.004971 -0.007262
v 0.038379 0.004796 0.000000
v 0.036653 0.005203 0.000000
v 0.037735 0.004848 0.000000
v 0.037224 0.004971 0.000000
v 0.037641 0.004796 0.007487
v 0.035949 0.005203 0.007151
v 0.037010 0.004848 0.007362
v 0.036509 0.004971 0.007262
v 0.035457 0.004796 0.014687
v 0.033863 0.005203 0.014027
v 0.034863 0.004848 0.014441
v 0.034391 0.004971 0.014245
v 0.031911 0.004796 0.021322
v 0.030476 0.005203 0.020364
v 0.031375 0.004848 0.020964
v 0.030951 0.004971 0.020681
v 0.027138 0.004796 0.027138
v 0.025918 0.005203 0.025918
v 0.026683 0.004848 0.026683
v 0.026322 0.004971 0.026322
v 0.021322 0.004796 0.031911
v 0.020364 0.005203 0.030476
v 0.020964 0.004848 0.031375
v 0.020681 0.004971 0.030951
v 0.014687 0.004796 0.035457
v 0.014027 0.005203 0.033863
v 0.014441 0.004848 0.034863
v 0.014245 0.004971 0.034391
v 0.007487 0.004796 0.037641
v 0.007151 0.005203 0.035949
v 0.007362 0.004848 0.037010
v 0.007262 0.004971 0.036509
v -0.000000 0.004796 0.038379
v -0.000000 0.005203 0.036653
v -0.000000 0.004848 0.037735
v -0.000000 0.004971 0.037224
v -0.007487 0.004796 0.037641
v -0.007151 0.005203 0.035949
v -0.007362 0.004848 0.037010
v -0.007262 0.004971 0.036509
v -0.014687 0.004796 0.035457
v -0.014027 0.005203 0.033863
v -0.014441 0.004848 0.034863
v -0.014245 0.004971 0.034391
v -0.021322 0.004796 0.031911
v -0.020364 0.005203 0.030476
v -0.020964 0.004848 0.031375
v -0.020681 0.004971 0.030951
v -0.027138 0.004796 0.027138
v -0.025918 0.005203 0.025918
v -0.026683 0.004848 0.026683
v -0.026322 0.004971 0.026322
v -0.031911 0.004796 0.021322
v -0.030476 0.005203 0.020364
v -0.031375 0.004848 0.020964
v -0.030951 0.004971 0.020681
v -0.035457 0.004796 0.014687
v -0.033863 0.005203 0.014027
v -0.034863 0.004848 0.014441
v -0.034391 0.004971 0.014245
v -0.037641 0.004796 0.007487
v -0.035949 0.005203 0.007151
v -0.037010 0.004848 0.007362
v -0.036509 0.004971 0.007262
v -0.038379 0.004796 -0.000000
v -0.036653 0.005203 -0.000000
v -0.037735 0.004848 -0.000000
v -0.037224 0.004971 -0.000000
v -0.037641 0.004796 -0.007487
v -0.035949 0.005203 -0.007151
v -0.037010 0.004848 -0.007362
v -0.036509 0.004971 -0.007262
v -0.035457 0.004796 -0.014687
v -0.033863 0.005203 -0.014027
v -0.034863 0.004848 -0.014441
v -0.034391 0.004971 -0.014245
v -0.031911 0.004796 -0.021322
v -0.030476 0.005203 -0.020364
v -0.031375 0.004848 -0.020964
v -0.030951 0.004971 -0.020681
v -0.027138 0.004796 -0.027138
v -0.025918 0.005203 -0.025918
v -0.026683 0.004848 -0.026683
v -0.026322 0.004971 -0.026322
v -0.021322 0.004796 -0.031911
v -0.020364 0.005203 -0.030476
v -0.020964 0.004848 -0.031375
v -0.020681 0.004971 -0.030951
v -0.014687 0.004796 -0.035457
v -0.014027 0.005203 -0.033863
v -0.014441 0.004848 -0.034863
v -0.014245 0.004971 -0.034391
v -0.007487 0.004796 -0.037641
v -0.007151 0.005203 -0.035949
v -0.007362 0.004848 -0.037010
v -0.007262 0.004971 -0.036509
v 0.000000 0.006133 -0.028275
v 0.000000 0.005643 -0.035750
v 0.000000 0.006071 -0.034415
v 0.000000 0.005914 -0.035070
v 0.006974 0.005643 -0.035063
v 0.005516 0.006133 -0.027732
v 0.006842 0.005914 -0.034396
v 0.006714 0.006071 -0.033754
v 0.013681 0.005643 -0.033028
v 0.010821 0.006133 -0.026123
v 0.013421 0.005914 -0.032400
v 0.013170 0.006071 -0.031795
v 0.019862 0.005643 -0.029725
v 0.015709 0.006133 -0.023510
v 0.019484 0.005914 -0.029159
v 0.019120 0.006071 -0.028615
v 0.025279 0.005643 -0.025279
v 0.019994 0.006133 -0.019994
v 0.024798 0.005914 -0.024798
v 0.024335 0.006071 -0.024335
v 0.029725 0.005643 -0.019862
v 0.023510 0.006133 -0.015709
v 0.029159 0.005914 -0.019484
v 0.028615 0.006071 -0.019120
v 0.033028 0.005643 -0.013681
v 0.026123 0.006133 -0.010821
v 0.032400 0.005914 -0.013421
v 0.031795 0.006071 -0.013170
v 0.035063 0.005643 -0.006974
v 0.027732 0.006133 -0.005516
v 0.034396 0.005914 -0.006842
v 0.033754 0.006071 -0.006714
v 0.035750 0.005643 0.000000
v 0.028275 0.006133 0.000000
v 0.035070 0.005914 0.000000
v 0.034415 0.006071 0.000000
v 0.035063 0.005643 0.006974
v 0.027732 0.006133 0.005516
v 0.034396 0.005914 0.006842
v 0.033754 0.006071 0.006714
v 0.033028 0.005643 0.013681
v 0.026123 0.006133 0.010821
v 0.032400 0.005914 0.013421
v 0.031795 0.006071 0.013170
v 0.029725 0.005643 0.019862
v 0.023510 0.006133 0.015709
v 0.029159 0.005914 0.019484
v 0.028615 0.006071 0.019120
v 0.025279 0.005643 0.025279
v 0.019994 0.006133 0.019994
v 0.024798 0.005914 0.024798
v 0.024335 0.006071 0.024335
v 0.019862 0.005643 0.029725
v 0.015709 0.006133 0.023510
v 0.019484 0.005914 0.029159
v 0.019120 0.006071 0.028615
v 0.013681 0.005643 0.033028
v 0.010821 0.006133 0.026123
v 0.013421 0.005914 0.032400
v 0.013170 0.006071 0.031795
v 0.006974 0.005643 0.035063
v 0.005516 0.006133 0.027732
v 0.006842 0.005914 0.034396
v 0.006714 0.006071 0.033754
v -0.000000 0.005643 0.035750
v -0.000000 0.006133 0.028275
v -0.000000 0.005914 0.035070
v -0.000000 0.006071 0.034415
v -0.006974 0.005643 0.035063
v -0.005516 0.006133 0.027732
v -0.006842 0.005914 0.034396
v -0.006714 0.006071 0.033754
v -0.013681 0.005643 0.033028
v -0.010821 0.006133 0.026123
v -0.013421 0.005914 0.032400
v -0.013170 0.006071 0.031795
v -0.019862 0.005643 0.029725
v -0.015709 0.006133 0.023510
v -0.019484 0.005914 0.029159
v -0.019120 0.006071 0.028615
v -0.025279 0.005643 0.025279
v -0.019994 0.006133 0.019994
v -0.024798 0.005914 0.024798
v -0.024335 0.006071 0.024335
v -0.029725 0.005643 0.019862
v -0.023510 0.006133 0.015709
v -0.029159 0.005914 0.019484
v -0.028615 0.006071 0.019120
v -0.033028 0.005643 0.013681
v -0.026123 0.006133 0.010821
v -0.032400 0.005914 0.013421
v -0.031795 0.006071 0.013170
v -0.035063 0.005643 0.006974
v -0.027732 0.006133 0.005516
v -0.034396 0.005914 0.006842
v -0.033754 0.006071 0.006714
v -0.035750 0.005643 -0.000000
v -0.028275 0.006133 -0.000000
v -0.035070 0.005914 -0.000000
v -0.034415 0.006071 -0.000000
v -0.035063 0.005643 -0.006974
v -0.027732 0.006133 -0.005516
v -0.034396 0.005914 -0.006842
v -0.033754 0.006071 -0.006714
v -0.033028 0.005643 -0.013681
v -0.026123 0.006133 -0.010821
v -0.032400 0.005914 -0.013421
v -0.031795 0.006071 -0.013170
v -0.029725 0.005643 -0.019861
v -0.023510 0.006133 -0.015709
v -0.029159 0.005914 -0.019484
v -0.028615 0.006071 -0.019120
v -0.025279 0.005643 -0.025279
v -0.019994 0.006133 -0.019994
v -0.024798 0.005914 -0.024798
v -0.024335 0.006071 -0.024335
v -0.019862 0.005643 -0.029725
v -0.015709 0.006133 -0.023510
v -0.019484 0.005914 -0.029159
v -0.019120 0.006071 -0.028615
v -0.013681 0.005643 -0.033028
v -0.010821 0.006133 -0.026123
v -0.013421 0.005914 -0.032400
v -0.013170 0.006071 -0.031795
v -0.006974 0.005643 -0.035063
v -0.005516 0.006133 -0.027732
v -0.006842 0.005914 -0.034396
v -0.006714 0.006071 -0.033754
v 0.000000 0.004799 -0.039442
v 0.000000 0.005279 -0.040127
v 0.000000 0.004873 -0.039871
v 0.000000 0.005044 -0.040042
v 0.007828 0.005279 -0.039356
v 0.007695 0.004799 -0.038684
v 0.007812 0.005044 -0.039273
v 0.007778 0.004873 -0.039104
v 0.015356 0.005279 -0.037073
v 0.015094 0.004799 -0.036440
v 0.015323 0.005044 -0.036994
v 0.015258 0.004873 -0.036836
v 0.022294 0.005279 -0.033365
v 0.021913 0.004799 -0.032795
v 0.022246 0.005044 -0.033294
v 0.022151 0.004873 -0.033151
v 0.039442 0.004799 0.000000
v 0.040127 0.005279 0.000000
v 0.039871 0.004873 0.000000
v 0.040042 0.005044 0.000000
v 0.039356 0.005279 0.007828
v 0.038684 0.004799 0.007695
v 0.039273 0.005044 0.007812
v 0.039104 0.004873 0.007778
v 0.033365 0.005279 0.022294
v 0.032795 0.004799 0.021913
v 0.033294 0.005044 0.022246
v 0.033151 0.004873 0.022151
v 0.007828 0.005279 0.039356
v 0.007695 0.004799 0.038684
v 0.007812 0.005044 0.039273
v 0.007778 0.004873 0.039104
v -0.007695 0.004799 0.038684
v -0.007828 0.005279 0.039356
v -0.007778 0.004873 0.039104
v -0.007812 0.005044 0.039273
v -0.015356 0.005279 0.037073
v -0.015094 0.004799 0.036440
v -0.015323 0.005044 0.036994
v -0.015258 0.004873 0.036836
v -0.022294 0.005279 0.033365
v -0.021913 0.004799 0.032795
v -0.022246 0.005044 0.033294
v -0.022151 0.004873 0.033151
v -0.028374 0.005279 0.028374
v -0.027890 0.004799 0.027890
v -0.028314 0.005044 0.028314
v -0.028193 0.004873 0.028193
v -0.033365 0.005279 0.022294
v -0.032795 0.004799 0.021913
v -0.033294 0.005044 0.022246
v -0.033151 0.004873 0.022151
v -0.037073 0.005279 0.015356
v -0.036440 0.004799 0.015094
v -0.036994 0.005044 0.015323
v -0.036836 0.004873 0.015258
v -0.039356 0.005279 0.007828
v -0.038684 0.004799 0.007695
v -0.039273 0.005044 0.007812
v -0.039104 0.004873 0.007778
v -0.040127 0.005279 -0.000000
v -0.039442 0.004799 -0.000000
v -0.040042 0.005044 -0.000000
v -0.039871 0.004873 -0.000000
v -0.039356 0.005279 -0.007828
v -0.038684 0.004799 -0.007695
v -0.039273 0.005044 -0.007812
v -0.039104 0.004873 -0.007778
v -0.037073 0.005279 -0.015356
v -0.036440 0.004799 -0.015094
v -0.036994 0.005044 -0.015323
v -0.036836 0.004873 -0.015258
v -0.033365 0.005279 -0.022294
v -0.032795 0.004799 -0.021913
v -0.033294 0.005044 -0.022246
v -0.033151 0.004873 -0.022151
v -0.015094 0.004799 -0.036440
v -0.015356 0.005279 -0.037073
v -0.015258 0.004873 -0.036836
v -0.015323 0.005044 -0.036994
v -0.007828 0.005279 -0.039356
v -0.007695 0.004799 -0.038684
v -0.007812 0.005044 -0.039273
v -0.007778 0.004873 -0.039104
v 0.027890 0.004799 -0.027890
v 0.028374 0.005279 -0.028374
v 0.028193 0.004873 -0.028193
v 0.028314 0.005044 -0.028314
v 0.033365 0.005279 -0.022294
v 0.032795 0.004799 -0.021913
v 0.033294 0.005044 -0.022246
v 0.033151 0.004873 -0.022151
v 0.037073 0.005279 -0.015356
v 0.036440 0.004799 -0.015094
v 0.036994 0.005044 -0.015323
v 0.036836 0.004873 -0.015258
v 0.039356 0.005279 -0.007828
v 0.038684 0.004799 -0.007695
v 0.039273 0.005044 -0.007812
v 0.039104 0.004873 -0.007778
v 0.037073 0.005279 0.015356
v 0.036440 0.004799 0.015094
v 0.036994 0.005044 0.015323
v 0.036836 0.004873 0.015258
v 0.027890 0.004799 0.027890
v 0.028374 0.005279 0.028374
v 0.028193 0.004873 0.028193
v 0.028314 0.005044 0.028314
v 0.022294 0.005279 0.033365
v 0.021913 0.004799 0.032795
v 0.022246 0.005044 0.033294
v 0.022151 0.004873 0.033151
v 0.015356 0.005279 0.037073
v 0.015094 0.004799 0.036440
v 0.015323 0.005044 0.036994
v 0.015258 0.004873 0.036836
v -0.000000 0.005279 0.040127
v -0.000000 0.004799 0.039442
v -0.000000 0.005044 0.040042
v -0.000000 0.004873 0.039871
v -0.027890 0.004799 -0.027890
v -0.028374 0.005279 -0.028374
v -0.028193 0.004873 -0.028193
v -0.028314 0.005044 -0.028314
v -0.022294 0.005279 -0.033365
v -0.021913 0.004799 -0.032795
v -0.022246 0.005044 -0.033294
v -0.022151 0.004873 -0.033151
v 0.005510 0.009956 -0.027702
v 0.006895 0.022367 -0.034664
v 0.006729 0.010193 -0.033831
v 0.006845 0.010787 -0.034414
v 0.000000 0.022367 -0.035343
v 0.000000 0.009956 -0.028245
v 0.000000 0.010787 -0.035088
v 0.000000 0.010193 -0.034494
v 0.010809 0.009956 -0.026095
v 0.013525 0.022367 -0.032653
v 0.013200 0.010193 -0.031868
v 0.013428 0.010787 -0.032417
v 0.015692 0.009956 -0.023485
v 0.019636 0.022367 -0.029387
v 0.019164 0.010193 -0.028681
v 0.019494 0.010787 -0.029174
v 0.019972 0.009956 -0.019972
v 0.024991 0.022367 -0.024991
v 0.024391 0.010193 -0.024391
v 0.024811 0.010787 -0.024811
v 0.023485 0.009956 -0.015692
v 0.029387 0.022367 -0.019636
v 0.028681 0.010193 -0.019164
v 0.029174 0.010787 -0.019494
v 0.026095 0.009956 -0.010809
v 0.032653 0.022367 -0.013525
v 0.031868 0.010193 -0.013200
v 0.032417 0.010787 -0.013428
v 0.027702 0.009956 -0.005510
v 0.034664 0.022367 -0.006895
v 0.033831 0.010193 -0.006729
v 0.034414 0.010787 -0.006845
v 0.028245 0.009956 -0.000000
v 0.035343 0.022367 0.000000
v 0.034494 0.010193 -0.000000
v 0.035088 0.010787 0.000000
v 0.027702 0.009956 0.005510
v 0.034664 0.022367 0.006895
v 0.033831 0.010193 0.006729
v 0.034414 0.010787 0.006845
v 0.026095 0.009956 0.010809
v 0.032653 0.022367 0.013525
v 0.031868 0.010193 0.013200
v 0.032417 0.010787 0.013428
v 0.023485 0.009956 0.015692
v 0.029387 0.022367 0.019636
v 0.028681 0.010193 0.019164
v 0.029174 0.010787 0.019494
v 0.019972 0.009956 0.019972
v 0.024991 0.022367 0.024991
v 0.024391 0.010193 0.024391
v 0.024811 0.010787 0.024811
v 0.015692 0.009956 0.023485
v 0.019636 0.022367 0.029387
v 0.019164 0.010193 0.028681
v 0.019494 0.010787 0.029174
v 0.010809 0.009956 0.026095
v 0.013525 0.022367 0.032653
v 0.013200 0.010193 0.031868
v 0.013428 0.010787 0.032417
v 0.005510 0.009956 0.027702
v 0.006895 0.022367 0.034664
v 0.006729 0.010193 0.033831
v 0.006845 0.010787 0.034414
v -0.000000 0.009956 0.028245
v -0.000000 0.022367 0.035343
v -0.000000 0.010193 0.034494
v -0.000000 0.010787 0.035088
v -0.005510 0.009956 0.027702
v -0.006895 0.022367 0.034664
v -0.006729 0.010193 0.033831
v -0.006845 0.010787 0.034414
v -0.010809 0.009956 0.026095
v -0.013525 0.022367 0.032653
v -0.013200 0.010193 0.031868
v -0.013428 0.010787 0.032417
v -0.015692 0.009956 0.023485
v -0.019636 0.022367 0.029387
v -0.019164 0.010193 0.028681
v -0.019494 0.010787 0.029174
v -0.019972 0.009956 0.019972
v -0.024991 0.022367 0.024991
v -0.024391 0.010193 0.024391
v -0.024811 0.010787 0.024811
v -0.023485 0.009956 0.015692
v -0.029387 0.022367 0.019636
v -0.028681 0.010193 0.019164
v -0.029174 0.010787 0.019494
v -0.026095 0.009956 0.010809
v -0.032653 0.022367 0.013525
v -0.031868 0.010193 0.013200
v -0.032417 0.010787 0.013428
v -0.027702 0.009956 0.005510
v -0.034664 0.022367 0.006895
v -0.033831 0.010193 0.006729
v -0.034414 0.010787 0.006845
v -0.028245 0.009956 -0.000000
v -0.035343 0.022367 -0.000000
v -0.034494 0.010193 -0.000000
v -0.035088 0.010787 -0.000000
v -0.027702 0.009956 -0.005510
v -0.034664 0.022367 -0.006895
v -0.033831 0.010193 -0.006729
v -0.034414 0.010787 -0.006845
v -0.026095 0.009956 -0.010809
v -0.032653 0.022367 -0.013525
v -0.031868 0.010193 -0.013200
v -0.032417 0.010787 -0.013428
v -0.023485 0.009956 -0.015692
v -0.029387 0.022367 -0.019636
v -0.028681 0.010193 -0.019164
v -0.029174 0.010787 -0.019494
v -0.019972 0.009956 -0.019972
v -0.024991 0.022367 -0.024991
v -0.024391 0.010193 -0.024391
v -0.024811 0.010787 -0.024811
v -0.015692 0.009956 -0.023485
v -0.019636 0.022367 -0.029387
v -0.019164 0.010193 -0.028681
v -0.019494 0.010787 -0.029174
v -0.010809 0.009956 -0.026095
v -0.013525 0.022367 -0.032653
v -0.013200 0.010193 -0.031868
v -0.013428 0.010787 -0.032417
v -0.005510 0.009956 -0.027702
v -0.006895 0.022367 -0.034664
v -0.006729 0.010193 -0.033831
v -0.006845 0.010787 -0.034414
v -0.010343 0.069820 0.034095
v -0.010343 0.069820 -0.034095
v 0.022603 0.069820 -0.027542
v -0.003492 0.069820 0.035458
v -0.016795 0.069820 -0.031422
v 0.016795 0.069820 -0.031422
v 0.003492 0.069820 0.035458
v -0.022603 0.069820 -0.027542
v 0.010343 0.069820 -0.034095
v 0.010343 0.069820 0.034095
v -0.027542 0.069820 -0.022603
v 0.003492 0.069820 -0.035458
v 0.016795 0.069820 0.031422
v -0.031422 0.069820 -0.016795
v 0.022603 0.069820 0.027542
v -0.034095 0.069820 -0.010343
v 0.027542 0.069820 0.022603
v -0.035458 0.069820 -0.003492
v 0.031422 0.069820 0.016795
v -0.035458 0.069820 0.003492
v 0.034095 0.069820 0.010343
v -0.034095 0.069820 0.010343
v 0.035458 0.069820 0.003492
v -0.031422 0.069820 0.016795
v 0.035458 0.069820 -0.003492
v -0.027542 0.069820 0.022603
v 0.034095 0.069820 -0.010343
v -0.022603 0.069820 0.027542
v 0.031422 0.069820 -0.016795
v -0.016795 0.069820 0.031422
v -0.003492 0.069820 -0.035458
v 0.027542 0.069820 -0.022603
v 0.033343 0.099301 -0.022279
v 0.031019 0.099117 -0.025456
v 0.028356 0.099301 -0.028356
v 0.030969 0.099482 -0.025416
v 0.033262 0.099657 -0.022225
v 0.028287 0.099657 -0.028287
v 0.030860 0.099823 -0.025326
v 0.033109 0.099977 -0.022123
v 0.028157 0.099977 -0.028157
v 0.030687 0.100116 -0.025184
v 0.032892 0.100238 -0.021978
v 0.027973 0.100238 -0.027973
v 0.030461 0.100340 -0.024999
v 0.032627 0.100422 -0.021801
v 0.027747 0.100422 -0.027747
v 0.030198 0.100482 -0.024783
v 0.032332 0.100519 -0.021604
v 0.027496 0.100519 -0.027496
v 0.029924 0.100538 -0.024558
v -0.000000 0.099301 0.040101
v 0.003933 0.099117 0.039934
v 0.007823 0.099301 0.039331
v 0.003927 0.099482 0.039870
v -0.000000 0.099657 0.040004
v 0.007804 0.099657 0.039235
v 0.003913 0.099823 0.039730
v -0.000000 0.099977 0.039820
v 0.007768 0.099977 0.039054
v 0.003891 0.100116 0.039507
v -0.000000 0.100238 0.039559
v 0.007718 0.100238 0.038799
v 0.003862 0.100340 0.039216
v -0.000000 0.100422 0.039240
v 0.007655 0.100422 0.038486
v 0.003829 0.100482 0.038877
v -0.000000 0.100519 0.038886
v 0.007586 0.100519 0.038139
v 0.003794 0.100538 0.038524
v -0.007823 0.099301 0.039331
v -0.003933 0.099117 0.039934
v -0.003927 0.099482 0.039870
v -0.007804 0.099657 0.039235
v -0.003913 0.099823 0.039730
v -0.007768 0.099977 0.039054
v -0.003891 0.100116 0.039507
v -0.007718 0.100238 0.038799
v -0.003862 0.100340 0.039216
v -0.007655 0.100422 0.038486
v -0.003829 0.100482 0.038877
v -0.007586 0.100519 0.038139
v -0.003794 0.100538 0.038524
v -0.028356 0.099301 0.028356
v -0.025456 0.099117 0.031019
v -0.022279 0.099301 0.033343
v -0.025416 0.099482 0.030969
v -0.028287 0.099657 0.028287
v -0.022225 0.099657 0.033262
v -0.025326 0.099823 0.030860
v -0.028157 0.099977 0.028157
v -0.022123 0.099977 0.033109
v -0.025184 0.100116 0.030687
v -0.027973 0.100238 0.027973
v -0.021978 0.100238 0.032892
v -0.024999 0.100340 0.030461
v -0.027747 0.100422 0.027747
v -0.021801 0.100422 0.032627
v -0.024783 0.100482 0.030198
v -0.027496 0.100519 0.027496
v -0.021604 0.100519 0.032332
v -0.024558 0.100538 0.029924
v -0.037049 0.099301 -0.015346
v -0.038399 0.099117 -0.011648
v -0.039331 0.099301 -0.007823
v -0.038338 0.099482 -0.011630
v -0.036959 0.099657 -0.015309
v -0.039235 0.099657 -0.007804
v -0.038203 0.099823 -0.011589
v -0.036788 0.099977 -0.015238
v -0.039054 0.099977 -0.007768
v -0.037988 0.100116 -0.011524
v -0.036548 0.100238 -0.015139
v -0.038799 0.100238 -0.007718
v -0.037709 0.100340 -0.011439
v -0.036253 0.100422 -0.015017
v -0.038486 0.100422 -0.007655
v -0.037383 0.100482 -0.011340
v -0.035926 0.100519 -0.014881
v -0.038139 0.100519 -0.007586
v -0.037044 0.100538 -0.011237
v -0.015346 0.099301 -0.037049
v -0.018916 0.099117 -0.035389
v -0.022279 0.099301 -0.033343
v -0.018886 0.099482 -0.035332
v -0.015309 0.099657 -0.036959
v -0.022225 0.099657 -0.033262
v -0.018819 0.099823 -0.035208
v -0.015238 0.099977 -0.036788
v -0.022123 0.099977 -0.033109
v -0.018713 0.100116 -0.035010
v -0.015139 0.100238 -0.036548
v -0.021978 0.100238 -0.032892
v -0.018576 0.100340 -0.034753
v -0.015017 0.100422 -0.036253
v -0.021801 0.100422 -0.032627
v -0.018415 0.100482 -0.034452
v -0.014881 0.100519 -0.035926
v -0.021604 0.100519 -0.032332
v -0.018248 0.100538 -0.034140
v 0.007823 0.099301 -0.039331
v 0.003933 0.099117 -0.039934
v 0.000000 0.099301 -0.040101
v 0.003927 0.099482 -0.039870
v 0.007804 0.099657 -0.039235
v 0.000000 0.099657 -0.040004
v 0.003913 0.099823 -0.039730
v 0.007768 0.099977 -0.039054
v 0.000000 0.099977 -0.039820
v 0.003891 0.100116 -0.039507
v 0.007718 0.100238 -0.038799
v 0.000000 0.100238 -0.039559
v 0.003862 0.100340 -0.039216
v 0.007655 0.100422 -0.038486
v 0.000000 0.100422 -0.039240
v 0.003829 0.100482 -0.038877
v 0.007586 0.100519 -0.038139
v 0.000000 0.100519 -0.038886
v 0.003794 0.100538 -0.038524
v 0.039331 0.099301 -0.007823
v 0.038399 0.099117 -0.011648
v 0.037049 0.099301 -0.015346
v 0.038338 0.099482 -0.011630
v 0.039235 0.099657 -0.007804
v 0.036959 0.099657 -0.015309
v 0.038203 0.099823 -0.011589
v 0.039054 0.099977 -0.007768
v 0.036788 0.099977 -0.015238
v 0.037988 0.100116 -0.011524
v 0.038799 0.100238 -0.007718
v 0.036548 0.100238 -0.015139
v 0.037709 0.100340 -0.011439
v 0.038486 0.100422 -0.007655
v 0.036253 0.100422 -0.015017
v 0.037383 0.100482 -0.011340
v 0.038139 0.100519 -0.007586
v 0.035926 0.100519 -0.014881
v 0.037044 0.100538 -0.011237
v 0.040101 0.099301 0.000000
v 0.039934 0.099117 -0.003933
v 0.039870 0.099482 -0.003927
v 0.040004 0.099657 0.000000
v 0.039730 0.099823 -0.003913
v 0.039820 0.099977 0.000000
v 0.039507 0.100116 -0.003891
v 0.039559 0.100238 0.000000
v 0.039216 0.100340 -0.003862
v 0.039240 0.100422 0.000000
v 0.038877 0.100482 -0.003829
v 0.038886 0.100519 0.000000
v 0.038524 0.100538 -0.003794
v 0.033343 0.099301 0.022279
v 0.035389 0.099117 0.018916
v 0.037049 0.099301 0.015346
v 0.035332 0.099482 0.018886
v 0.033262 0.099657 0.022225
v 0.036959 0.099657 0.015309
v 0.035208 0.099823 0.018819
v 0.033109 0.099977 0.022123
v 0.036788 0.099977 0.015238
v 0.035010 0.100116 0.018713
v 0.032892 0.100238 0.021978
v 0.036548 0.100238 0.015139
v 0.034753 0.100340 0.018576
v 0.032627 0.100422 0.021801
v 0.036253 0.100422 0.015017
v 0.034452 0.100482 0.018415
v 0.032332 0.100519 0.021604
v 0.035926 0.100519 0.014881
v 0.034140 0.100538 0.018248
v 0.015346 0.099301 0.037049
v 0.018916 0.099117 0.035389
v 0.022279 0.099301 0.033343
v 0.018886 0.099482 0.035332
v 0.015309 0.099657 0.036959
v 0.022225 0.099657 0.033262
v 0.018819 0.099823 0.035208
v 0.015238 0.099977 0.036788
v 0.022123 0.099977 0.033109
v 0.018713 0.100116 0.035010
v 0.015139 0.100238 0.036548
v 0.021978 0.100238 0.032892
v 0.018576 0.100340 0.034753
v 0.015017 0.100422 0.036253
v 0.021801 0.100422 0.032627
v 0.018415 0.100482 0.034452
v 0.014881 0.100519 0.035926
v 0.021604 0.100519 0.032332
v 0.018248 0.100538 0.034140
v -0.037049 0.099301 0.015346
v -0.035389 0.099117 0.018916
v -0.033343 0.099301 0.022279
v -0.035332 0.099482 0.018886
v -0.036959 0.099657 0.015309
v -0.033262 0.099657 0.022225
v -0.035208 0.099823 0.018819
v -0.036788 0.099977 0.015238
v -0.033109 0.099977 0.022123
v -0.035010 0.100116 0.018713
v -0.036548 0.100238 0.015139
v -0.032892 0.100238 0.021978
v -0.034753 0.100340 0.018576
v -0.036253 0.100422 0.015017
v -0.032627 0.100422 0.021801
v -0.034452 0.100482 0.018415
v -0.035926 0.100519 0.014881
v -0.032332 0.100519 0.021604
v -0.034140 0.100538 0.018248
v -0.028356 0.099301 -0.028356
v -0.031019 0.099117 -0.025456
v -0.033343 0.099301 -0.022279
v -0.030969 0.099482 -0.025416
v -0.028287 0.099657 -0.028287
v -0.033262 0.099657 -0.022225
v -0.030860 0.099823 -0.025326
v -0.028157 0.099977 -0.028157
v -0.033109 0.099977 -0.022123
v -0.030687 0.100116 -0.025184
v -0.027973 0.100238 -0.027973
v -0.032892 0.100238 -0.021978
v -0.030461 0.100340 -0.024999
v -0.027747 0.100422 -0.027747
v -0.032627 0.100422 -0.021801
v -0.030198 0.100482 -0.024783
v -0.027496 0.100519 -0.027496
v -0.032332 0.100519 -0.021604
v -0.029924 0.100538 -0.024558
v -0.003933 0.099117 -0.039934
v -0.007823 0.099301 -0.039331
v -0.003927 0.099482 -0.039870
v -0.007804 0.099657 -0.039235
v -0.003913 0.099823 -0.039730
v -0.007768 0.099977 -0.039054
v -0.003891 0.100116 -0.039507
v -0.007718 0.100238 -0.038799
v -0.003862 0.100340 -0.039216
v -0.007655 0.100422 -0.038486
v -0.003829 0.100482 -0.038877
v -0.007586 0.100519 -0.038139
v -0.003794 0.100538 -0.038524
v 0.038206 0.100519 0.000000
v 0.038198 0.100538 -0.003762
v 0.037472 0.100519 -0.007454
v 0.037841 0.100482 -0.003727
v 0.037845 0.100422 0.000000
v 0.037118 0.100422 -0.007383
v 0.037493 0.100341 -0.003693
v 0.037514 0.100238 0.000000
v 0.036793 0.100238 -0.007319
v 0.037187 0.100117 -0.003663
v 0.037236 0.099978 0.000000
v 0.036521 0.099978 -0.007264
v 0.036944 0.099825 -0.003639
v 0.037030 0.099659 0.000000
v 0.036319 0.099659 -0.007224
v 0.036781 0.099485 -0.003623
v 0.036879 0.098852 0.000000
v 0.036171 0.098852 -0.007195
v 0.036458 0.095503 -0.003591
v 0.037472 0.100519 0.007454
v 0.038198 0.100538 0.003762
v 0.037841 0.100482 0.003727
v 0.037118 0.100422 0.007383
v 0.037493 0.100341 0.003693
v 0.036793 0.100238 0.007319
v 0.037187 0.100117 0.003663
v 0.036521 0.099978 0.007264
v 0.036944 0.099825 0.003639
v 0.036319 0.099659 0.007224
v 0.036781 0.099485 0.003623
v 0.036171 0.098852 0.007195
v 0.036458 0.095503 0.003591
v 0.035298 0.100519 0.014621
v 0.036730 0.100538 0.011142
v 0.036387 0.100482 0.011038
v 0.034965 0.100422 0.014483
v 0.036052 0.100341 0.010936
v 0.034658 0.100238 0.014356
v 0.035758 0.100117 0.010847
v 0.034402 0.099978 0.014250
v 0.035524 0.099825 0.010776
v 0.034212 0.099659 0.014171
v 0.035368 0.099485 0.010729
v 0.034072 0.098852 0.014113
v 0.035057 0.095503 0.010634
v 0.031767 0.100519 0.021226
v 0.033850 0.100538 0.018093
v 0.033534 0.100482 0.017924
v 0.031467 0.100422 0.021026
v 0.033226 0.100341 0.017759
v 0.031192 0.100238 0.020842
v 0.032955 0.100117 0.017615
v 0.030961 0.099978 0.020687
v 0.032740 0.099825 0.017500
v 0.030790 0.099659 0.020573
v 0.032595 0.099485 0.017422
v 0.030664 0.098852 0.020489
v 0.032308 0.095503 0.017269
v -0.035298 0.100519 0.014621
v -0.033850 0.100538 0.018093
v -0.031767 0.100519 0.021226
v -0.033534 0.100482 0.017924
v -0.034965 0.100422 0.014483
v -0.031467 0.100422 0.021026
v -0.033226 0.100341 0.017759
v -0.034658 0.100238 0.014356
v -0.031192 0.100238 0.020842
v -0.032955 0.100117 0.017615
v -0.034402 0.099978 0.014250
v -0.030961 0.099978 0.020687
v -0.032740 0.099825 0.017500
v -0.034212 0.099659 0.014171
v -0.030790 0.099659 0.020573
v -0.032595 0.099485 0.017422
v -0.034072 0.098852 0.014113
v -0.030664 0.098852 0.020489
v -0.032308 0.095503 0.017269
v 0.014621 0.100519 -0.035298
v 0.011142 0.100538 -0.036730
v 0.007454 0.100519 -0.037472
v 0.011038 0.100482 -0.036387
v 0.014483 0.100422 -0.034965
v 0.007383 0.100422 -0.037118
v 0.010936 0.100341 -0.036052
v 0.014356 0.100238 -0.034658
v 0.007319 0.100238 -0.036793
v 0.010847 0.100117 -0.035758
v 0.014250 0.099978 -0.034402
v 0.007264 0.099978 -0.036521
v 0.010776 0.099825 -0.035524
v 0.014171 0.099659 -0.034212
v 0.007224 0.099659 -0.036319
v 0.010729 0.099485 -0.035368
v 0.014113 0.098852 -0.034072
v 0.007195 0.098852 -0.036171
v 0.010634 0.095503 -0.035057
v 0.021226 0.100519 0.031767
v 0.024350 0.100538 0.029670
v 0.027016 0.100519 0.027016
v 0.024122 0.100482 0.029393
v 0.021026 0.100422 0.031467
v 0.026761 0.100422 0.026761
v 0.023900 0.100341 0.029123
v 0.020842 0.100238 0.031192
v 0.026526 0.100238 0.026526
v 0.023705 0.100117 0.028885
v 0.020687 0.099978 0.030961
v 0.026330 0.099978 0.026330
v 0.023551 0.099825 0.028696
v 0.020573 0.099659 0.030790
v 0.026184 0.099659 0.026184
v 0.023447 0.099485 0.028570
v 0.020489 0.098852 0.030664
v 0.026078 0.098852 0.026078
v 0.023240 0.095503 0.028319
v 0.014621 0.100519 0.035298
v 0.018093 0.100538 0.033850
v 0.017924 0.100482 0.033534
v 0.014483 0.100422 0.034965
v 0.017759 0.100341 0.033226
v 0.014356 0.100238 0.034658
v 0.017615 0.100117 0.032955
v 0.014250 0.099978 0.034402
v 0.017500 0.099825 0.032740
v 0.014171 0.099659 0.034212
v 0.017422 0.099485 0.032595
v 0.014113 0.098852 0.034072
v 0.017269 0.095503 0.032308
v -0.014621 0.100519 0.035298
v -0.011142 0.100538 0.036730
v -0.007454 0.100519 0.037472
v -0.011038 0.100482 0.036387
v -0.014483 0.100422 0.034965
v -0.007383 0.100422 0.037118
v -0.010936 0.100341 0.036052
v -0.014356 0.100238 0.034658
v -0.007319 0.100238 0.036793
v -0.010847 0.100117 0.035758
v -0.014250 0.099978 0.034402
v -0.007264 0.099978 0.036521
v -0.010776 0.099825 0.035524
v -0.014171 0.099659 0.034212
v -0.007224 0.099659 0.036319
v -0.010729 0.099485 0.035368
v -0.014113 0.098852 0.034072
v -0.007195 0.098852 0.036171
v -0.010634 0.095503 0.035057
v 0.027016 0.100519 -0.027016
v 0.024350 0.100538 -0.029670
v 0.021226 0.100519 -0.031767
v 0.024122 0.100482 -0.029393
v 0.026761 0.100422 -0.026761
v 0.021026 0.100422 -0.031467
v 0.023900 0.100341 -0.029123
v 0.026526 0.100238 -0.026526
v 0.020842 0.100238 -0.031192
v 0.023705 0.100117 -0.028885
v 0.026330 0.099978 -0.026330
v 0.020687 0.099978 -0.030961
v 0.023551 0.099825 -0.028696
v 0.026184 0.099659 -0.026184
v 0.020573 0.099659 -0.030790
v 0.023447 0.099485 -0.028570
v 0.026078 0.098852 -0.026078
v 0.020489 0.098852 -0.030664
v 0.023240 0.095503 -0.028319
v -0.038206 0.100519 -0.000000
v -0.038198 0.100538 0.003762
v -0.037472 0.100519 0.007454
v -0.037841 0.100482 0.003727
v -0.037845 0.100422 -0.000000
v -0.037118 0.100422 0.007383
v -0.037493 0.100341 0.003693
v -0.037514 0.100238 -0.000000
v -0.036793 0.100238 0.007319
v -0.037187 0.100117 0.003663
v -0.037236 0.099978 -0.000000
v -0.036521 0.099978 0.007264
v -0.036944 0.099825 0.003639
v -0.037030 0.099659 -0.000000
v -0.036319 0.099659 0.007224
v -0.036781 0.099485 0.003623
v -0.036879 0.098852 -0.000000
v -0.036171 0.098852 0.007195
v -0.036458 0.095503 0.003591
v 0.015346 0.099301 -0.037049
v 0.011648 0.099117 -0.038399
v 0.011630 0.099482 -0.038338
v 0.015309 0.099657 -0.036959
v 0.011589 0.099823 -0.038203
v 0.015238 0.099977 -0.036788
v 0.011524 0.100116 -0.037988
v 0.015139 0.100238 -0.036548
v 0.011439 0.100340 -0.037709
v 0.015017 0.100422 -0.036253
v 0.011340 0.100482 -0.037383
v 0.014881 0.100519 -0.035926
v 0.011237 0.100538 -0.037044
v 0.022279 0.099301 -0.033343
v 0.018916 0.099117 -0.035389
v 0.018886 0.099482 -0.035332
v 0.022225 0.099657 -0.033262
v 0.018819 0.099823 -0.035208
v 0.022123 0.099977 -0.033109
v 0.018713 0.100116 -0.035010
v 0.021978 0.100238 -0.032892
v 0.018576 0.100340 -0.034753
v 0.021801 0.100422 -0.032627
v 0.018415 0.100482 -0.034452
v 0.021604 0.100519 -0.032332
v 0.018248 0.100538 -0.034140
v 0.025456 0.099117 -0.031019
v 0.025416 0.099482 -0.030969
v 0.025326 0.099823 -0.030860
v 0.025184 0.100116 -0.030687
v 0.024999 0.100340 -0.030461
v 0.024783 0.100482 -0.030198
v 0.024558 0.100538 -0.029924
v 0.035389 0.099117 -0.018916
v 0.035332 0.099482 -0.018886
v 0.035208 0.099823 -0.018819
v 0.035010 0.100116 -0.018713
v 0.034753 0.100340 -0.018576
v 0.034452 0.100482 -0.018415
v 0.034140 0.100538 -0.018248
v 0.039331 0.099301 0.007823
v 0.039934 0.099117 0.003933
v 0.039870 0.099482 0.003927
v 0.039235 0.099657 0.007804
v 0.039730 0.099823 0.003913
v 0.039054 0.099977 0.007768
v 0.039507 0.100116 0.003891
v 0.038799 0.100238 0.007718
v 0.039216 0.100340 0.003862
v 0.038486 0.100422 0.007655
v 0.038877 0.100482 0.003829
v 0.038139 0.100519 0.007586
v 0.038524 0.100538 0.003794
v 0.038399 0.099117 0.011648
v 0.038338 0.099482 0.011630
v 0.038203 0.099823 0.011589
v 0.037988 0.100116 0.011524
v 0.037709 0.100340 0.011439
v 0.037383 0.100482 0.011340
v 0.037044 0.100538 0.011237
v 0.028356 0.099301 0.028356
v 0.031019 0.099117 0.025456
v 0.030969 0.099482 0.025416
v 0.028287 0.099657 0.028287
v 0.030860 0.099823 0.025326
v 0.028157 0.099977 0.028157
v 0.030687 0.100116 0.025184
v 0.027973 0.100238 0.027973
v 0.030461 0.100340 0.024999
v 0.027747 0.100422 0.027747
v 0.030198 0.100482 0.024783
v 0.027496 0.100519 0.027496
v 0.029924 0.100538 0.024558
v 0.025456 0.099117 0.031019
v 0.025416 0.099482 0.030969
v 0.025326 0.099823 0.030860
v 0.025184 0.100116 0.030687
v 0.024999 0.100340 0.030461
v 0.024783 0.100482 0.030198
v 0.024558 0.100538 0.029924
v 0.011648 0.099117 0.038399
v 0.011630 0.099482 0.038338
v 0.011589 0.099823 0.038203
v 0.011524 0.100116 0.037988
v 0.011439 0.100340 0.037709
v 0.011340 0.100482 0.037383
v 0.011237 0.100538 0.037044
v -0.015346 0.099301 0.037049
v -0.011648 0.099117 0.038399
v -0.011630 0.099482 0.038338
v -0.015309 0.099657 0.036959
v -0.011589 0.099823 0.038203
v -0.015238 0.099977 0.036788
v -0.011524 0.100116 0.037988
v -0.015139 0.100238 0.036548
v -0.011439 0.100340 0.037709
v -0.015017 0.100422 0.036253
v -0.011340 0.100482 0.037383
v -0.014881 0.100519 0.035926
v -0.011237 0.100538 0.037044
v -0.018916 0.099117 0.035389
v -0.018886 0.099482 0.035332
v -0.018819 0.099823 0.035208
v -0.018713 0.100116 0.035010
v -0.018576 0.100340 0.034753
v -0.018415 0.100482 0.034452
v -0.018248 0.100538 0.034140
v -0.031019 0.099117 0.025456
v -0.030969 0.099482 0.025416
v -0.030860 0.099823 0.025326
v -0.030687 0.100116 0.025184
v -0.030461 0.100340 0.024999
v -0.030198 0.100482 0.024783
v -0.029924 0.100538 0.024558
v -0.039331 0.099301 0.007823
v -0.038399 0.099117 0.011648
v -0.038338 0.099482 0.011630
v -0.039235 0.099657 0.007804
v -0.038203 0.099823 0.011589
v -0.039054 0.099977 0.007768
v -0.037988 0.100116 0.011524
v -0.038799 0.100238 0.007718
v -0.037709 0.100340 0.011439
v -0.038486 0.100422 0.007655
v -0.037383 0.100482 0.011340
v -0.038139 0.100519 0.007586
v -0.037044 0.100538 0.011237
v -0.040101 0.099301 -0.000000
v -0.039934 0.099117 0.003933
v -0.039870 0.099482 0.003927
v -0.040004 0.099657 -0.000000
v -0.039730 0.099823 0.003913
v -0.039820 0.099977 -0.000000
v -0.039507 0.100116 0.003891
v -0.039559 0.100238 -0.000000
v -0.039216 0.100340 0.003862
v -0.039240 0.100422 -0.000000
v -0.038877 0.100482 0.003829
v -0.038886 0.100519 -0.000000
v -0.038524 0.100538 0.003794
v -0.039934 0.099117 -0.003933
v -0.039870 0.099482 -0.003927
v -0.039730 0.099823 -0.003913
v -0.039507 0.100116 -0.003891
v -0.039216 0.100340 -0.003862
v -0.038877 0.100482 -0.003829
v -0.038524 0.100538 -0.003794
v -0.035389 0.099117 -0.018916
v -0.035332 0.099482 -0.018886
v -0.035208 0.099823 -0.018819
v -0.035010 0.100116 -0.018713
v -0.034753 0.100340 -0.018576
v -0.034452 0.100482 -0.018415
v -0.034140 0.100538 -0.018248
v -0.025456 0.099117 -0.031019
v -0.025416 0.099482 -0.030969
v -0.025326 0.099823 -0.030860
v -0.025184 0.100116 -0.030687
v -0.024999 0.100340 -0.030461
v -0.024783 0.100482 -0.030198
v -0.024558 0.100538 -0.029924
v -0.011648 0.099117 -0.038399
v -0.011630 0.099482 -0.038338
v -0.011589 0.099823 -0.038203
v -0.011524 0.100116 -0.037988
v -0.011439 0.100340 -0.037709
v -0.011340 0.100482 -0.037383
v -0.011237 0.100538 -0.037044
v 0.003762 0.100538 -0.038198
v 0.000000 0.100519 -0.038206
v 0.003727 0.100482 -0.037841
v 0.000000 0.100422 -0.037845
v 0.003693 0.100341 -0.037493
v 0.000000 0.100238 -0.037514
v 0.003663 0.100117 -0.037187
v 0.000000 0.099978 -0.037236
v 0.003639 0.099825 -0.036944
v 0.000000 0.099659 -0.037030
v 0.003623 0.099485 -0.036781
v 0.000000 0.098852 -0.036879
v 0.003591 0.095503 -0.036458
v 0.018093 0.100538 -0.033850
v 0.017924 0.100482 -0.033534
v 0.017759 0.100341 -0.033226
v 0.017615 0.100117 -0.032955
v 0.017500 0.099825 -0.032740
v 0.017422 0.099485 -0.032595
v 0.017269 0.095503 -0.032308
v 0.031767 0.100519 -0.021226
v 0.029670 0.100538 -0.024350
v 0.029393 0.100482 -0.024122
v 0.031467 0.100422 -0.021026
v 0.029123 0.100341 -0.023900
v 0.031192 0.100238 -0.020842
v 0.028885 0.100117 -0.023705
v 0.030961 0.099978 -0.020687
v 0.028696 0.099825 -0.023551
v 0.030790 0.099659 -0.020573
v 0.028570 0.099485 -0.023447
v 0.030664 0.098852 -0.020489
v 0.028319 0.095503 -0.023240
v 0.035298 0.100519 -0.014621
v 0.033850 0.100538 -0.018093
v 0.033534 0.100482 -0.017924
v 0.034965 0.100422 -0.014483
v 0.033226 0.100341 -0.017759
v 0.034658 0.100238 -0.014356
v 0.032955 0.100117 -0.017615
v 0.034402 0.099978 -0.014250
v 0.032740 0.099825 -0.017500
v 0.034212 0.099659 -0.014171
v 0.032595 0.099485 -0.017422
v 0.034072 0.098852 -0.014113
v 0.032308 0.095503 -0.017269
v 0.036730 0.100538 -0.011142
v 0.036387 0.100482 -0.011038
v 0.036052 0.100341 -0.010936
v 0.035758 0.100117 -0.010847
v 0.035524 0.099825 -0.010776
v 0.035368 0.099485 -0.010729
v 0.035057 0.095503 -0.010634
v 0.029670 0.100538 0.024350
v 0.029393 0.100482 0.024122
v 0.029123 0.100341 0.023900
v 0.028885 0.100117 0.023705
v 0.028696 0.099825 0.023551
v 0.028570 0.099485 0.023447
v 0.028319 0.095503 0.023240
v 0.007454 0.100519 0.037472
v 0.011142 0.100538 0.036730
v 0.011038 0.100482 0.036387
v 0.007383 0.100422 0.037118
v 0.010936 0.100341 0.036052
v 0.007319 0.100238 0.036793
v 0.010847 0.100117 0.035758
v 0.007264 0.099978 0.036521
v 0.010776 0.099825 0.035524
v 0.007224 0.099659 0.036319
v 0.010729 0.099485 0.035368
v 0.007195 0.098852 0.036171
v 0.010634 0.095503 0.035057
v -0.000000 0.100519 0.038206
v 0.003762 0.100538 0.038198
v 0.003727 0.100482 0.037841
v -0.000000 0.100422 0.037845
v 0.003693 0.100341 0.037493
v -0.000000 0.100238 0.037514
v 0.003663 0.100117 0.037187
v -0.000000 0.099978 0.037236
v 0.003639 0.099825 0.036944
v -0.000000 0.099659 0.037030
v 0.003623 0.099485 0.036781
v -0.000000 0.098852 0.036879
v 0.003591 0.095503 0.036458
v -0.003762 0.100538 0.038198
v -0.003727 0.100482 0.037841
v -0.003693 0.100341 0.037493
v -0.003663 0.100117 0.037187
v -0.003639 0.099825 0.036944
v -0.003623 0.099485 0.036781
v -0.003591 0.095503 0.036458
v -0.021226 0.100519 0.031767
v -0.018093 0.100538 0.033850
v -0.017924 0.100482 0.033534
v -0.021026 0.100422 0.031467
v -0.017759 0.100341 0.033226
v -0.020842 0.100238 0.031192
v -0.017615 0.100117 0.032955
v -0.020687 0.099978 0.030961
v -0.017500 0.099825 0.032740
v -0.020573 0.099659 0.030790
v -0.017422 0.099485 0.032595
v -0.020489 0.098852 0.030664
v -0.017269 0.095503 0.032308
v -0.027016 0.100519 0.027016
v -0.024350 0.100538 0.029670
v -0.024122 0.100482 0.029393
v -0.026761 0.100422 0.026761
v -0.023900 0.100341 0.029123
v -0.026526 0.100238 0.026526
v -0.023705 0.100117 0.028885
v -0.026330 0.099978 0.026330
v -0.023551 0.099825 0.028696
v -0.026184 0.099659 0.026184
v -0.023447 0.099485 0.028570
v -0.026078 0.098852 0.026078
v -0.023240 0.095503 0.028319
v -0.029670 0.100538 0.024350
v -0.029393 0.100482 0.024122
v -0.029123 0.100341 0.023900
v -0.028885 0.100117 0.023705
v -0.028696 0.099825 0.023551
v -0.028570 0.099485 0.023447
v -0.028319 0.095503 0.023240
v -0.036730 0.100538 0.011142
v -0.036387 0.100482 0.011038
v -0.036052 0.100341 0.010936
v -0.035758 0.100117 0.010847
v -0.035524 0.099825 0.010776
v -0.035368 0.099485 0.010729
v -0.035057 0.095503 0.010634
v -0.037472 0.100519 -0.007454
v -0.038198 0.100538 -0.003762
v -0.037841 0.100482 -0.003727
v -0.037118 0.100422 -0.007383
v -0.037493 0.100341 -0.003693
v -0.036793 0.100238 -0.007319
v -0.037187 0.100117 -0.003663
v -0.036521 0.099978 -0.007264
v -0.036944 0.099825 -0.003639
v -0.036319 0.099659 -0.007224
v -0.036781 0.099485 -0.003623
v -0.036171 0.098852 -0.007195
v -0.036458 0.095503 -0.003591
v -0.035298 0.100519 -0.014621
v -0.036730 0.100538 -0.011142
v -0.036387 0.100482 -0.011038
v -0.034965 0.100422 -0.014483
v -0.036052 0.100341 -0.010936
v -0.034658 0.100238 -0.014356
v -0.035758 0.100117 -0.010847
v -0.034402 0.099978 -0.014250
v -0.035524 0.099825 -0.010776
v -0.034212 0.099659 -0.014171
v -0.035368 0.099485 -0.010729
v -0.034072 0.098852 -0.014113
v -0.035057 0.095503 -0.010634
v -0.031767 0.100519 -0.021226
v -0.033850 0.100538 -0.018093
v -0.033534 0.100482 -0.017924
v -0.031467 0.100422 -0.021026
v -0.033226 0.100341 -0.017759
v -0.031192 0.100238 -0.020842
v -0.032955 0.100117 -0.017615
v -0.030961 0.099978 -0.020687
v -0.032740 0.099825 -0.017500
v -0.030790 0.099659 -0.020573
v -0.032595 0.099485 -0.017422
v -0.030664 0.098852 -0.020489
v -0.032308 0.095503 -0.017269
v -0.027016 0.100519 -0.027016
v -0.029670 0.100538 -0.024350
v -0.029393 0.100482 -0.024122
v -0.026761 0.100422 -0.026761
v -0.029123 0.100341 -0.023900
v -0.026526 0.100238 -0.026526
v -0.028885 0.100117 -0.023705
v -0.026330 0.099978 -0.026330
v -0.028696 0.099825 -0.023551
v -0.026184 0.099659 -0.026184
v -0.028570 0.099485 -0.023447
v -0.026078 0.098852 -0.026078
v -0.028319 0.095503 -0.023240
v -0.021226 0.100519 -0.031767
v -0.024350 0.100538 -0.029670
v -0.024122 0.100482 -0.029393
v -0.021026 0.100422 -0.031467
v -0.023900 0.100341 -0.029123
v -0.020842 0.100238 -0.031192
v -0.023705 0.100117 -0.028885
v -0.020687 0.099978 -0.030961
v -0.023551 0.099825 -0.028696
v -0.020573 0.099659 -0.030790
v -0.023447 0.099485 -0.028570
v -0.020489 0.098852 -0.030664
v -0.023240 0.095503 -0.028319
v -0.014621 0.100519 -0.035298
v -0.018093 0.100538 -0.033850
v -0.017924 0.100482 -0.033534
v -0.014483 0.100422 -0.034965
v -0.017759 0.100341 -0.033226
v -0.014356 0.100238 -0.034658
v -0.017615 0.100117 -0.032955
v -0.014250 0.099978 -0.034402
v -0.017500 0.099825 -0.032740
v -0.014171 0.099659 -0.034212
v -0.017422 0.099485 -0.032595
v -0.014113 0.098852 -0.034072
v -0.017269 0.095503 -0.032308
v -0.007454 0.100519 -0.037472
v -0.011142 0.100538 -0.036730
v -0.011038 0.100482 -0.036387
v -0.007383 0.100422 -0.037118
v -0.010936 0.100341 -0.036052
v -0.007319 0.100238 -0.036793
v -0.010847 0.100117 -0.035758
v -0.007264 0.099978 -0.036521
v -0.010776 0.099825 -0.035524
v -0.007224 0.099659 -0.036319
v -0.010729 0.099485 -0.035368
v -0.007195 0.098852 -0.036171
v -0.010634 0.095503 -0.035057
v -0.003762 0.100538 -0.038198
v -0.003727 0.100482 -0.037841
v -0.003693 0.100341 -0.037493
v -0.003663 0.100117 -0.037187
v -0.003639 0.099825 -0.036944
v -0.003623 0.099485 -0.036781
v -0.003591 0.095503 -0.036458
v 0.021415 0.100544 -0.032051
v 0.014751 0.100544 -0.035613
v 0.007520 0.100544 -0.037806
v 0.027257 0.100544 -0.027257
v 0.032051 0.100544 -0.021415
v 0.035613 0.100544 -0.014751
v 0.035613 0.100544 0.014751
v 0.037806 0.100544 0.007520
v 0.038547 0.100544 0.000000
v 0.021415 0.100544 0.032051
v 0.027257 0.100544 0.027257
v 0.032051 0.100544 0.021415
v 0.007520 0.100544 0.037806
v 0.014751 0.100544 0.035613
v -0.000000 0.100544 0.038547
v -0.007520 0.100544 0.037806
v -0.014751 0.100544 0.035613
v -0.021415 0.100544 0.032051
v -0.027257 0.100544 0.027257
v -0.032051 0.100544 0.021415
v -0.038547 0.100544 -0.000000
v -0.037806 0.100544 0.007520
v -0.035613 0.100544 0.014751
v -0.037806 0.100544 -0.007520
v -0.035613 0.100544 -0.014751
v -0.032051 0.100544 -0.021415
v -0.021415 0.100544 -0.032051
v -0.027257 0.100544 -0.027257
v -0.014751 0.100544 -0.035613
v -0.007520 0.100544 -0.037806
v 0.000000 0.100544 -0.038547
v 0.037806 0.100544 -0.007520
v 0.007048 0.086729 -0.035433
v 0.000000 0.086729 -0.036127
v -0.007048 0.086729 -0.035433
v 0.036127 0.086729 0.000000
v 0.035433 0.086729 -0.007048
v 0.033377 0.086729 -0.013825
v 0.035433 0.086729 0.007048
v 0.033377 0.086729 0.013825
v 0.030039 0.086729 0.020071
v 0.025546 0.086729 0.025546
v 0.007048 0.086729 0.035433
v 0.013825 0.086729 0.033377
v -0.000000 0.086729 0.036127
v -0.020071 0.086729 0.030039
v -0.013825 0.086729 0.033377
v -0.025546 0.086729 0.025546
v -0.033377 0.086729 0.013825
v -0.030039 0.086729 0.020071
v -0.035433 0.086729 0.007048
v -0.033377 0.086729 -0.013825
v -0.035433 0.086729 -0.007048
v -0.030039 0.086729 -0.020071
v -0.025546 0.086729 -0.025546
v -0.020071 0.086729 -0.030039
v 0.013825 0.086729 -0.033377
v 0.020071 0.086729 -0.030039
v 0.030039 0.086729 -0.020071
v 0.025546 0.086729 -0.025546
v 0.020071 0.086729 0.030039
v -0.007048 0.086729 0.035433
v -0.036127 0.086729 -0.000000
v -0.013825 0.086729 -0.033377
v 0.000000 0.004814 -0.038002
v 0.003762 0.004796 -0.038194
v 0.007414 0.004814 -0.037272
v 0.003699 0.004848 -0.037553
v 0.000000 0.004902 -0.037478
v 0.007312 0.004902 -0.036758
v 0.003649 0.004971 -0.037045
v 0.000000 0.005060 -0.036974
v 0.007213 0.005060 -0.036264
v 0.003593 0.005203 -0.036477
v 0.011141 0.004796 -0.036726
v 0.014543 0.004814 -0.035109
v 0.010954 0.004848 -0.036110
v 0.014342 0.004902 -0.034625
v 0.010806 0.004971 -0.035621
v 0.014149 0.005060 -0.034160
v 0.010640 0.005203 -0.035075
v 0.018091 0.004796 -0.033847
v 0.021113 0.004814 -0.031597
v 0.017788 0.004848 -0.033279
v 0.020821 0.004902 -0.031162
v 0.017547 0.004971 -0.032829
v 0.020542 0.005060 -0.030743
v 0.017278 0.005203 -0.032325
v 0.024347 0.004796 -0.029667
v 0.026871 0.004814 -0.026871
v 0.023939 0.004848 -0.029169
v 0.026501 0.004902 -0.026501
v 0.023615 0.004971 -0.028775
v 0.026145 0.005060 -0.026145
v 0.023253 0.005203 -0.028333
v 0.029667 0.004796 -0.024347
v 0.031597 0.004814 -0.021113
v 0.029169 0.004848 -0.023939
v 0.031162 0.004902 -0.020821
v 0.028775 0.004971 -0.023615
v 0.030743 0.005060 -0.020542
v 0.028333 0.005203 -0.023253
v 0.033847 0.004796 -0.018091
v 0.035109 0.004814 -0.014543
v 0.033279 0.004848 -0.017788
v 0.034625 0.004902 -0.014342
v 0.032829 0.004971 -0.017547
v 0.034160 0.005060 -0.014149
v 0.032325 0.005203 -0.017278
v 0.036726 0.004796 -0.011141
v 0.037272 0.004814 -0.007414
v 0.036110 0.004848 -0.010954
v 0.036758 0.004902 -0.007312
v 0.035621 0.004971 -0.010806
v 0.036264 0.005060 -0.007213
v 0.035075 0.005203 -0.010640
v 0.038194 0.004796 -0.003762
v 0.038002 0.004814 0.000000
v 0.037553 0.004848 -0.003699
v 0.037478 0.004902 0.000000
v 0.037045 0.004971 -0.003649
v 0.036974 0.005060 0.000000
v 0.036477 0.005203 -0.003593
v 0.038194 0.004796 0.003762
v 0.037272 0.004814 0.007414
v 0.037553 0.004848 0.003699
v 0.036758 0.004902 0.007312
v 0.037045 0.004971 0.003649
v 0.036264 0.005060 0.007213
v 0.036477 0.005203 0.003593
v 0.036726 0.004796 0.011141
v 0.035109 0.004814 0.014543
v 0.036110 0.004848 0.010954
v 0.034625 0.004902 0.014342
v 0.035621 0.004971 0.010806
v 0.034160 0.005060 0.014149
v 0.035075 0.005203 0.010640
v 0.033847 0.004796 0.018091
v 0.031597 0.004814 0.021113
v 0.033279 0.004848 0.017788
v 0.031162 0.004902 0.020821
v 0.032829 0.004971 0.017547
v 0.030743 0.005060 0.020542
v 0.032325 0.005203 0.017278
v 0.029667 0.004796 0.024347
v 0.026871 0.004814 0.026871
v 0.029169 0.004848 0.023939
v 0.026501 0.004902 0.026501
v 0.028775 0.004971 0.023615
v 0.026145 0.005060 0.026145
v 0.028333 0.005203 0.023253
v 0.024347 0.004796 0.029667
v 0.021113 0.004814 0.031597
v 0.023939 0.004848 0.029169
v 0.020821 0.004902 0.031162
v 0.023615 0.004971 0.028775
v 0.020542 0.005060 0.030743
v 0.023253 0.005203 0.028333
v 0.018091 0.004796 0.033847
v 0.014543 0.004814 0.035109
v 0.017788 0.004848 0.033279
v 0.014342 0.004902 0.034625
v 0.017547 0.004971 0.032829
v 0.014149 0.005060 0.034160
v 0.017278 0.005203 0.032325
v 0.011141 0.004796 0.036726
v 0.007414 0.004814 0.037272
v 0.010954 0.004848 0.036110
v 0.007312 0.004902 0.036758
v 0.010806 0.004971 0.035621
v 0.007213 0.005060 0.036264
v 0.010640 0.005203 0.035075
v 0.003762 0.004796 0.038194
v -0.000000 0.004814 0.038002
v 0.003699 0.004848 0.037553
v -0.000000 0.004902 0.037478
v 0.003649 0.004971 0.037045
v -0.000000 0.005060 0.036974
v 0.003593 0.005203 0.036477
v -0.003762 0.004796 0.038194
v -0.007414 0.004814 0.037272
v -0.003699 0.004848 0.037553
v -0.007312 0.004902 0.036758
v -0.003649 0.004971 0.037045
v -0.007213 0.005060 0.036264
v -0.003593 0.005203 0.036477
v -0.011141 0.004796 0.036726
v -0.014543 0.004814 0.035109
v -0.010954 0.004848 0.036110
v -0.014342 0.004902 0.034625
v -0.010806 0.004971 0.035621
v -0.014149 0.005060 0.034160
v -0.010640 0.005203 0.035075
v -0.018091 0.004796 0.033847
v -0.021113 0.004814 0.031597
v -0.017788 0.004848 0.033279
v -0.020821 0.004902 0.031162
v -0.017547 0.004971 0.032829
v -0.020542 0.005060 0.030743
v -0.017278 0.005203 0.032325
v -0.024347 0.004796 0.029667
v -0.026871 0.004814 0.026871
v -0.023939 0.004848 0.029169
v -0.026501 0.004902 0.026501
v -0.023615 0.004971 0.028775
v -0.026145 0.005060 0.026145
v -0.023253 0.005203 0.028333
v -0.029667 0.004796 0.024347
v -0.031597 0.004814 0.021113
v -0.029169 0.004848 0.023939
v -0.031162 0.004902 0.020821
v -0.028775 0.004971 0.023615
v -0.030743 0.005060 0.020542
v -0.028333 0.005203 0.023253
v -0.033847 0.004796 0.018091
v -0.035109 0.004814 0.014543
v -0.033279 0.004848 0.017788
v -0.034625 0.004902 0.014342
v -0.032829 0.004971 0.017547
v -0.034160 0.005060 0.014149
v -0.032325 0.005203 0.017278
v -0.036726 0.004796 0.011141
v -0.037272 0.004814 0.007414
v -0.036110 0.004848 0.010954
v -0.036758 0.004902 0.007312
v -0.035621 0.004971 0.010806
v -0.036264 0.005060 0.007213
v -0.035075 0.005203 0.010640
v -0.038194 0.004796 0.003762
v -0.038002 0.004814 -0.000000
v -0.037553 0.004848 0.003699
v -0.037478 0.004902 -0.000000
v -0.037045 0.004971 0.003649
v -0.036974 0.005060 -0.000000
v -0.036477 0.005203 0.003593
v -0.038194 0.004796 -0.003762
v -0.037272 0.004814 -0.007414
v -0.037553 0.004848 -0.003699
v -0.036758 0.004902 -0.007312
v -0.037045 0.004971 -0.003649
v -0.036264 0.005060 -0.007213
v -0.036477 0.005203 -0.003593
v -0.036726 0.004796 -0.011141
v -0.035109 0.004814 -0.014543
v -0.036110 0.004848 -0.010954
v -0.034625 0.004902 -0.014342
v -0.035621 0.004971 -0.010806
v -0.034160 0.005060 -0.014149
v -0.035075 0.005203 -0.010640
v -0.033847 0.004796 -0.018091
v -0.031597 0.004814 -0.021113
v -0.033279 0.004848 -0.017788
v -0.031162 0.004902 -0.020821
v -0.032829 0.004971 -0.017547
v -0.030743 0.005060 -0.020542
v -0.032325 0.005203 -0.017278
v -0.029667 0.004796 -0.024347
v -0.026871 0.004814 -0.026871
v -0.029169 0.004848 -0.023939
v -0.026501 0.004902 -0.026501
v -0.028775 0.004971 -0.023615
v -0.026145 0.005060 -0.026145
v -0.028333 0.005203 -0.023253
v -0.024347 0.004796 -0.029667
v -0.021113 0.004814 -0.031597
v -0.023939 0.004848 -0.029169
v -0.020821 0.004902 -0.031162
v -0.023615 0.004971 -0.028775
v -0.020542 0.005060 -0.030743
v -0.023253 0.005203 -0.028333
v -0.018091 0.004796 -0.033847
v -0.014543 0.004814 -0.035109
v -0.017788 0.004848 -0.033279
v -0.014342 0.004902 -0.034625
v -0.017547 0.004971 -0.032829
v -0.014149 0.005060 -0.034160
v -0.017278 0.005203 -0.032325
v -0.011141 0.004796 -0.036726
v -0.007414 0.004814 -0.037272
v -0.010954 0.004848 -0.036110
v -0.007312 0.004902 -0.036758
v -0.010806 0.004971 -0.035621
v -0.007213 0.005060 -0.036264
v -0.010640 0.005203 -0.035075
v -0.003762 0.004796 -0.038194
v -0.003699 0.004848 -0.037553
v -0.003649 0.004971 -0.037045
v -0.003593 0.005203 -0.036477
v 0.000000 0.005803 -0.035384
v 0.003504 0.005643 -0.035577
v 0.006903 0.005803 -0.034704
v 0.003437 0.005914 -0.034901
v 0.000000 0.006003 -0.034745
v 0.006778 0.006003 -0.034077
v 0.003373 0.006071 -0.034249
v 0.000000 0.006114 -0.033224
v 0.006482 0.006114 -0.032585
v 0.002456 0.006137 -0.024932
v 0.010378 0.005643 -0.034210
v 0.013541 0.005803 -0.032690
v 0.010180 0.005914 -0.033559
v 0.013296 0.006003 -0.032100
v 0.009990 0.006071 -0.032933
v 0.012714 0.006114 -0.030695
v 0.007272 0.006137 -0.023974
v 0.016852 0.005643 -0.031528
v 0.019658 0.005803 -0.029421
v 0.016532 0.005914 -0.030929
v 0.019303 0.006003 -0.028889
v 0.016223 0.006071 -0.030351
v 0.018458 0.006114 -0.027625
v 0.011810 0.006137 -0.022095
v 0.022679 0.005643 -0.027635
v 0.025020 0.005803 -0.025020
v 0.022248 0.005914 -0.027109
v 0.024568 0.006003 -0.024568
v 0.021833 0.006071 -0.026603
v 0.023493 0.006114 -0.023493
v 0.015893 0.006137 -0.019366
v 0.027635 0.005643 -0.022679
v 0.029421 0.005803 -0.019658
v 0.027109 0.005914 -0.022248
v 0.028889 0.006003 -0.019303
v 0.026603 0.006071 -0.021833
v 0.027625 0.006114 -0.018458
v 0.019366 0.006137 -0.015893
v 0.031528 0.005643 -0.016852
v 0.032690 0.005803 -0.013541
v 0.030929 0.005914 -0.016532
v 0.032100 0.006003 -0.013296
v 0.030351 0.006071 -0.016223
v 0.030695 0.006114 -0.012714
v 0.022095 0.006137 -0.011810
v 0.034210 0.005643 -0.010378
v 0.034704 0.005803 -0.006903
v 0.033559 0.005914 -0.010180
v 0.034077 0.006003 -0.006778
v 0.032933 0.006071 -0.009990
v 0.032585 0.006114 -0.006482
v 0.023974 0.006137 -0.007272
v 0.035577 0.005643 -0.003504
v 0.035384 0.005803 0.000000
v 0.034901 0.005914 -0.003437
v 0.034745 0.006003 0.000000
v 0.034249 0.006071 -0.003373
v 0.033224 0.006114 0.000000
v 0.024932 0.006137 -0.002456
v 0.035577 0.005643 0.003504
v 0.034704 0.005803 0.006903
v 0.034901 0.005914 0.003437
v 0.034077 0.006003 0.006778
v 0.034249 0.006071 0.003373
v 0.032585 0.006114 0.006482
v 0.024932 0.006137 0.002456
v 0.034210 0.005643 0.010378
v 0.032690 0.005803 0.013541
v 0.033559 0.005914 0.010180
v 0.032100 0.006003 0.013296
v 0.032933 0.006071 0.009990
v 0.030695 0.006114 0.012714
v 0.023974 0.006137 0.007272
v 0.031528 0.005643 0.016852
v 0.029421 0.005803 0.019658
v 0.030929 0.005914 0.016532
v 0.028889 0.006003 0.019303
v 0.030351 0.006071 0.016223
v 0.027625 0.006114 0.018458
v 0.022095 0.006137 0.011810
v 0.027635 0.005643 0.022679
v 0.025020 0.005803 0.025020
v 0.027109 0.005914 0.022248
v 0.024568 0.006003 0.024568
v 0.026603 0.006071 0.021833
v 0.023493 0.006114 0.023493
v 0.019366 0.006137 0.015893
v 0.022679 0.005643 0.027635
v 0.019658 0.005803 0.029421
v 0.022248 0.005914 0.027109
v 0.019303 0.006003 0.028889
v 0.021833 0.006071 0.026603
v 0.018458 0.006114 0.027625
v 0.015893 0.006137 0.019366
v 0.016852 0.005643 0.031528
v 0.013541 0.005803 0.032690
v 0.016532 0.005914 0.030929
v 0.013296 0.006003 0.032100
v 0.016223 0.006071 0.030351
v 0.012714 0.006114 0.030695
v 0.011810 0.006137 0.022095
v 0.010378 0.005643 0.034210
v 0.006903 0.005803 0.034704
v 0.010180 0.005914 0.033559
v 0.006778 0.006003 0.034077
v 0.009990 0.006071 0.032933
v 0.006482 0.006114 0.032585
v 0.007272 0.006137 0.023974
v 0.003504 0.005643 0.035577
v -0.000000 0.005803 0.035384
v 0.003437 0.005914 0.034901
v -0.000000 0.006003 0.034745
v 0.003373 0.006071 0.034249
v -0.000000 0.006114 0.033224
v 0.002456 0.006137 0.024932
v -0.003504 0.005643 0.035577
v -0.006903 0.005803 0.034704
v -0.003437 0.005914 0.034901
v -0.006778 0.006003 0.034077
v -0.003373 0.006071 0.034249
v -0.006482 0.006114 0.032585
v -0.002456 0.006137 0.024932
v -0.010378 0.005643 0.034210
v -0.013541 0.005803 0.032690
v -0.010180 0.005914 0.033559
v -0.013296 0.006003 0.032100
v -0.009990 0.006071 0.032933
v -0.012714 0.006114 0.030695
v -0.007272 0.006137 0.023974
v -0.016852 0.005643 0.031528
v -0.019658 0.005803 0.029421
v -0.016532 0.005914 0.030929
v -0.019303 0.006003 0.028889
v -0.016223 0.006071 0.030351
v -0.018458 0.006114 0.027625
v -0.011810 0.006137 0.022095
v -0.022679 0.005643 0.027635
v -0.025020 0.005803 0.025020
v -0.022248 0.005914 0.027109
v -0.024568 0.006003 0.024568
v -0.021833 0.006071 0.026603
v -0.023493 0.006114 0.023493
v -0.015893 0.006137 0.019366
v -0.027635 0.005643 0.022679
v -0.029421 0.005803 0.019658
v -0.027109 0.005914 0.022248
v -0.028889 0.006003 0.019303
v -0.026603 0.006071 0.021833
v -0.027625 0.006114 0.018458
v -0.019366 0.006137 0.015893
v -0.031528 0.005643 0.016852
v -0.032690 0.005803 0.013541
v -0.030929 0.005914 0.016532
v -0.032100 0.006003 0.013296
v -0.030351 0.006071 0.016223
v -0.030695 0.006114 0.012714
v -0.022095 0.006137 0.011810
v -0.034210 0.005643 0.010378
v -0.034704 0.005803 0.006903
v -0.033559 0.005914 0.010180
v -0.034077 0.006003 0.006778
v -0.032933 0.006071 0.009990
v -0.032585 0.006114 0.006482
v -0.023974 0.006137 0.007272
v -0.035577 0.005643 0.003504
v -0.035384 0.005803 -0.000000
v -0.034901 0.005914 0.003437
v -0.034745 0.006003 -0.000000
v -0.034249 0.006071 0.003373
v -0.033224 0.006114 -0.000000
v -0.024932 0.006137 0.002456
v -0.035577 0.005643 -0.003504
v -0.034704 0.005803 -0.006903
v -0.034901 0.005914 -0.003437
v -0.034077 0.006003 -0.006778
v -0.034249 0.006071 -0.003373
v -0.032585 0.006114 -0.006482
v -0.024932 0.006137 -0.002456
v -0.034210 0.005643 -0.010378
v -0.032690 0.005803 -0.013541
v -0.033559 0.005914 -0.010180
v -0.032100 0.006003 -0.013296
v -0.032933 0.006071 -0.009990
v -0.030695 0.006114 -0.012714
v -0.023974 0.006137 -0.007272
v -0.031528 0.005643 -0.016852
v -0.029421 0.005803 -0.019658
v -0.030929 0.005914 -0.016532
v -0.028889 0.006003 -0.019303
v -0.030351 0.006071 -0.016223
v -0.027625 0.006114 -0.018458
v -0.022095 0.006137 -0.011810
v -0.027635 0.005643 -0.022679
v -0.025020 0.005803 -0.025020
v -0.027109 0.005914 -0.022248
v -0.024568 0.006003 -0.024568
v -0.026603 0.006071 -0.021833
v -0.023493 0.006114 -0.023493
v -0.019366 0.006137 -0.015893
v -0.022679 0.005643 -0.027635
v -0.019658 0.005803 -0.029421
v -0.022248 0.005914 -0.027109
v -0.019303 0.006003 -0.028889
v -0.021833 0.006071 -0.026603
v -0.018458 0.006114 -0.027625
v -0.015893 0.006137 -0.019366
v -0.016852 0.005643 -0.031528
v -0.013541 0.005803 -0.032690
v -0.016532 0.005914 -0.030929
v -0.013296 0.006003 -0.032100
v -0.016223 0.006071 -0.030351
v -0.012714 0.006114 -0.030695
v -0.011810 0.006137 -0.022095
v -0.010378 0.005643 -0.034210
v -0.006903 0.005803 -0.034704
v -0.010180 0.005914 -0.033559
v -0.006778 0.006003 -0.034077
v -0.009990 0.006071 -0.032933
v -0.006482 0.006114 -0.032585
v -0.007272 0.006137 -0.023974
v -0.003504 0.005643 -0.035577
v -0.003437 0.005914 -0.034901
v -0.003373 0.006071 -0.034249
v -0.002456 0.006137 -0.024932
v 0.000000 0.005420 -0.036209
v 0.007064 0.005420 -0.035514
v -0.007064 0.005420 -0.035514
v 0.013857 0.005420 -0.033453
v 0.020117 0.005420 -0.030107
v 0.025604 0.005420 -0.025604
v 0.030107 0.005420 -0.020117
v 0.033453 0.005420 -0.013857
v 0.035514 0.005420 -0.007064
v 0.036209 0.005420 0.000000
v 0.035514 0.005420 0.007064
v 0.033453 0.005420 0.013857
v 0.030107 0.005420 0.020117
v 0.025604 0.005420 0.025604
v 0.020117 0.005420 0.030107
v 0.013857 0.005420 0.033453
v 0.007064 0.005420 0.035514
v -0.000000 0.005420 0.036209
v -0.007064 0.005420 0.035514
v -0.013857 0.005420 0.033453
v -0.020117 0.005420 0.030107
v -0.025604 0.005420 0.025604
v -0.030107 0.005420 0.020117
v -0.033453 0.005420 0.013857
v -0.035514 0.005420 0.007064
v -0.036209 0.005420 -0.000000
v -0.035514 0.005420 -0.007064
v -0.033453 0.005420 -0.013857
v -0.030107 0.005420 -0.020117
v -0.025604 0.005420 -0.025604
v -0.020117 0.005420 -0.030107
v -0.013857 0.005420 -0.033453
v 0.000000 0.005158 -0.040092
v 0.003933 0.005279 -0.039934
v 0.007822 0.005158 -0.039321
v 0.003925 0.005044 -0.039849
v 0.000000 0.004947 -0.039967
v 0.007797 0.004947 -0.039199
v 0.003908 0.004873 -0.039678
v 0.000000 0.004825 -0.039733
v 0.007752 0.004825 -0.038970
v 0.003866 0.004799 -0.039252
v 0.011648 0.005279 -0.038399
v 0.015342 0.005158 -0.037040
v 0.011624 0.005044 -0.038318
v 0.015295 0.004947 -0.036925
v 0.011574 0.004873 -0.038154
v 0.015205 0.004825 -0.036709
v 0.011449 0.004799 -0.037743
v 0.018916 0.005279 -0.035389
v 0.022274 0.005158 -0.033335
v 0.018876 0.005044 -0.035314
v 0.022205 0.004947 -0.033232
v 0.018795 0.004873 -0.035163
v 0.022075 0.004825 -0.033037
v 0.018593 0.004799 -0.034785
v 0.040092 0.005158 0.000000
v 0.039934 0.005279 0.003933
v 0.039321 0.005158 0.007822
v 0.039849 0.005044 0.003925
v 0.039967 0.004947 0.000000
v 0.039199 0.004947 0.007797
v 0.039678 0.004873 0.003908
v 0.039733 0.004825 0.000000
v 0.038970 0.004825 0.007752
v 0.039252 0.004799 0.003866
v -0.007822 0.005158 0.039321
v -0.011648 0.005279 0.038399
v -0.015342 0.005158 0.037040
v -0.011624 0.005044 0.038318
v -0.007797 0.004947 0.039199
v -0.015295 0.004947 0.036925
v -0.011574 0.004873 0.038154
v -0.007752 0.004825 0.038970
v -0.015205 0.004825 0.036709
v -0.011449 0.004799 0.037743
v -0.018916 0.005279 0.035389
v -0.022274 0.005158 0.033335
v -0.018876 0.005044 0.035314
v -0.022205 0.004947 0.033232
v -0.018795 0.004873 0.035163
v -0.022075 0.004825 0.033037
v -0.018593 0.004799 0.034785
v -0.025456 0.005279 0.031019
v -0.028349 0.005158 0.028349
v -0.025402 0.005044 0.030953
v -0.028261 0.004947 0.028261
v -0.025293 0.004873 0.030820
v -0.028096 0.004825 0.028096
v -0.025022 0.004799 0.030489
v -0.031019 0.005279 0.025456
v -0.033335 0.005158 0.022274
v -0.030953 0.005044 0.025402
v -0.033232 0.004947 0.022205
v -0.030820 0.004873 0.025293
v -0.033037 0.004825 0.022075
v -0.030489 0.004799 0.025022
v -0.035389 0.005279 0.018916
v -0.037040 0.005158 0.015342
v -0.035314 0.005044 0.018876
v -0.036925 0.004947 0.015295
v -0.035163 0.004873 0.018795
v -0.036709 0.004825 0.015205
v -0.034785 0.004799 0.018593
v -0.038399 0.005279 0.011648
v -0.039321 0.005158 0.007822
v -0.038318 0.005044 0.011624
v -0.039199 0.004947 0.007797
v -0.038154 0.004873 0.011574
v -0.038970 0.004825 0.007752
v -0.037743 0.004799 0.011449
v -0.039934 0.005279 0.003933
v -0.040092 0.005158 -0.000000
v -0.039849 0.005044 0.003925
v -0.039967 0.004947 -0.000000
v -0.039678 0.004873 0.003908
v -0.039733 0.004825 -0.000000
v -0.039252 0.004799 0.003866
v -0.039934 0.005279 -0.003933
v -0.039321 0.005158 -0.007822
v -0.039849 0.005044 -0.003925
v -0.039199 0.004947 -0.007797
v -0.039678 0.004873 -0.003908
v -0.038970 0.004825 -0.007752
v -0.039252 0.004799 -0.003866
v -0.038399 0.005279 -0.011648
v -0.037040 0.005158 -0.015342
v -0.038318 0.005044 -0.011624
v -0.036925 0.004947 -0.015295
v -0.038154 0.004873 -0.011574
v -0.036709 0.004825 -0.015205
v -0.037743 0.004799 -0.011449
v -0.035389 0.005279 -0.018916
v -0.033335 0.005158 -0.022274
v -0.035314 0.005044 -0.018876
v -0.033232 0.004947 -0.022205
v -0.035163 0.004873 -0.018795
v -0.033037 0.004825 -0.022075
v -0.034785 0.004799 -0.018593
v -0.015342 0.005158 -0.037040
v -0.011648 0.005279 -0.038399
v -0.007822 0.005158 -0.039321
v -0.011624 0.005044 -0.038318
v -0.015295 0.004947 -0.036925
v -0.007797 0.004947 -0.039199
v -0.011574 0.004873 -0.038154
v -0.015205 0.004825 -0.036709
v -0.007752 0.004825 -0.038970
v -0.011449 0.004799 -0.037743
v -0.003933 0.005279 -0.039934
v -0.003925 0.005044 -0.039849
v -0.003908 0.004873 -0.039678
v -0.003866 0.004799 -0.039252
v 0.028349 0.005158 -0.028349
v 0.031019 0.005279 -0.025456
v 0.033335 0.005158 -0.022274
v 0.030953 0.005044 -0.025402
v 0.028261 0.004947 -0.028261
v 0.033232 0.004947 -0.022205
v 0.030820 0.004873 -0.025293
v 0.028096 0.004825 -0.028096
v 0.033037 0.004825 -0.022075
v 0.030489 0.004799 -0.025022
v 0.035389 0.005279 -0.018916
v 0.037040 0.005158 -0.015342
v 0.035314 0.005044 -0.018876
v 0.036925 0.004947 -0.015295
v 0.035163 0.004873 -0.018795
v 0.036709 0.004825 -0.015205
v 0.034785 0.004799 -0.018593
v 0.038399 0.005279 -0.011648
v 0.039321 0.005158 -0.007822
v 0.038318 0.005044 -0.011624
v 0.039199 0.004947 -0.007797
v 0.038154 0.004873 -0.011574
v 0.038970 0.004825 -0.007752
v 0.037743 0.004799 -0.011449
v 0.028349 0.005158 0.028349
v 0.025456 0.005279 0.031019
v 0.022274 0.005158 0.033335
v 0.025402 0.005044 0.030953
v 0.028261 0.004947 0.028261
v 0.022205 0.004947 0.033232
v 0.025293 0.004873 0.030820
v 0.028096 0.004825 0.028096
v 0.022075 0.004825 0.033037
v 0.025022 0.004799 0.030489
v 0.018916 0.005279 0.035389
v 0.015342 0.005158 0.037040
v 0.018876 0.005044 0.035314
v 0.015295 0.004947 0.036925
v 0.018795 0.004873 0.035163
v 0.015205 0.004825 0.036709
v 0.018593 0.004799 0.034785
v -0.028349 0.005158 -0.028349
v -0.025456 0.005279 -0.031019
v -0.022274 0.005158 -0.033335
v -0.025402 0.005044 -0.030953
v -0.028261 0.004947 -0.028261
v -0.022205 0.004947 -0.033232
v -0.025293 0.004873 -0.030820
v -0.028096 0.004825 -0.028096
v -0.022075 0.004825 -0.033037
v -0.025022 0.004799 -0.030489
v 0.025456 0.005279 -0.031019
v 0.025402 0.005044 -0.030953
v 0.025293 0.004873 -0.030820
v 0.025022 0.004799 -0.030489
v 0.039934 0.005279 -0.003933
v 0.039849 0.005044 -0.003925
v 0.039678 0.004873 -0.003908
v 0.039252 0.004799 -0.003866
v 0.038399 0.005279 0.011648
v 0.037040 0.005158 0.015342
v 0.038318 0.005044 0.011624
v 0.036925 0.004947 0.015295
v 0.038154 0.004873 0.011574
v 0.036709 0.004825 0.015205
v 0.037743 0.004799 0.011449
v 0.035389 0.005279 0.018916
v 0.033335 0.005158 0.022274
v 0.035314 0.005044 0.018876
v 0.033232 0.004947 0.022205
v 0.035163 0.004873 0.018795
v 0.033037 0.004825 0.022075
v 0.034785 0.004799 0.018593
v 0.031019 0.005279 0.025456
v 0.030953 0.005044 0.025402
v 0.030820 0.004873 0.025293
v 0.030489 0.004799 0.025022
v 0.011648 0.005279 0.038399
v 0.007822 0.005158 0.039321
v 0.011624 0.005044 0.038318
v 0.007797 0.004947 0.039199
v 0.011574 0.004873 0.038154
v 0.007752 0.004825 0.038970
v 0.011449 0.004799 0.037743
v 0.003933 0.005279 0.039934
v -0.000000 0.005158 0.040092
v 0.003925 0.005044 0.039849
v -0.000000 0.004947 0.039967
v 0.003908 0.004873 0.039678
v -0.000000 0.004825 0.039733
v 0.003866 0.004799 0.039252
v -0.003933 0.005279 0.039934
v -0.003925 0.005044 0.039849
v -0.003908 0.004873 0.039678
v -0.003866 0.004799 0.039252
v -0.031019 0.005279 -0.025456
v -0.030953 0.005044 -0.025402
v -0.030820 0.004873 -0.025293
v -0.030489 0.004799 -0.025022
v -0.018916 0.005279 -0.035389
v -0.018876 0.005044 -0.035314
v -0.018795 0.004873 -0.035163
v -0.018593 0.004799 -0.034785
v 0.000000 0.004790 -0.038925
v 0.007594 0.004790 -0.038177
v -0.007594 0.004790 -0.038177
v 0.014896 0.004790 -0.035962
v 0.021625 0.004790 -0.032365
v 0.027524 0.004790 -0.027524
v 0.038925 0.004790 0.000000
v 0.038177 0.004790 0.007594
v 0.038177 0.004790 -0.007594
v 0.035962 0.004790 0.014896
v 0.032365 0.004790 0.021625
v 0.027524 0.004790 0.027524
v 0.007594 0.004790 0.038177
v -0.000000 0.004790 0.038925
v 0.014896 0.004790 0.035962
v -0.007594 0.004790 0.038177
v -0.014896 0.004790 0.035962
v -0.021625 0.004790 0.032365
v -0.027524 0.004790 0.027524
v -0.032365 0.004790 0.021625
v -0.035962 0.004790 0.014896
v -0.038177 0.004790 0.007594
v -0.038925 0.004790 -0.000000
v -0.038177 0.004790 -0.007594
v -0.035962 0.004790 -0.014896
v -0.032365 0.004790 -0.021625
v -0.027524 0.004790 -0.027524
v -0.014896 0.004790 -0.035962
v -0.021625 0.004790 -0.032365
v 0.032365 0.004790 -0.021625
v 0.035962 0.004790 -0.014896
v 0.021625 0.004790 0.032365
v 0.006878 0.012525 -0.034577
v 0.003464 0.022367 -0.035173
v 0.000000 0.012525 -0.035254
v 0.003439 0.010787 -0.034919
v 0.006795 0.010451 -0.034160
v 0.000000 0.010451 -0.034830
v 0.003381 0.010193 -0.034328
v 0.006485 0.010028 -0.032600
v 0.000000 0.010028 -0.033238
v 0.002452 0.009943 -0.024899
v 0.013491 0.012525 -0.032571
v 0.010260 0.022367 -0.033821
v 0.010185 0.010787 -0.033577
v 0.013329 0.010451 -0.032178
v 0.010013 0.010193 -0.033008
v 0.012720 0.010028 -0.030708
v 0.007263 0.009943 -0.023942
v 0.019586 0.012525 -0.029313
v 0.016661 0.022367 -0.031170
v 0.016540 0.010787 -0.030945
v 0.019350 0.010451 -0.028960
v 0.016260 0.010193 -0.030421
v 0.018466 0.010028 -0.027637
v 0.011794 0.009943 -0.022065
v 0.024929 0.012525 -0.024929
v 0.022421 0.022367 -0.027321
v 0.022259 0.010787 -0.027123
v 0.024628 0.010451 -0.024628
v 0.021883 0.010193 -0.026664
v 0.023503 0.010028 -0.023503
v 0.015872 0.009943 -0.019340
v 0.029313 0.012525 -0.019586
v 0.027321 0.022367 -0.022421
v 0.027123 0.010787 -0.022259
v 0.028960 0.010451 -0.019350
v 0.026664 0.010193 -0.021883
v 0.027637 0.010028 -0.018466
v 0.019340 0.009943 -0.015872
v 0.032571 0.012525 -0.013491
v 0.031170 0.022367 -0.016661
v 0.030945 0.010787 -0.016540
v 0.032178 0.010451 -0.013329
v 0.030421 0.010193 -0.016260
v 0.030708 0.010028 -0.012720
v 0.022065 0.009943 -0.011794
v 0.034577 0.012525 -0.006878
v 0.033821 0.022367 -0.010260
v 0.033577 0.010787 -0.010185
v 0.034160 0.010451 -0.006795
v 0.033008 0.010193 -0.010013
v 0.032600 0.010028 -0.006485
v 0.023942 0.009943 -0.007263
v 0.035254 0.012525 0.000000
v 0.035173 0.022367 -0.003464
v 0.034919 0.010787 -0.003439
v 0.034830 0.010451 -0.000000
v 0.034328 0.010193 -0.003381
v 0.033238 0.010028 -0.000000
v 0.024899 0.009943 -0.002452
v 0.034577 0.012525 0.006878
v 0.035173 0.022367 0.003464
v 0.034919 0.010787 0.003439
v 0.034160 0.010451 0.006795
v 0.034328 0.010193 0.003381
v 0.032600 0.010028 0.006484
v 0.024899 0.009943 0.002452
v 0.032571 0.012525 0.013491
v 0.033821 0.022367 0.010260
v 0.033577 0.010787 0.010185
v 0.032178 0.010451 0.013329
v 0.033008 0.010193 0.010013
v 0.030708 0.010028 0.012720
v 0.023942 0.009943 0.007263
v 0.029313 0.012525 0.019586
v 0.031170 0.022367 0.016661
v 0.030945 0.010787 0.016540
v 0.028960 0.010451 0.019350
v 0.030421 0.010193 0.016260
v 0.027637 0.010028 0.018466
v 0.022065 0.009943 0.011794
v 0.024929 0.012525 0.024929
v 0.027321 0.022367 0.022421
v 0.027123 0.010787 0.022259
v 0.024628 0.010451 0.024628
v 0.026664 0.010193 0.021883
v 0.023503 0.010028 0.023503
v 0.019340 0.009943 0.015872
v 0.019586 0.012525 0.029313
v 0.022421 0.022367 0.027321
v 0.022259 0.010787 0.027123
v 0.019350 0.010451 0.028960
v 0.021883 0.010193 0.026664
v 0.018466 0.010028 0.027637
v 0.015872 0.009943 0.019340
v 0.013491 0.012525 0.032571
v 0.016661 0.022367 0.031170
v 0.016540 0.010787 0.030945
v 0.013329 0.010451 0.032178
v 0.016260 0.010193 0.030421
v 0.012720 0.010028 0.030708
v 0.011794 0.009943 0.022065
v 0.006878 0.012525 0.034577
v 0.010260 0.022367 0.033821
v 0.010185 0.010787 0.033577
v 0.006795 0.010451 0.034160
v 0.010013 0.010193 0.033008
v 0.006485 0.010028 0.032600
v 0.007263 0.009943 0.023942
v -0.000000 0.012525 0.035254
v 0.003464 0.022367 0.035173
v 0.003439 0.010787 0.034919
v -0.000000 0.010451 0.034830
v 0.003381 0.010193 0.034328
v -0.000000 0.010028 0.033238
v 0.002452 0.009943 0.024899
v -0.006878 0.012525 0.034577
v -0.003464 0.022367 0.035173
v -0.003439 0.010787 0.034919
v -0.006795 0.010451 0.034160
v -0.003381 0.010193 0.034328
v -0.006485 0.010028 0.032600
v -0.002452 0.009943 0.024899
v -0.013491 0.012525 0.032571
v -0.010260 0.022367 0.033821
v -0.010185 0.010787 0.033577
v -0.013329 0.010451 0.032178
v -0.010013 0.010193 0.033008
v -0.012720 0.010028 0.030708
v -0.007263 0.009943 0.023942
v -0.019586 0.012525 0.029313
v -0.016661 0.022367 0.031170
v -0.016540 0.010787 0.030945
v -0.019350 0.010451 0.028960
v -0.016260 0.010193 0.030421
v -0.018466 0.010028 0.027637
v -0.011794 0.009943 0.022065
v -0.024929 0.012525 0.024929
v -0.022421 0.022367 0.027321
v -0.022259 0.010787 0.027123
v -0.024628 0.010451 0.024628
v -0.021883 0.010193 0.026664
v -0.023503 0.010028 0.023503
v -0.015872 0.009943 0.019340
v -0.029313 0.012525 0.019586
v -0.027321 0.022367 0.022421
v -0.027123 0.010787 0.022259
v -0.028960 0.010451 0.019350
v -0.026664 0.010193 0.021883
v -0.027637 0.010028 0.018466
v -0.019340 0.009943 0.015872
v -0.032571 0.012525 0.013491
v -0.031170 0.022367 0.016661
v -0.030945 0.010787 0.016540
v -0.032178 0.010451 0.013329
v -0.030421 0.010193 0.016260
v -0.030708 0.010028 0.012720
v -0.022065 0.009943 0.011794
v -0.034577 0.012525 0.006878
v -0.033821 0.022367 0.010260
v -0.033577 0.010787 0.010185
v -0.034160 0.010451 0.006795
v -0.033008 0.010193 0.010013
v -0.032600 0.010028 0.006485
v -0.023942 0.009943 0.007263
v -0.035254 0.012525 -0.000000
v -0.035173 0.022367 0.003464
v -0.034919 0.010787 0.003439
v -0.034830 0.010451 -0.000000
v -0.034328 0.010193 0.003381
v -0.033238 0.010028 -0.000000
v -0.024899 0.009943 0.002452
v -0.034577 0.012525 -0.006878
v -0.035173 0.022367 -0.003464
v -0.034919 0.010787 -0.003439
v -0.034160 0.010451 -0.006795
v -0.034328 0.010193 -0.003381
v -0.032600 0.010028 -0.006485
v -0.024899 0.009943 -0.002452
v -0.032571 0.012525 -0.013491
v -0.033821 0.022367 -0.010260
v -0.033577 0.010787 -0.010185
v -0.032178 0.010451 -0.013329
v -0.033008 0.010193 -0.010013
v -0.030708 0.010028 -0.012720
v -0.023942 0.009943 -0.007263
v -0.029313 0.012525 -0.019586
v -0.031170 0.022367 -0.016661
v -0.030945 0.010787 -0.016540
v -0.028960 0.010451 -0.019350
v -0.030421 0.010193 -0.016260
v -0.027637 0.010028 -0.018466
v -0.022065 0.009943 -0.011794
v -0.024929 0.012525 -0.024929
v -0.027321 0.022367 -0.022421
v -0.027123 0.010787 -0.022259
v -0.024628 0.010451 -0.024628
v -0.026664 0.010193 -0.021883
v -0.023503 0.010028 -0.023503
v -0.019340 0.009943 -0.015872
v -0.019586 0.012525 -0.029313
v -0.022421 0.022367 -0.027321
v -0.022259 0.010787 -0.027123
v -0.019350 0.010451 -0.028960
v -0.021883 0.010193 -0.026664
v -0.018466 0.010028 -0.027637
v -0.015872 0.009943 -0.019340
v -0.013491 0.012525 -0.032571
v -0.016661 0.022367 -0.031170
v -0.016540 0.010787 -0.030945
v -0.013329 0.010451 -0.032178
v -0.016260 0.010193 -0.030421
v -0.012720 0.010028 -0.030708
v -0.011794 0.009943 -0.022065
v -0.006878 0.012525 -0.034577
v -0.010260 0.022367 -0.033821
v -0.010185 0.010787 -0.033577
v -0.006795 0.010451 -0.034160
v -0.010013 0.010193 -0.033008
v -0.006485 0.010028 -0.032600
v -0.007263 0.009943 -0.023942
v -0.003464 0.022367 -0.035173
v -0.003439 0.010787 -0.034919
v -0.003381 0.010193 -0.034328
v -0.002452 0.009943 -0.024899
v 0.006908 0.044767 -0.034727
v 0.000000 0.044767 -0.035407
v 0.013550 0.044767 -0.032712
v -0.006908 0.044767 -0.034727
v 0.019671 0.044767 -0.029440
v 0.025037 0.044767 -0.025037
v 0.029440 0.044767 -0.019671
v 0.032712 0.044767 -0.013550
v 0.034727 0.044767 -0.006908
v 0.035407 0.044767 0.000000
v 0.034727 0.044767 0.006908
v 0.032712 0.044767 0.013550
v 0.029440 0.044767 0.019671
v 0.025037 0.044767 0.025037
v 0.019671 0.044767 0.029440
v 0.013550 0.044767 0.032712
v 0.006908 0.044767 0.034727
v -0.000000 0.044767 0.035407
v -0.006908 0.044767 0.034727
v -0.013550 0.044767 0.032712
v -0.019671 0.044767 0.029440
v -0.025037 0.044767 0.025037
v -0.029440 0.044767 0.019671
v -0.032712 0.044767 0.013550
v -0.034727 0.044767 0.006908
v -0.035407 0.044767 -0.000000
v -0.034727 0.044767 -0.006908
v -0.032712 0.044767 -0.013550
v -0.029440 0.044767 -0.019671
v -0.025037 0.044767 -0.025037
v -0.019671 0.044767 -0.029440
v -0.013550 0.044767 -0.032712
v -0.003778 0.100544 -0.038361
v 0.011190 0.100544 -0.036887
v 0.018171 0.100544 -0.033995
v 0.037249 0.004790 -0.011299
v 0.024454 0.100544 -0.029797
v 0.033995 0.100544 -0.018171
v 0.038361 0.100544 -0.003778
v 0.033995 0.100544 0.018171
v 0.038361 0.100544 0.003778
v 0.036887 0.100544 0.011190
v 0.018171 0.100544 0.033995
v 0.029797 0.100544 0.024454
v 0.024454 0.100544 0.029797
v -0.033995 0.100544 0.018171
v -0.003815 0.004790 0.038737
v 0.011190 0.100544 0.036887
v -0.003778 0.100544 0.038361
v -0.011190 0.100544 0.036887
v -0.034329 0.004790 0.018349
v -0.018171 0.100544 0.033995
v -0.029797 0.100544 0.024454
v -0.029797 0.100544 -0.024454
v -0.036887 0.100544 0.011190
v -0.038361 0.100544 0.003778
v -0.038361 0.100544 -0.003778
v -0.033995 0.100544 -0.018171
v 0.003541 0.086729 -0.035953
v -0.024454 0.100544 -0.029797
v -0.011190 0.100544 -0.036887
v 0.036887 0.100544 -0.011190
v -0.034329 0.004790 -0.018349
v -0.038737 0.004790 0.003815
v 0.030089 0.004790 0.024694
v -0.036887 0.100544 -0.011190
v -0.011299 0.004790 0.037249
v -0.037249 0.004790 -0.011299
v -0.018349 0.004790 -0.034329
v -0.024694 0.004790 -0.030089
v -0.003815 0.004790 -0.038737
v -0.030089 0.004790 -0.024694
v 0.003778 0.100544 0.038361
v 0.034329 0.004790 -0.018349
v -0.018171 0.100544 -0.033995
v 0.003815 0.004790 0.038737
v 0.018349 0.004790 -0.034329
v 0.029797 0.100544 -0.024454
v 0.003778 0.100544 -0.038361
v -0.030089 0.004790 0.024694
v 0.024694 0.004790 -0.030089
v -0.024454 0.100544 0.029797
v 0.037249 0.004790 0.011299
v -0.024694 0.004790 0.030089
v 0.024694 0.004790 0.030089
v -0.038737 0.004790 -0.003815
v 0.038737 0.004790 -0.003815
v -0.037249 0.004790 0.011299
v 0.018349 0.004790 0.034329
v 0.031226 0.044767 -0.016691
v 0.010278 0.044767 -0.033883
v 0.016691 0.044767 -0.031226
v -0.022462 0.044767 0.027370
v 0.033883 0.044767 -0.010278
v -0.027370 0.044767 0.022462
v 0.035237 0.044767 -0.003471
v -0.031226 0.044767 0.016691
v 0.035237 0.044767 0.003471
v -0.033883 0.044767 0.010278
v 0.033883 0.044767 0.010278
v -0.035237 0.044767 0.003471
v 0.031226 0.044767 0.016691
v -0.035237 0.044767 -0.003471
v 0.027370 0.044767 0.022462
v -0.033883 0.044767 -0.010278
v 0.022462 0.044767 0.027370
v -0.031226 0.044767 -0.016691
v 0.016691 0.044767 0.031226
v -0.027370 0.044767 -0.022462
v 0.010278 0.044767 0.033883
v 0.000000 0.009903 0.000000
v -0.022462 0.044767 -0.027370
v 0.003471 0.044767 0.035237
v -0.003471 0.044767 -0.035237
v -0.016691 0.044767 -0.031226
v -0.003471 0.044767 0.035237
v 0.022462 0.044767 -0.027370
v -0.010278 0.044767 -0.033883
v -0.010278 0.044767 0.033883
v 0.027370 0.044767 -0.022462
v -0.016691 0.044767 0.031226
v -0.003541 0.086729 0.035953
v 0.022919 0.086729 -0.027927
v -0.035953 0.086729 0.003541
v -0.035953 0.086729 -0.003541
v -0.010487 0.086729 -0.034571
v 0.027927 0.086729 -0.022919
v -0.017030 0.086729 0.031861
v 0.010487 0.086729 -0.034571
v 0.017030 0.086729 -0.031861
v 0.003541 0.086729 0.035953
v -0.022919 0.086729 -0.027927
v -0.003541 0.086729 -0.035953
v -0.010487 0.086729 0.034571
v -0.027927 0.086729 -0.022919
v 0.017030 0.086729 0.031861
v -0.031861 0.086729 -0.017030
v 0.010487 0.086729 0.034571
v -0.017030 0.086729 -0.031861
v 0.027927 0.086729 0.022919
v 0.031861 0.086729 0.017030
v -0.034571 0.086729 -0.010487
v 0.034571 0.086729 0.010487
v -0.027927 0.086729 0.022919
v 0.034571 0.086729 -0.010487
v -0.034571 0.086729 0.010487
v 0.035953 0.086729 0.003541
v -0.031861 0.086729 0.017030
v 0.022919 0.086729 0.027927
v -0.022919 0.086729 0.027927
v 0.035953 0.086729 -0.003541
v 0.031861 0.086729 -0.017030
v 0.030998 0.099301 -0.025440
v 0.030923 0.099657 -0.025378
v 0.030781 0.099977 -0.025261
v 0.030579 0.100238 -0.025096
v 0.030333 0.100422 -0.024894
v 0.030059 0.100519 -0.024669
v 0.003931 0.099301 0.039908
v 0.003921 0.099657 0.039811
v 0.003903 0.099977 0.039628
v 0.003877 0.100238 0.039368
v 0.003846 0.100422 0.039051
v 0.003811 0.100519 0.038698
v -0.003931 0.099301 0.039908
v -0.003921 0.099657 0.039811
v -0.003903 0.099977 0.039628
v -0.003877 0.100238 0.039368
v -0.003846 0.100422 0.039051
v -0.003811 0.100519 0.038698
v -0.025440 0.099301 0.030998
v -0.025378 0.099657 0.030923
v -0.025261 0.099977 0.030781
v -0.025096 0.100238 0.030579
v -0.024894 0.100422 0.030333
v -0.024669 0.100519 0.030059
v -0.038374 0.099301 -0.011641
v -0.038281 0.099657 -0.011612
v -0.038105 0.099977 -0.011559
v -0.037856 0.100238 -0.011483
v -0.037550 0.100422 -0.011391
v -0.037211 0.100519 -0.011288
v -0.018903 0.099301 -0.035366
v -0.018858 0.099657 -0.035280
v -0.018771 0.099977 -0.035118
v -0.018648 0.100238 -0.034888
v -0.018498 0.100422 -0.034607
v -0.018331 0.100519 -0.034294
v 0.003931 0.099301 -0.039908
v 0.003921 0.099657 -0.039811
v 0.003903 0.099977 -0.039628
v 0.003877 0.100238 -0.039368
v 0.003846 0.100422 -0.039051
v 0.003811 0.100519 -0.038698
v 0.038374 0.099301 -0.011641
v 0.038281 0.099657 -0.011612
v 0.038105 0.099977 -0.011559
v 0.037856 0.100238 -0.011483
v 0.037550 0.100422 -0.011391
v 0.037211 0.100519 -0.011288
v 0.039908 0.099301 -0.003931
v 0.039811 0.099657 -0.003921
v 0.039628 0.099977 -0.003903
v 0.039368 0.100238 -0.003877
v 0.039051 0.100422 -0.003846
v 0.038698 0.100519 -0.003811
v 0.035366 0.099301 0.018903
v 0.035280 0.099657 0.018858
v 0.035118 0.099977 0.018771
v 0.034888 0.100238 0.018648
v 0.034607 0.100422 0.018498
v 0.034294 0.100519 0.018331
v 0.018903 0.099301 0.035366
v 0.018858 0.099657 0.035280
v 0.018771 0.099977 0.035118
v 0.018648 0.100238 0.034888
v 0.018498 0.100422 0.034607
v 0.018331 0.100519 0.034294
v -0.035366 0.099301 0.018903
v -0.035280 0.099657 0.018858
v -0.035118 0.099977 0.018771
v -0.034888 0.100238 0.018648
v -0.034607 0.100422 0.018498
v -0.034294 0.100519 0.018331
v -0.030998 0.099301 -0.025440
v -0.030923 0.099657 -0.025378
v -0.030781 0.099977 -0.025261
v -0.030579 0.100238 -0.025096
v -0.030333 0.100422 -0.024894
v -0.030059 0.100519 -0.024669
v -0.003931 0.099301 -0.039908
v -0.003921 0.099657 -0.039811
v -0.003903 0.099977 -0.039628
v -0.003877 0.100238 -0.039368
v -0.003846 0.100422 -0.039051
v -0.003811 0.100519 -0.038698
v 0.038022 0.100519 -0.003745
v 0.037663 0.100422 -0.003709
v 0.037333 0.100238 -0.003677
v 0.037057 0.099978 -0.003650
v 0.036852 0.099659 -0.003630
v 0.036702 0.098852 -0.003615
v 0.038022 0.100519 0.003745
v 0.037663 0.100422 0.003709
v 0.037333 0.100238 0.003677
v 0.037057 0.099978 0.003650
v 0.036852 0.099659 0.003630
v 0.036702 0.098852 0.003615
v 0.036561 0.100519 0.011091
v 0.036216 0.100422 0.010986
v 0.035899 0.100238 0.010890
v 0.035632 0.099978 0.010809
v 0.035436 0.099659 0.010749
v 0.035291 0.098852 0.010706
v 0.033695 0.100519 0.018010
v 0.033377 0.100422 0.017840
v 0.033084 0.100238 0.017684
v 0.032839 0.099978 0.017553
v 0.032658 0.099659 0.017456
v 0.032525 0.098852 0.017385
v -0.033695 0.100519 0.018010
v -0.033377 0.100422 0.017840
v -0.033084 0.100238 0.017684
v -0.032839 0.099978 0.017553
v -0.032658 0.099659 0.017456
v -0.032525 0.098852 0.017385
v 0.011091 0.100519 -0.036561
v 0.010986 0.100422 -0.036216
v 0.010890 0.100238 -0.035898
v 0.010809 0.099978 -0.035632
v 0.010749 0.099659 -0.035436
v 0.010706 0.098852 -0.035291
v 0.024238 0.100519 0.029534
v 0.024009 0.100422 0.029255
v 0.023799 0.100238 0.028999
v 0.023622 0.099978 0.028784
v 0.023492 0.099659 0.028625
v 0.023396 0.098852 0.028508
v 0.018010 0.100519 0.033695
v 0.017840 0.100422 0.033377
v 0.017684 0.100238 0.033084
v 0.017553 0.099978 0.032839
v 0.017456 0.099659 0.032658
v 0.017385 0.098852 0.032525
v -0.011091 0.100519 0.036561
v -0.010986 0.100422 0.036216
v -0.010890 0.100238 0.035898
v -0.010809 0.099978 0.035632
v -0.010749 0.099659 0.035436
v -0.010706 0.098852 0.035291
v 0.024238 0.100519 -0.029534
v 0.024009 0.100422 -0.029255
v 0.023799 0.100238 -0.028999
v 0.023622 0.099978 -0.028784
v 0.023492 0.099659 -0.028625
v 0.023396 0.098852 -0.028508
v -0.038022 0.100519 0.003745
v -0.037663 0.100422 0.003709
v -0.037333 0.100238 0.003677
v -0.037057 0.099978 0.003650
v -0.036852 0.099659 0.003630
v -0.036702 0.098852 0.003615
v 0.011641 0.099301 -0.038374
v 0.011612 0.099657 -0.038281
v 0.011559 0.099977 -0.038105
v 0.011483 0.100238 -0.037856
v 0.011391 0.100422 -0.037550
v 0.011288 0.100519 -0.037211
v 0.018903 0.099301 -0.035366
v 0.018858 0.099657 -0.035280
v 0.018771 0.099977 -0.035118
v 0.018648 0.100238 -0.034888
v 0.018498 0.100422 -0.034607
v 0.018331 0.100519 -0.034294
v 0.025440 0.099301 -0.030998
v 0.025378 0.099657 -0.030923
v 0.025261 0.099977 -0.030781
v 0.025096 0.100238 -0.030579
v 0.024894 0.100422 -0.030333
v 0.024669 0.100519 -0.030059
v 0.035366 0.099301 -0.018903
v 0.035280 0.099657 -0.018858
v 0.035118 0.099977 -0.018771
v 0.034888 0.100238 -0.018648
v 0.034607 0.100422 -0.018498
v 0.034294 0.100519 -0.018331
v 0.039908 0.099301 0.003931
v 0.039811 0.099657 0.003921
v 0.039628 0.099977 0.003903
v 0.039368 0.100238 0.003877
v 0.039051 0.100422 0.003846
v 0.038698 0.100519 0.003811
v 0.038374 0.099301 0.011641
v 0.038281 0.099657 0.011612
v 0.038105 0.099977 0.011559
v 0.037856 0.100238 0.011483
v 0.037550 0.100422 0.011391
v 0.037211 0.100519 0.011288
v 0.030998 0.099301 0.025440
v 0.030923 0.099657 0.025378
v 0.030781 0.099977 0.025261
v 0.030579 0.100238 0.025096
v 0.030333 0.100422 0.024894
v 0.030059 0.100519 0.024669
v 0.025440 0.099301 0.030998
v 0.025378 0.099657 0.030923
v 0.025261 0.099977 0.030781
v 0.025096 0.100238 0.030579
v 0.024894 0.100422 0.030333
v 0.024669 0.100519 0.030059
v 0.011641 0.099301 0.038374
v 0.011612 0.099657 0.038281
v 0.011559 0.099977 0.038105
v 0.011483 0.100238 0.037856
v 0.011391 0.100422 0.037550
v 0.011288 0.100519 0.037211
v -0.011641 0.099301 0.038374
v -0.011612 0.099657 0.038281
v -0.011559 0.099977 0.038105
v -0.011483 0.100238 0.037856
v -0.011391 0.100422 0.037550
v -0.011288 0.100519 0.037211
v -0.018903 0.099301 0.035366
v -0.018858 0.099657 0.035280
v -0.018771 0.099977 0.035118
v -0.018648 0.100238 0.034888
v -0.018498 0.100422 0.034607
v -0.018331 0.100519 0.034294
v -0.030998 0.099301 0.025440
v -0.030923 0.099657 0.025378
v -0.030781 0.099977 0.025261
v -0.030579 0.100238 0.025096
v -0.030333 0.100422 0.024894
v -0.030059 0.100519 0.024669
v -0.038374 0.099301 0.011641
v -0.038281 0.099657 0.011612
v -0.038105 0.099977 0.011559
v -0.037856 0.100238 0.011483
v -0.037550 0.100422 0.011391
v -0.037211 0.100519 0.011288
v -0.039908 0.099301 0.003931
v -0.039811 0.099657 0.003921
v -0.039628 0.099977 0.003903
v -0.039368 0.100238 0.003877
v -0.039051 0.100422 0.003846
v -0.038698 0.100519 0.003811
v -0.039908 0.099301 -0.003931
v -0.039811 0.099657 -0.003921
v -0.039628 0.099977 -0.003903
v -0.039368 0.100238 -0.003877
v -0.039051 0.100422 -0.003846
v -0.038698 0.100519 -0.003811
v -0.035366 0.099301 -0.018903
v -0.035280 0.099657 -0.018858
v -0.035118 0.099977 -0.018771
v -0.034888 0.100238 -0.018648
v -0.034607 0.100422 -0.018498
v -0.034294 0.100519 -0.018331
v -0.025440 0.099301 -0.030998
v -0.025378 0.099657 -0.030923
v -0.025261 0.099977 -0.030781
v -0.025096 0.100238 -0.030579
v -0.024894 0.100422 -0.030333
v -0.024669 0.100519 -0.030059
v -0.011641 0.099301 -0.038374
v -0.011612 0.099657 -0.038281
v -0.011559 0.099977 -0.038105
v -0.011483 0.100238 -0.037856
v -0.011391 0.100422 -0.037550
v -0.011288 0.100519 -0.037211
v 0.003745 0.100519 -0.038022
v 0.003709 0.100422 -0.037663
v 0.003677 0.100238 -0.037333
v 0.003650 0.099978 -0.037057
v 0.003630 0.099659 -0.036852
v 0.003615 0.098852 -0.036702
v 0.018010 0.100519 -0.033695
v 0.017840 0.100422 -0.033377
v 0.017684 0.100238 -0.033084
v 0.017553 0.099978 -0.032839
v 0.017456 0.099659 -0.032658
v 0.017385 0.098852 -0.032525
v 0.029534 0.100519 -0.024238
v 0.029255 0.100422 -0.024009
v 0.028999 0.100238 -0.023799
v 0.028784 0.099978 -0.023622
v 0.028625 0.099659 -0.023492
v 0.028508 0.098852 -0.023396
v 0.033695 0.100519 -0.018010
v 0.033377 0.100422 -0.017840
v 0.033084 0.100238 -0.017684
v 0.032839 0.099978 -0.017553
v 0.032658 0.099659 -0.017456
v 0.032525 0.098852 -0.017385
v 0.036561 0.100519 -0.011091
v 0.036216 0.100422 -0.010986
v 0.035899 0.100238 -0.010890
v 0.035632 0.099978 -0.010809
v 0.035436 0.099659 -0.010749
v 0.035291 0.098852 -0.010706
v 0.029534 0.100519 0.024238
v 0.029255 0.100422 0.024009
v 0.028999 0.100238 0.023799
v 0.028784 0.099978 0.023622
v 0.028625 0.099659 0.023492
v 0.028508 0.098852 0.023396
v 0.011091 0.100519 0.036561
v 0.010986 0.100422 0.036216
v 0.010890 0.100238 0.035899
v 0.010809 0.099978 0.035632
v 0.010749 0.099659 0.035436
v 0.010706 0.098852 0.035291
v 0.003745 0.100519 0.038022
v 0.003709 0.100422 0.037663
v 0.003677 0.100238 0.037333
v 0.003650 0.099978 0.037057
v 0.003630 0.099659 0.036852
v 0.003615 0.098852 0.036702
v -0.003745 0.100519 0.038022
v -0.003709 0.100422 0.037663
v -0.003677 0.100238 0.037333
v -0.003650 0.099978 0.037057
v -0.003630 0.099659 0.036852
v -0.003615 0.098852 0.036702
v -0.018010 0.100519 0.033695
v -0.017840 0.100422 0.033377
v -0.017684 0.100238 0.033084
v -0.017553 0.099978 0.032839
v -0.017456 0.099659 0.032658
v -0.017385 0.098852 0.032525
v -0.024238 0.100519 0.029534
v -0.024009 0.100422 0.029255
v -0.023799 0.100238 0.028999
v -0.023622 0.099978 0.028784
v -0.023492 0.099659 0.028625
v -0.023396 0.098852 0.028508
v -0.029534 0.100519 0.024238
v -0.029255 0.100422 0.024009
v -0.028999 0.100238 0.023799
v -0.028784 0.099978 0.023622
v -0.028625 0.099659 0.023492
v -0.028508 0.098852 0.023396
v -0.036561 0.100519 0.011091
v -0.036216 0.100422 0.010986
v -0.035899 0.100238 0.010890
v -0.035632 0.099978 0.010809
v -0.035436 0.099659 0.010749
v -0.035291 0.098852 0.010706
v -0.038022 0.100519 -0.003745
v -0.037663 0.100422 -0.003709
v -0.037333 0.100238 -0.003677
v -0.037057 0.099978 -0.003650
v -0.036852 0.099659 -0.003630
v -0.036702 0.098852 -0.003615
v -0.036561 0.100519 -0.011091
v -0.036216 0.100422 -0.010986
v -0.035898 0.100238 -0.010890
v -0.035632 0.099978 -0.010809
v -0.035436 0.099659 -0.010749
v -0.035291 0.098852 -0.010706
v -0.033695 0.100519 -0.018010
v -0.033377 0.100422 -0.017840
v -0.033084 0.100238 -0.017684
v -0.032839 0.099978 -0.017553
v -0.032658 0.099659 -0.017456
v -0.032525 0.098852 -0.017385
v -0.029534 0.100519 -0.024238
v -0.029255 0.100422 -0.024009
v -0.028999 0.100238 -0.023799
v -0.028784 0.099978 -0.023622
v -0.028625 0.099659 -0.023492
v -0.028508 0.098852 -0.023396
v -0.024238 0.100519 -0.029534
v -0.024009 0.100422 -0.029255
v -0.023799 0.100238 -0.028999
v -0.023622 0.099978 -0.028784
v -0.023492 0.099659 -0.028625
v -0.023396 0.098852 -0.028508
v -0.018010 0.100519 -0.033695
v -0.017840 0.100422 -0.033377
v -0.017684 0.100238 -0.033084
v -0.017553 0.099978 -0.032839
v -0.017456 0.099659 -0.032658
v -0.017385 0.098852 -0.032525
v -0.011091 0.100519 -0.036561
v -0.010986 0.100422 -0.036216
v -0.010890 0.100238 -0.035899
v -0.010809 0.099978 -0.035632
v -0.010749 0.099659 -0.035436
v -0.010706 0.098852 -0.035291
v -0.003745 0.100519 -0.038022
v -0.003709 0.100422 -0.037663
v -0.003677 0.100238 -0.037333
v -0.003650 0.099978 -0.037057
v -0.003630 0.099659 -0.036852
v -0.003615 0.098852 -0.036702
v 0.031934 0.005420 0.017069
v 0.017069 0.005420 0.031934
v -0.036035 0.005420 -0.003549
v 0.027990 0.005420 0.022971
v -0.034650 0.005420 -0.010511
v 0.034329 0.004790 0.018349
v -0.031934 0.005420 -0.017069
v 0.022971 0.005420 0.027990
v -0.027990 0.005420 -0.022971
v 0.010511 0.005420 0.034650
v -0.022971 0.005420 -0.027990
v 0.003549 0.005420 0.036035
v 0.010511 0.005420 -0.034650
v -0.017069 0.005420 -0.031934
v -0.003549 0.005420 0.036035
v 0.022971 0.005420 -0.027990
v -0.010511 0.005420 -0.034650
v -0.010511 0.005420 0.034650
v 0.027990 0.005420 -0.022971
v -0.017069 0.005420 0.031934
v 0.031934 0.005420 -0.017069
v -0.022971 0.005420 0.027990
v 0.034650 0.005420 -0.010511
v -0.027990 0.005420 0.022971
v 0.036035 0.005420 -0.003549
v -0.031934 0.005420 0.017069
v 0.036035 0.005420 0.003549
v -0.034650 0.005420 0.010511
v 0.034650 0.005420 0.010511
v -0.036035 0.005420 0.003549
v -0.003549 0.005420 -0.036035
v 0.011299 0.004790 -0.037249
v -0.011299 0.004790 -0.037249
v 0.011299 0.004790 0.037249
v 0.030089 0.004790 -0.024694
v -0.018349 0.004790 0.034329
v 0.038737 0.004790 0.003815
v 0.017069 0.005420 -0.031934
v 0.003725 0.004814 -0.037819
v 0.003673 0.004902 -0.037297
v 0.003624 0.005060 -0.036796
v 0.011031 0.004814 -0.036365
v 0.010879 0.004902 -0.035864
v 0.010733 0.005060 -0.035382
v 0.017914 0.004814 -0.033514
v 0.017667 0.004902 -0.033052
v 0.017429 0.005060 -0.032608
v 0.024108 0.004814 -0.029376
v 0.023776 0.004902 -0.028971
v 0.023456 0.005060 -0.028581
v 0.029376 0.004814 -0.024108
v 0.028971 0.004902 -0.023776
v 0.028581 0.005060 -0.023456
v 0.033514 0.004814 -0.017914
v 0.033052 0.004902 -0.017667
v 0.032608 0.005060 -0.017429
v 0.036365 0.004814 -0.011031
v 0.035864 0.004902 -0.010879
v 0.035382 0.005060 -0.010733
v 0.037819 0.004814 -0.003725
v 0.037297 0.004902 -0.003673
v 0.036796 0.005060 -0.003624
v 0.037819 0.004814 0.003725
v 0.037297 0.004902 0.003673
v 0.036796 0.005060 0.003624
v 0.036365 0.004814 0.011031
v 0.035864 0.004902 0.010879
v 0.035382 0.005060 0.010733
v 0.033514 0.004814 0.017914
v 0.033052 0.004902 0.017667
v 0.032608 0.005060 0.017429
v 0.029376 0.004814 0.024108
v 0.028971 0.004902 0.023776
v 0.028581 0.005060 0.023456
v 0.024108 0.004814 0.029376
v 0.023776 0.004902 0.028971
v 0.023456 0.005060 0.028581
v 0.017914 0.004814 0.033514
v 0.017667 0.004902 0.033052
v 0.017429 0.005060 0.032608
v 0.011031 0.004814 0.036365
v 0.010879 0.004902 0.035864
v 0.010733 0.005060 0.035382
v 0.003725 0.004814 0.037819
v 0.003673 0.004902 0.037297
v 0.003624 0.005060 0.036796
v -0.003725 0.004814 0.037819
v -0.003673 0.004902 0.037297
v -0.003624 0.005060 0.036796
v -0.011031 0.004814 0.036365
v -0.010879 0.004902 0.035864
v -0.010733 0.005060 0.035382
v -0.017914 0.004814 0.033514
v -0.017667 0.004902 0.033052
v -0.017429 0.005060 0.032608
v -0.024108 0.004814 0.029376
v -0.023776 0.004902 0.028971
v -0.023456 0.005060 0.028581
v -0.029376 0.004814 0.024108
v -0.028971 0.004902 0.023776
v -0.028581 0.005060 0.023456
v -0.033514 0.004814 0.017914
v -0.033052 0.004902 0.017667
v -0.032608 0.005060 0.017429
v -0.036365 0.004814 0.011031
v -0.035864 0.004902 0.010879
v -0.035382 0.005060 0.010733
v -0.037819 0.004814 0.003725
v -0.037297 0.004902 0.003673
v -0.036796 0.005060 0.003624
v -0.037819 0.004814 -0.003725
v -0.037297 0.004902 -0.003673
v -0.036796 0.005060 -0.003624
v -0.036365 0.004814 -0.011031
v -0.035864 0.004902 -0.010879
v -0.035382 0.005060 -0.010733
v -0.033514 0.004814 -0.017914
v -0.033052 0.004902 -0.017667
v -0.032608 0.005060 -0.017429
v -0.029376 0.004814 -0.024108
v -0.028971 0.004902 -0.023775
v -0.028581 0.005060 -0.023456
v -0.024108 0.004814 -0.029376
v -0.023776 0.004902 -0.028971
v -0.023456 0.005060 -0.028581
v -0.017914 0.004814 -0.033514
v -0.017667 0.004902 -0.033052
v -0.017429 0.005060 -0.032608
v -0.011031 0.004814 -0.036365
v -0.010879 0.004902 -0.035864
v -0.010733 0.005060 -0.035382
v -0.003725 0.004814 -0.037819
v -0.003673 0.004902 -0.037297
v -0.003624 0.005060 -0.036796
v 0.000000 0.006147 0.000000
v 0.003468 0.005803 -0.035213
v 0.003406 0.006003 -0.034577
v 0.003231 0.006115 -0.032803
v 0.010271 0.005803 -0.033860
v 0.010086 0.006003 -0.033249
v 0.009568 0.006115 -0.031543
v 0.016680 0.005803 -0.031206
v 0.016379 0.006003 -0.030642
v 0.015538 0.006115 -0.029070
v 0.022447 0.005803 -0.027352
v 0.022042 0.006003 -0.026858
v 0.020911 0.006115 -0.025480
v 0.027352 0.005803 -0.022447
v 0.026858 0.006003 -0.022042
v 0.025480 0.006115 -0.020911
v 0.031206 0.005803 -0.016680
v 0.030642 0.006003 -0.016379
v 0.029070 0.006115 -0.015538
v 0.033860 0.005803 -0.010271
v 0.033249 0.006003 -0.010086
v 0.031543 0.006115 -0.009568
v 0.035213 0.005803 -0.003468
v 0.034577 0.006003 -0.003406
v 0.032803 0.006115 -0.003231
v 0.035213 0.005803 0.003468
v 0.034577 0.006003 0.003406
v 0.032803 0.006115 0.003231
v 0.033860 0.005803 0.010271
v 0.033249 0.006003 0.010086
v 0.031543 0.006115 0.009568
v 0.031206 0.005803 0.016680
v 0.030642 0.006003 0.016379
v 0.029070 0.006115 0.015538
v 0.027352 0.005803 0.022447
v 0.026858 0.006003 0.022042
v 0.025480 0.006115 0.020911
v 0.022447 0.005803 0.027352
v 0.022042 0.006003 0.026858
v 0.020911 0.006115 0.025480
v 0.016680 0.005803 0.031206
v 0.016379 0.006003 0.030642
v 0.015538 0.006115 0.029070
v 0.010271 0.005803 0.033860
v 0.010086 0.006003 0.033249
v 0.009568 0.006115 0.031543
v 0.003468 0.005803 0.035213
v 0.003406 0.006003 0.034577
v 0.003231 0.006115 0.032803
v -0.003468 0.005803 0.035213
v -0.003406 0.006003 0.034577
v -0.003231 0.006115 0.032803
v -0.010271 0.005803 0.033860
v -0.010086 0.006003 0.033249
v -0.009568 0.006115 0.031543
v -0.016680 0.005803 0.031206
v -0.016379 0.006003 0.030642
v -0.015538 0.006115 0.029070
v -0.022447 0.005803 0.027352
v -0.022042 0.006003 0.026858
v -0.020911 0.006115 0.025480
v -0.027352 0.005803 0.022447
v -0.026858 0.006003 0.022042
v -0.025480 0.006115 0.020911
v -0.031206 0.005803 0.016680
v -0.030642 0.006003 0.016379
v -0.029070 0.006115 0.015538
v -0.033860 0.005803 0.010271
v -0.033249 0.006003 0.010086
v -0.031543 0.006115 0.009568
v -0.035213 0.005803 0.003468
v -0.034577 0.006003 0.003406
v -0.032803 0.006115 0.003231
v -0.035213 0.005803 -0.003468
v -0.034577 0.006003 -0.003406
v -0.032803 0.006115 -0.003231
v -0.033860 0.005803 -0.010271
v -0.033249 0.006003 -0.010086
v -0.031543 0.006115 -0.009568
v -0.031206 0.005803 -0.016680
v -0.030642 0.006003 -0.016379
v -0.029070 0.006115 -0.015538
v -0.027352 0.005803 -0.022447
v -0.026858 0.006003 -0.022042
v -0.025480 0.006115 -0.020911
v -0.022447 0.005803 -0.027352
v -0.022042 0.006003 -0.026858
v -0.020911 0.006115 -0.025480
v -0.016680 0.005803 -0.031206
v -0.016379 0.006003 -0.030642
v -0.015538 0.006115 -0.029070
v -0.010271 0.005803 -0.033860
v -0.010086 0.006003 -0.033249
v -0.009568 0.006115 -0.031543
v -0.003468 0.005803 -0.035213
v -0.003406 0.006003 -0.034577
v -0.003231 0.006115 -0.032803
v 0.003549 0.005420 -0.036035
v 0.003930 0.005158 -0.039898
v 0.003917 0.004947 -0.039775
v 0.003895 0.004825 -0.039542
v 0.011638 0.005158 -0.038365
v 0.011602 0.004947 -0.038246
v 0.011534 0.004825 -0.038022
v 0.018899 0.005158 -0.035358
v 0.018840 0.004947 -0.035248
v 0.018730 0.004825 -0.035042
v 0.039898 0.005158 0.003930
v 0.039775 0.004947 0.003917
v 0.039542 0.004825 0.003895
v -0.011638 0.005158 0.038365
v -0.011602 0.004947 0.038246
v -0.011534 0.004825 0.038022
v -0.018899 0.005158 0.035358
v -0.018840 0.004947 0.035248
v -0.018730 0.004825 0.035042
v -0.025434 0.005158 0.030991
v -0.025355 0.004947 0.030895
v -0.025207 0.004825 0.030714
v -0.030991 0.005158 0.025434
v -0.030895 0.004947 0.025355
v -0.030714 0.004825 0.025207
v -0.035358 0.005158 0.018899
v -0.035248 0.004947 0.018840
v -0.035042 0.004825 0.018730
v -0.038365 0.005158 0.011638
v -0.038246 0.004947 0.011602
v -0.038022 0.004825 0.011534
v -0.039899 0.005158 0.003930
v -0.039775 0.004947 0.003917
v -0.039542 0.004825 0.003895
v -0.039898 0.005158 -0.003930
v -0.039775 0.004947 -0.003917
v -0.039542 0.004825 -0.003895
v -0.038365 0.005158 -0.011638
v -0.038246 0.004947 -0.011602
v -0.038022 0.004825 -0.011534
v -0.035358 0.005158 -0.018899
v -0.035248 0.004947 -0.018840
v -0.035042 0.004825 -0.018730
v -0.011638 0.005158 -0.038365
v -0.011602 0.004947 -0.038246
v -0.011534 0.004825 -0.038022
v -0.003930 0.005158 -0.039898
v -0.003917 0.004947 -0.039775
v -0.003895 0.004825 -0.039542
v 0.030991 0.005158 -0.025434
v 0.030895 0.004947 -0.025355
v 0.030714 0.004825 -0.025207
v 0.035358 0.005158 -0.018899
v 0.035248 0.004947 -0.018840
v 0.035042 0.004825 -0.018730
v 0.038365 0.005158 -0.011638
v 0.038246 0.004947 -0.011602
v 0.038022 0.004825 -0.011534
v 0.025434 0.005158 0.030991
v 0.025355 0.004947 0.030895
v 0.025207 0.004825 0.030714
v 0.018899 0.005158 0.035358
v 0.018840 0.004947 0.035248
v 0.018730 0.004825 0.035042
v -0.025434 0.005158 -0.030991
v -0.025355 0.004947 -0.030895
v -0.025207 0.004825 -0.030714
v 0.025434 0.005158 -0.030991
v 0.025355 0.004947 -0.030895
v 0.025207 0.004825 -0.030714
v 0.039899 0.005158 -0.003930
v 0.039775 0.004947 -0.003917
v 0.039542 0.004825 -0.003895
v 0.038365 0.005158 0.011638
v 0.038246 0.004947 0.011602
v 0.038022 0.004825 0.011534
v 0.035358 0.005158 0.018899
v 0.035248 0.004947 0.018840
v 0.035042 0.004825 0.018730
v 0.030991 0.005158 0.025434
v 0.030895 0.004947 0.025355
v 0.030714 0.004825 0.025207
v 0.011638 0.005158 0.038365
v 0.011602 0.004947 0.038246
v 0.011534 0.004825 0.038022
v 0.003930 0.005158 0.039898
v 0.003917 0.004947 0.039775
v 0.003895 0.004825 0.039542
v -0.003930 0.005158 0.039898
v -0.003917 0.004947 0.039775
v -0.003895 0.004825 0.039542
v -0.030991 0.005158 -0.025434
v -0.030895 0.004947 -0.025355
v -0.030714 0.004825 -0.025207
v -0.018899 0.005158 -0.035358
v -0.018840 0.004947 -0.035248
v -0.018730 0.004825 -0.035042
v 0.003815 0.004790 -0.038737
v 0.003456 0.012525 -0.035084
v 0.003414 0.010451 -0.034662
v 0.003232 0.010027 -0.032817
v 0.010234 0.012525 -0.033736
v 0.010110 0.010451 -0.033330
v 0.009572 0.010027 -0.031556
v 0.016619 0.012525 -0.031091
v 0.016419 0.010451 -0.030717
v 0.015545 0.010027 -0.029082
v 0.022365 0.012525 -0.027252
v 0.022096 0.010451 -0.026924
v 0.020920 0.010027 -0.025491
v 0.027252 0.012525 -0.022365
v 0.026924 0.010451 -0.022096
v 0.025491 0.010027 -0.020920
v 0.031091 0.012525 -0.016619
v 0.030717 0.010451 -0.016419
v 0.029082 0.010027 -0.015545
v 0.033736 0.012525 -0.010234
v 0.033330 0.010451 -0.010110
v 0.031556 0.010027 -0.009572
v 0.035084 0.012525 -0.003456
v 0.034662 0.010451 -0.003414
v 0.032817 0.010027 -0.003232
v 0.035084 0.012525 0.003456
v 0.034662 0.010451 0.003414
v 0.032817 0.010027 0.003232
v 0.033736 0.012525 0.010234
v 0.033330 0.010451 0.010110
v 0.031556 0.010027 0.009572
v 0.031091 0.012525 0.016619
v 0.030717 0.010451 0.016419
v 0.029082 0.010027 0.015545
v 0.027252 0.012525 0.022365
v 0.026924 0.010451 0.022096
v 0.025491 0.010027 0.020920
v 0.022365 0.012525 0.027252
v 0.022096 0.010451 0.026924
v 0.020920 0.010027 0.025491
v 0.016619 0.012525 0.031091
v 0.016419 0.010451 0.030717
v 0.015545 0.010027 0.029082
v 0.010234 0.012525 0.033736
v 0.010110 0.010451 0.033330
v 0.009572 0.010027 0.031556
v 0.003456 0.012525 0.035084
v 0.003414 0.010451 0.034662
v 0.003232 0.010027 0.032817
v -0.003456 0.012525 0.035084
v -0.003414 0.010451 0.034662
v -0.003232 0.010027 0.032817
v -0.010234 0.012525 0.033736
v -0.010110 0.010451 0.033330
v -0.009572 0.010027 0.031556
v -0.016619 0.012525 0.031091
v -0.016419 0.010451 0.030717
v -0.015545 0.010027 0.029082
v -0.022365 0.012525 0.027252
v -0.022096 0.010451 0.026924
v -0.020920 0.010027 0.025491
v -0.027252 0.012525 0.022365
v -0.026924 0.010451 0.022096
v -0.025491 0.010027 0.020920
v -0.031091 0.012525 0.016619
v -0.030717 0.010451 0.016419
v -0.029082 0.010027 0.015545
v -0.033736 0.012525 0.010234
v -0.033330 0.010451 0.010110
v -0.031556 0.010027 0.009572
v -0.035084 0.012525 0.003456
v -0.034662 0.010451 0.003414
v -0.032817 0.010027 0.003232
v -0.035084 0.012525 -0.003456
v -0.034662 0.010451 -0.003414
v -0.032817 0.010027 -0.003232
v -0.033736 0.012525 -0.010234
v -0.033330 0.010451 -0.010110
v -0.031556 0.010027 -0.009572
v -0.031091 0.012525 -0.016619
v -0.030717 0.010451 -0.016419
v -0.029082 0.010027 -0.015545
v -0.027252 0.012525 -0.022365
v -0.026924 0.010451 -0.022096
v -0.025491 0.010027 -0.020920
v -0.022365 0.012525 -0.027252
v -0.022096 0.010451 -0.026924
v -0.020920 0.010027 -0.025491
v -0.016619 0.012525 -0.031091
v -0.016419 0.010451 -0.030717
v -0.015545 0.010027 -0.029082
v -0.010234 0.012525 -0.033736
v -0.010110 0.010451 -0.033330
v -0.009572 0.010027 -0.031556
v -0.003456 0.012525 -0.035084
v -0.003414 0.010451 -0.034662
v -0.003232 0.010027 -0.032817
v 0.003471 0.044767 -0.035237
v 0.015356 0.099117 -0.037073
v 0.028374 0.099117 -0.028374
v 0.033365 0.099117 -0.022294
v 0.039356 0.099117 0.007828
v 0.028374 0.099117 0.028374
v 0.007828 0.099117 0.039356
v -0.000000 0.099117 0.040127
v -0.007828 0.099117 0.039356
v -0.022294 0.099117 0.033365
v -0.028374 0.099117 0.028374
v -0.039356 0.099117 0.007828
v -0.039356 0.099117 -0.007828
v -0.037073 0.099117 -0.015356
v -0.022294 0.099117 -0.033365
v -0.015356 0.099117 -0.037073
v 0.007828 0.099117 -0.039356
v 0.000000 0.099117 -0.040127
v 0.022294 0.099117 -0.033365
v 0.037073 0.099117 -0.015356
v 0.039356 0.099117 -0.007828
v 0.040127 0.099117 0.000000
v 0.037073 0.099117 0.015356
v 0.033365 0.099117 0.022294
v 0.022294 0.099117 0.033365
v 0.015356 0.099117 0.037073
v -0.015356 0.099117 0.037073
v -0.033365 0.099117 0.022294
v -0.037073 0.099117 0.015356
v -0.040127 0.099117 -0.000000
v -0.033365 0.099117 -0.022294
v -0.028374 0.099117 -0.028374
v -0.007828 0.099117 -0.039356
v 0.031019 0.099117 -0.025456
v 0.003933 0.099117 0.039934
v -0.003933 0.099117 0.039934
v -0.025456 0.099117 0.031019
v -0.038399 0.099117 -0.011648
v -0.018916 0.099117 -0.035389
v 0.003933 0.099117 -0.039934
v 0.038399 0.099117 -0.011648
v 0.039934 0.099117 -0.003933
v 0.035389 0.099117 0.018916
v 0.018916 0.099117 0.035389
v -0.035389 0.099117 0.018916
v -0.031019 0.099117 -0.025456
v -0.003933 0.099117 -0.039934
v 0.011648 0.099117 -0.038399
v 0.018916 0.099117 -0.035389
v 0.025456 0.099117 -0.031019
v 0.035389 0.099117 -0.018916
v 0.039934 0.099117 0.003933
v 0.038399 0.099117 0.011648
v 0.031019 0.099117 0.025456
v 0.025456 0.099117 0.031019
v 0.011648 0.099117 0.038399
v -0.011648 0.099117 0.038399
v -0.018916 0.099117 0.035389
v -0.031019 0.099117 0.025456
v -0.038399 0.099117 0.011648
v -0.039934 0.099117 0.003933
v -0.039934 0.099117 -0.003933
v -0.035389 0.099117 -0.018916
v -0.025456 0.099117 -0.031019
v -0.011648 0.099117 -0.038399
v 0.015356 0.099117 -0.037073
v 0.028374 0.099117 -0.028374
v 0.033365 0.099117 -0.022294
v 0.039356 0.099117 0.007828
v 0.028374 0.099117 0.028374
v 0.007828 0.099117 0.039356
v -0.000000 0.099117 0.040127
v -0.007828 0.099117 0.039356
v -0.022294 0.099117 0.033365
v -0.028374 0.099117 0.028374
v -0.039356 0.099117 0.007828
v -0.039356 0.099117 -0.007828
v -0.037073 0.099117 -0.015356
v -0.022294 0.099117 -0.033365
v -0.015356 0.099117 -0.037073
v 0.007828 0.099117 -0.039356
v 0.000000 0.099117 -0.040127
v 0.022294 0.099117 -0.033365
v 0.037073 0.099117 -0.015356
v 0.039356 0.099117 -0.007828
v 0.040127 0.099117 0.000000
v 0.037073 0.099117 0.015356
v 0.033365 0.099117 0.022294
v 0.022294 0.099117 0.033365
v 0.015356 0.099117 0.037073
v -0.015356 0.099117 0.037073
v -0.033365 0.099117 0.022294
v -0.037073 0.099117 0.015356
v -0.040127 0.099117 -0.000000
v -0.033365 0.099117 -0.022294
v -0.028374 0.099117 -0.028374
v -0.007828 0.099117 -0.039356
v 0.031019 0.099117 -0.025456
v 0.003933 0.099117 0.039934
v -0.003933 0.099117 0.039934
v -0.025456 0.099117 0.031019
v -0.038399 0.099117 -0.011648
v -0.018916 0.099117 -0.035389
v 0.003933 0.099117 -0.039934
v 0.038399 0.099117 -0.011648
v 0.039934 0.099117 -0.003933
v 0.035389 0.099117 0.018916
v 0.018916 0.099117 0.035389
v -0.035389 0.099117 0.018916
v -0.031019 0.099117 -0.025456
v -0.003933 0.099117 -0.039934
v 0.011648 0.099117 -0.038399
v 0.018916 0.099117 -0.035389
v 0.025456 0.099117 -0.031019
v 0.035389 0.099117 -0.018916
v 0.039934 0.099117 0.003933
v 0.038399 0.099117 0.011648
v 0.031019 0.099117 0.025456
v 0.025456 0.099117 0.031019
v 0.011648 0.099117 0.038399
v -0.011648 0.099117 0.038399
v -0.018916 0.099117 0.035389
v -0.031019 0.099117 0.025456
v -0.038399 0.099117 0.011648
v -0.039934 0.099117 0.003933
v -0.039934 0.099117 -0.003933
v -0.035389 0.099117 -0.018916
v -0.025456 0.099117 -0.031019
v -0.011648 0.099117 -0.038399
vn -0.0000 -0.8617 -0.5075
vn 0.7554 -0.5343 -0.3794
vn -0.7554 -0.5343 -0.3794
vn -0.0000 1.0000 0.0088
vn 0.7628 0.6439 -0.0586
vn -0.7628 0.6439 -0.0586
vn -0.0000 -0.4111 0.9116
vn 0.7363 -0.2892 0.6117
vn -0.7363 -0.2892 0.6117
vn -0.0000 0.4670 -0.8842
vn 0.7324 0.3134 -0.6045
vn -0.7324 0.3134 -0.6045
vn -0.0000 -0.2041 0.9789
vn 0.7468 -0.1447 0.6491
vn -0.7468 -0.1447 0.6491
vn -0.0000 0.2297 -0.9733
vn 0.7419 0.1494 -0.6537
vn -0.7419 0.1494 -0.6537
vn -0.0000 -0.0558 0.9984
vn 0.7425 -0.0372 0.6688
vn -0.7425 -0.0372 0.6688
vn -0.0000 0.0299 -0.9996
vn 0.7374 0.0237 -0.6751
vn -0.7374 0.0237 -0.6751
vn -0.0000 0.0899 0.9960
vn 0.7262 0.0673 0.6842
vn -0.7262 0.0673 0.6842
vn -0.0000 -0.1192 -0.9929
vn 0.7170 -0.0752 -0.6930
vn -0.7170 -0.0752 -0.6930
vn -0.0000 0.3034 0.9529
vn 0.7265 0.2033 0.6564
vn -0.7265 0.2033 0.6564
vn -0.0000 -0.2717 -0.9624
vn 0.7128 -0.1911 -0.6749
vn -0.7128 -0.1911 -0.6749
vn -0.0000 0.5888 0.8083
vn 0.7583 0.3797 0.5299
vn -0.7583 0.3797 0.5299
vn -0.0000 -0.5725 -0.8199
vn 0.7445 -0.3813 -0.5480
vn -0.7445 -0.3813 -0.5480
vn -0.0000 0.8705 0.4921
vn 0.7636 0.5616 0.3186
vn -0.7636 0.5616 0.3186
vn -0.0000 -0.8829 -0.4696
vn 0.7487 -0.5818 -0.3178
vn -0.7487 -0.5818 -0.3178
vn -0.0000 0.9996 -0.0280
vn 0.7882 0.6154 -0.0109
vn -0.7882 0.6154 -0.0109
vn -0.0000 -0.9854 -0.1705
vn 0.7637 -0.6322 -0.1307
vn -0.7637 -0.6322 -0.1307
vn -0.0000 0.7149 -0.6993
vn -0.4192 0.6608 -0.6226
vn 0.4192 0.6608 -0.6226
vn 0.9296 0.2860 -0.2326
vn -0.9296 0.2860 -0.2326
vn -0.0000 -0.9974 0.0714
vn -0.1268 -0.9875 0.0934
vn 0.9356 -0.3210 -0.1467
vn -0.9356 -0.3210 -0.1467
vn 0.1268 -0.9875 0.0934
vn -0.0000 -0.6675 0.7446
vn 0.7387 -0.4561 0.4962
vn -0.7387 -0.4561 0.4962
vn -0.0000 0.6951 -0.7189
vn 0.7315 0.4719 -0.4921
vn -0.7315 0.4719 -0.4921
vn -0.0000 -0.9134 0.4072
vn 0.7621 -0.5938 0.2582
vn -0.7621 -0.5938 0.2582
vn -0.0000 0.9108 -0.4129
vn 0.7444 0.6077 -0.2768
vn -0.7444 0.6077 -0.2768
vn 0.8030 0.5727 -0.1649
vn -0.0025 -0.6424 -0.7664
vn 0.9825 0.0473 -0.1803
vn -0.9825 0.0473 -0.1803
vn -0.2770 -0.8202 -0.5004
vn 0.2770 -0.8202 -0.5004
vn -0.2710 0.9626 -0.0032
vn 0.2710 0.9626 -0.0032
vn -0.0000 0.9980 0.0626
vn -0.7043 -0.3210 -0.6331
vn 0.7026 -0.3254 -0.6328
vn -0.8030 0.5727 -0.1649
vn -0.7378 0.2337 -0.6332
vn -0.0000 -0.3029 0.9530
vn 1.0000 0.0027 -0.0051
vn -1.0000 0.0027 -0.0051
vn -0.2499 -0.4019 0.8809
vn 0.2499 -0.4019 0.8809
vn -0.2495 0.4513 -0.8568
vn 0.2495 0.4513 -0.8568
vn -0.0000 0.1169 -0.9931
vn -0.7468 -0.0870 0.6594
vn -0.7421 0.0767 -0.6659
vn 1.0000 -0.0037 -0.0069
vn -1.0000 -0.0037 -0.0069
vn -0.2591 -0.1999 0.9449
vn 0.2591 -0.1999 0.9449
vn -0.2578 0.2212 -0.9405
vn 0.2578 0.2212 -0.9405
vn -0.7425 -0.2139 0.6348
vn -0.0000 0.3540 -0.9352
vn 0.7425 -0.2139 0.6348
vn 0.7378 0.2337 -0.6332
vn -0.0000 0.0124 0.9999
vn 0.7352 0.0131 0.6777
vn 1.0000 -0.0029 -0.0044
vn -1.0000 -0.0029 -0.0044
vn -0.2572 -0.0540 0.9649
vn 0.2572 -0.0540 0.9649
vn -0.2533 0.0307 -0.9669
vn 0.2533 0.0307 -0.9669
vn 0.7468 -0.0870 0.6594
vn -0.0000 -0.1233 0.9924
vn 0.7421 0.0767 -0.6659
vn 0.7097 -0.1284 -0.6927
vn -0.0000 0.1828 0.9832
vn 1.0000 0.0032 -0.0057
vn -1.0000 0.0032 -0.0057
vn -0.2457 0.0883 0.9653
vn 0.2457 0.0883 0.9653
vn -0.2355 -0.1133 -0.9652
vn 0.2356 -0.1133 -0.9652
vn 0.7281 -0.0238 -0.6850
vn -0.0000 -0.0463 -0.9989
vn -0.7352 0.0131 0.6777
vn -0.7281 -0.0238 -0.6850
vn -0.0000 -0.3974 -0.9176
vn 0.7276 -0.2750 -0.6285
vn 1.0000 0.0012 -0.0096
vn -1.0000 0.0012 -0.0096
vn -0.2460 0.2916 0.9244
vn 0.2460 0.2916 0.9244
vn -0.2321 -0.2646 -0.9360
vn 0.2321 -0.2646 -0.9360
vn -0.0000 -0.1883 -0.9821
vn -0.7208 0.1283 0.6811
vn 0.7208 0.1283 0.6811
vn -0.7097 -0.1284 -0.6927
vn -0.7641 0.4715 0.4403
vn -0.0000 -0.7517 -0.6595
vn 0.9999 -0.0046 -0.0108
vn -0.9999 -0.0046 -0.0108
vn -0.2714 0.5642 0.7798
vn 0.2714 0.5642 0.7798
vn -0.2595 -0.5528 -0.7919
vn 0.2594 -0.5528 -0.7919
vn -0.7429 0.2905 0.6032
vn 0.7429 0.2905 0.6031
vn -0.7276 -0.2750 -0.6285
vn -0.0000 0.4470 0.8945
vn 0.7662 0.6197 0.1700
vn -0.7662 0.6197 0.1700
vn 0.9999 -0.0102 -0.0068
vn -0.9999 -0.0102 -0.0068
vn -0.2805 0.8347 0.4739
vn 0.2805 0.8347 0.4739
vn -0.2653 -0.8500 -0.4550
vn 0.2653 -0.8500 -0.4550
vn 0.7641 0.4715 0.4403
vn 0.7514 -0.4913 -0.4404
vn -0.7514 -0.4913 -0.4404
vn -0.0000 0.7301 0.6833
vn 0.8225 -0.5510 -0.1409
vn 0.8412 0.4956 -0.2164
vn 0.9992 -0.0093 -0.0394
vn -0.9992 -0.0093 -0.0394
vn -0.2936 0.9555 -0.0283
vn 0.2936 0.9555 -0.0283
vn -0.2701 -0.9475 -0.1711
vn 0.2701 -0.9475 -0.1711
vn 0.7484 -0.6312 -0.2036
vn -0.7484 -0.6312 -0.2036
vn -0.0000 0.9665 0.2565
vn -0.0000 -0.9547 -0.2975
vn 0.9930 0.0299 -0.1143
vn -0.9930 0.0299 -0.1143
vn 0.2357 0.6974 -0.6768
vn -0.6293 0.5918 -0.5037
vn -0.2357 0.6973 -0.6769
vn 0.6293 0.5918 -0.5037
vn 0.0173 -0.9978 0.0643
vn -0.5454 -0.8333 -0.0908
vn -0.0173 -0.9978 0.0643
vn 0.5454 -0.8333 -0.0908
vn -0.8225 -0.5510 -0.1409
vn -0.0000 0.9052 -0.4251
vn -0.8412 0.4956 -0.2164
vn -0.0000 -0.9973 -0.0732
vn -0.0000 0.6704 -0.7420
vn 1.0000 0.0054 -0.0075
vn -1.0000 0.0054 -0.0075
vn -0.2513 -0.6479 0.7190
vn 0.2513 -0.6479 0.7190
vn -0.2496 0.6731 -0.6962
vn 0.2496 0.6731 -0.6962
vn -0.0000 0.5758 -0.8176
vn -0.7291 0.3906 -0.5621
vn -0.7336 -0.3698 0.5701
vn -0.0000 -0.5304 0.8478
vn 0.7336 -0.3698 0.5701
vn 0.7291 0.3906 -0.5621
vn 0.9998 0.0116 -0.0130
vn -0.9998 0.0116 -0.0130
vn -0.2725 -0.8794 0.3904
vn 0.2725 -0.8794 0.3904
vn -0.2595 0.8799 -0.3981
vn 0.2595 0.8799 -0.3981
vn -0.7485 -0.5330 0.3946
vn -0.0000 -0.7984 0.6022
vn 0.7485 -0.5330 0.3946
vn 0.7384 0.5461 -0.3956
vn -0.0000 0.8109 -0.5851
vn -0.7384 0.5461 -0.3956
vn 0.7472 0.6529 -0.1242
vn -0.0000 0.9846 -0.1747
vn -0.7472 0.6529 -0.1242
vn -0.7794 -0.6265 0.0055
vn -0.0000 -0.9995 0.0307
vn 0.7794 -0.6265 0.0055
vn -0.2544 -0.6049 -0.7546
vn 0.9274 0.0986 -0.3609
vn -0.9274 0.0986 -0.3609
vn -0.2540 0.3412 -0.9050
vn 0.2521 0.0130 0.9676
vn -0.2579 0.1132 -0.9595
vn -1.0000 0.0006 -0.0061
vn 0.2552 -0.2965 0.9203
vn -0.2597 -0.1204 0.9581
vn -0.2449 -0.0421 -0.9686
vn -1.0000 -0.0061 -0.0058
vn 0.2579 0.1132 -0.9595
vn 1.0000 0.0006 -0.0061
vn 0.2441 -0.3863 -0.8895
vn 0.2597 -0.1204 0.9581
vn 0.2449 -0.0421 -0.9686
vn -0.2521 0.0130 0.9676
vn 1.0000 -0.0061 -0.0058
vn -0.2585 0.4281 0.8660
vn 0.2670 -0.7228 -0.6374
vn -0.2419 0.1772 0.9540
vn 0.2678 -0.5976 -0.7558
vn 1.0000 0.0019 -0.0047
vn -0.2297 -0.1820 -0.9561
vn -1.0000 0.0019 -0.0047
vn 0.9999 -0.0011 -0.0113
vn 0.2585 0.4281 0.8660
vn 0.2297 -0.1820 -0.9561
vn 1.0000 0.0024 -0.0073
vn 0.2540 0.3412 -0.9050
vn -1.0000 0.0024 -0.0073
vn -0.2597 -0.9575 -0.1255
vn 0.9999 -0.0083 -0.0085
vn 0.2781 0.7003 0.6575
vn -0.2441 -0.3863 -0.8895
vn -0.2670 -0.7228 -0.6374
vn -0.9999 -0.0011 -0.0113
vn -0.2830 0.9266 0.2477
vn -0.2781 0.7003 0.6575
vn 0.2648 -0.9200 -0.2889
vn 0.9999 -0.0086 -0.0122
vn -0.9999 -0.0083 -0.0085
vn 0.2830 0.9266 0.2477
vn -0.9950 -0.0150 -0.0992
vn 0.3423 0.8375 -0.4259
vn -0.2648 -0.9200 -0.2889
vn 0.9950 -0.0150 -0.0992
vn -0.9999 -0.0086 -0.0122
vn -0.3423 0.8375 -0.4259
vn 0.2597 -0.9575 -0.1255
vn -0.4177 0.5997 -0.6826
vn 0.2419 0.1772 0.9540
vn 0.4183 0.5985 -0.6832
vn -0.2552 -0.2965 0.9203
vn 0.2914 0.9566 -0.0080
vn -0.2914 0.9566 -0.0080
vn -0.2473 0.5574 -0.7925
vn -0.2472 -0.5170 0.8195
vn 1.0000 0.0037 -0.0060
vn 0.2473 0.5574 -0.7925
vn 0.2472 -0.5170 0.8195
vn -1.0000 0.0037 -0.0060
vn -0.2603 -0.7718 0.5801
vn 0.9999 0.0073 -0.0077
vn 0.2547 0.7845 -0.5654
vn 0.2603 -0.7718 0.5801
vn -0.9999 0.0073 -0.0077
vn -0.2547 0.7845 -0.5654
vn 0.2620 0.9502 -0.1685
vn -0.2620 0.9502 -0.1685
vn -0.9987 0.0236 -0.0459
vn -0.2872 -0.9575 0.0254
vn 0.2872 -0.9575 0.0254
vn 0.9987 0.0236 -0.0459
vn 0.7828 0.6143 -0.0993
vn -0.0000 -0.7342 -0.6789
vn 0.9296 0.3522 -0.1087
vn 0.9262 -0.2569 -0.2760
vn -0.9296 0.3522 -0.1087
vn -0.9262 -0.2569 -0.2760
vn -0.5122 -0.7258 -0.4593
vn -0.1051 -0.8544 -0.5088
vn 0.1051 -0.8544 -0.5088
vn 0.5122 -0.7258 -0.4593
vn -0.5111 0.8592 -0.0241
vn -0.1051 0.9944 0.0064
vn 0.1051 0.9944 0.0064
vn 0.5111 0.8592 -0.0241
vn -0.0000 0.9989 0.0461
vn -0.7223 -0.4389 -0.5344
vn 0.7223 -0.4389 -0.5344
vn -0.7828 0.6143 -0.0993
vn -0.7351 0.2745 -0.6199
vn -0.7402 0.1914 -0.6445
vn -0.0000 -0.2516 0.9678
vn -0.0000 -0.3564 0.9343
vn 0.9298 0.1672 -0.3279
vn 0.9333 -0.1566 0.3231
vn -0.9298 0.1672 -0.3279
vn -0.9333 -0.1566 0.3231
vn -0.4740 -0.3700 0.7990
vn -0.0989 -0.4101 0.9067
vn 0.0989 -0.4101 0.9067
vn 0.4740 -0.3700 0.7990
vn -0.4722 0.4090 -0.7808
vn -0.0989 0.4646 -0.8800
vn 0.0989 0.4646 -0.8800
vn 0.4722 0.4090 -0.7808
vn -0.0000 0.1701 -0.9854
vn -0.0000 0.0706 -0.9975
vn -0.7451 -0.0616 0.6641
vn -0.7474 -0.1145 0.6545
vn -0.7426 0.1104 -0.6606
vn -0.7403 0.0482 -0.6705
vn 0.9332 0.0763 -0.3512
vn 0.9369 -0.0805 0.3402
vn -0.9332 0.0763 -0.3512
vn -0.9369 -0.0805 0.3402
vn -0.4868 -0.1843 0.8538
vn -0.1031 -0.2037 0.9736
vn 0.1031 -0.2037 0.9736
vn 0.4868 -0.1843 0.8538
vn -0.4837 0.1987 -0.8524
vn -0.1029 0.2284 -0.9681
vn 0.1029 0.2284 -0.9681
vn 0.4837 0.1987 -0.8524
vn -0.7451 -0.1781 0.6427
vn -0.7393 -0.2512 0.6247
vn -0.0000 0.4123 -0.9110
vn -0.0000 0.2924 -0.9563
vn 0.7451 -0.1781 0.6427
vn 0.7393 -0.2512 0.6247
vn 0.7351 0.2745 -0.6199
vn 0.7402 0.1914 -0.6445
vn -0.0000 -0.0227 0.9997
vn -0.0000 0.0498 0.9988
vn 0.7307 0.0397 0.6816
vn 0.7392 -0.0125 0.6733
vn 0.9319 0.0124 -0.3625
vn 0.9349 -0.0204 0.3542
vn -0.9319 0.0124 -0.3625
vn -0.9349 -0.0204 0.3542
vn -0.4829 -0.0487 0.8743
vn -0.1026 -0.0556 0.9932
vn 0.1026 -0.0556 0.9932
vn 0.4829 -0.0487 0.8743
vn -0.4777 0.0295 -0.8781
vn -0.1007 0.0303 -0.9945
vn 0.1007 0.0303 -0.9945
vn 0.4777 0.0295 -0.8781
vn 0.7451 -0.0616 0.6641
vn 0.7474 -0.1145 0.6545
vn -0.0000 -0.1614 0.9869
vn -0.0000 -0.0887 0.9961
vn 0.7426 0.1104 -0.6606
vn 0.7403 0.0482 -0.6705
vn 0.7124 -0.1013 -0.6944
vn 0.7096 -0.1577 -0.6867
vn -0.0000 0.1336 0.9910
vn -0.0000 0.2391 0.9710
vn 0.9245 -0.0375 -0.3793
vn 0.9289 0.0397 0.3683
vn -0.9245 -0.0375 -0.3793
vn -0.9289 0.0397 0.3683
vn -0.4650 0.0827 0.8814
vn -0.0981 0.0897 0.9911
vn 0.0981 0.0897 0.9911
vn 0.4650 0.0827 0.8814
vn -0.4533 -0.1008 -0.8856
vn -0.0923 -0.1181 -0.9887
vn 0.0923 -0.1181 -0.9887
vn 0.4534 -0.1008 -0.8856
vn 0.7332 0.0004 -0.6800
vn 0.7225 -0.0492 -0.6896
vn -0.0000 -0.0836 -0.9965
vn -0.0000 -0.0083 -1.0000
vn -0.7392 -0.0125 0.6733
vn -0.7307 0.0397 0.6816
vn -0.7225 -0.0492 -0.6896
vn -0.7332 0.0004 -0.6800
vn -0.0000 -0.4803 -0.8771
vn -0.0000 -0.3278 -0.9447
vn 0.7191 -0.2299 -0.6558
vn 0.7367 -0.3260 -0.5924
vn 0.9225 -0.1043 -0.3717
vn 0.9294 0.1094 0.3524
vn -0.9225 -0.1043 -0.3717
vn -0.9295 0.1094 0.3524
vn -0.4652 0.2640 0.8449
vn -0.0983 0.3013 0.9485
vn 0.0983 0.3013 0.9485
vn 0.4652 0.2640 0.8449
vn -0.4487 -0.2434 -0.8599
vn -0.0906 -0.2707 -0.9584
vn 0.0906 -0.2707 -0.9584
vn 0.4487 -0.2434 -0.8599
vn -0.0000 -0.2265 -0.9740
vn -0.0000 -0.1535 -0.9881
vn -0.7225 0.0965 0.6846
vn -0.7220 0.1638 0.6722
vn 0.7225 0.0965 0.6846
vn 0.7220 0.1638 0.6722
vn -0.7096 -0.1577 -0.6867
vn -0.7124 -0.1013 -0.6944
vn -0.7624 0.4249 0.4881
vn -0.7642 0.5182 0.3841
vn -0.0000 -0.8249 -0.5653
vn -0.0000 -0.6658 -0.7462
vn 0.9335 -0.2040 -0.2949
vn 0.9413 0.1968 0.2741
vn -0.9335 -0.2040 -0.2949
vn -0.9413 0.1968 0.2741
vn -0.5017 0.5051 0.7022
vn -0.1096 0.5845 0.8039
vn 0.1096 0.5845 0.8039
vn 0.5017 0.5051 0.7022
vn -0.4868 -0.4997 -0.7165
vn -0.1032 -0.5694 -0.8156
vn 0.1032 -0.5694 -0.8156
vn 0.4868 -0.4997 -0.7165
vn -0.7339 0.2460 0.6332
vn -0.7515 0.3352 0.5682
vn 0.7339 0.2460 0.6332
vn 0.7515 0.3352 0.5682
vn -0.7367 -0.3260 -0.5924
vn -0.7191 -0.2299 -0.6558
vn -0.0000 0.5192 0.8546
vn -0.0000 0.3739 0.9275
vn 0.7635 0.5969 0.2466
vn 0.7740 0.6273 0.0854
vn -0.7635 0.5969 0.2466
vn -0.7740 0.6273 0.0854
vn 0.9347 -0.3108 -0.1725
vn 0.9430 0.2903 0.1630
vn -0.9347 -0.3108 -0.1725
vn -0.9430 0.2903 0.1630
vn -0.5105 0.7474 0.4251
vn -0.1151 0.8645 0.4894
vn 0.1151 0.8645 0.4894
vn 0.5105 0.7474 0.4251
vn -0.4932 -0.7655 -0.4133
vn -0.1065 -0.8776 -0.4675
vn 0.1065 -0.8776 -0.4675
vn 0.4932 -0.7655 -0.4133
vn 0.7624 0.4249 0.4881
vn 0.7642 0.5182 0.3841
vn 0.7506 -0.5404 -0.3803
vn 0.7496 -0.4375 -0.4967
vn -0.7506 -0.5404 -0.3803
vn -0.7496 -0.4375 -0.4967
vn -0.0000 0.8028 0.5962
vn -0.0000 0.6582 0.7528
vn 0.8794 -0.4485 -0.1595
vn 0.7848 -0.6077 -0.1220
vn 0.8090 0.5758 -0.1177
vn 0.8917 0.3819 -0.2427
vn 0.9404 -0.3298 -0.0825
vn 0.9504 0.3108 -0.0152
vn -0.9404 -0.3298 -0.0825
vn -0.9504 0.3108 -0.0152
vn -0.5405 0.8411 -0.0196
vn -0.1129 0.9932 -0.0292
vn 0.1129 0.9932 -0.0292
vn 0.5405 0.8411 -0.0196
vn -0.5065 -0.8469 -0.1618
vn -0.1069 -0.9794 -0.1711
vn 0.1069 -0.9794 -0.1711
vn 0.5065 -0.8469 -0.1618
vn 0.7530 -0.6382 -0.1603
vn 0.7475 -0.6125 -0.2572
vn -0.7530 -0.6382 -0.1603
vn -0.7475 -0.6125 -0.2572
vn -0.0000 0.9921 0.1252
vn -0.0000 0.9261 0.3773
vn -0.0000 -0.9256 -0.3786
vn -0.0000 -0.9736 -0.2282
vn 0.9862 -0.1086 -0.1250
vn 0.9792 0.1438 -0.1434
vn -0.9862 -0.1086 -0.1250
vn -0.9792 0.1438 -0.1434
vn 0.0928 0.7130 -0.6950
vn 0.3659 0.6713 -0.6446
vn -0.8107 0.4541 -0.3695
vn -0.4720 0.6539 -0.5913
vn -0.3659 0.6713 -0.6446
vn -0.0928 0.7130 -0.6950
vn 0.4720 0.6539 -0.5913
vn 0.8107 0.4541 -0.3695
vn 0.0085 -0.9976 0.0690
vn 0.0527 -0.9964 0.0665
vn -0.7910 -0.5945 -0.1446
vn -0.2908 -0.9568 0.0041
vn -0.0527 -0.9964 0.0665
vn -0.0085 -0.9976 0.0690
vn 0.2908 -0.9568 0.0041
vn 0.7910 -0.5945 -0.1446
vn -0.8794 -0.4485 -0.1595
vn -0.7848 -0.6077 -0.1220
vn -0.0000 0.7999 -0.6002
vn -0.0000 0.9764 -0.2158
vn -0.8917 0.3819 -0.2427
vn -0.8090 0.5758 -0.1177
vn -0.0000 -0.9926 -0.1215
vn -0.0000 -0.9999 -0.0103
vn 0.9667 -0.2207 -0.1293
vn 0.1302 -0.9772 0.1679
vn -0.0000 -0.9877 0.1566
vn -0.1302 -0.9771 0.1681
vn -0.9667 -0.2207 -0.1293
vn -0.9100 0.2111 -0.3568
vn -0.0000 0.6889 -0.7249
vn 0.9099 0.2116 -0.3568
vn 0.9289 0.2547 -0.2689
vn 0.9347 -0.2427 0.2595
vn -0.9289 0.2547 -0.2689
vn -0.9347 -0.2427 0.2595
vn -0.4762 -0.5911 0.6510
vn -0.0995 -0.6646 0.7405
vn 0.0995 -0.6646 0.7405
vn 0.4762 -0.5911 0.6510
vn -0.4720 0.6122 -0.6344
vn -0.0991 0.6917 -0.7153
vn 0.0991 0.6917 -0.7153
vn 0.4720 0.6122 -0.6344
vn -0.0000 0.6342 -0.7732
vn -0.0000 0.5206 -0.8538
vn -0.7302 0.3515 -0.5859
vn -0.7295 0.4310 -0.5311
vn -0.7352 -0.4128 0.5376
vn -0.7341 -0.3285 0.5943
vn -0.0000 -0.4684 0.8835
vn -0.0000 -0.5974 0.8019
vn 0.7352 -0.4128 0.5376
vn 0.7341 -0.3285 0.5943
vn 0.7302 0.3515 -0.5859
vn 0.7295 0.4310 -0.5311
vn 0.9328 0.3265 -0.1524
vn 0.9434 -0.3059 0.1282
vn -0.9328 0.3265 -0.1524
vn -0.9434 -0.3059 0.1282
vn -0.5048 -0.7898 0.3484
vn -0.1094 -0.9080 0.4044
vn 0.1094 -0.9080 0.4044
vn 0.5048 -0.7898 0.3484
vn -0.4870 0.7957 -0.3602
vn -0.1032 0.9060 -0.4104
vn 0.1032 0.9060 -0.4104
vn 0.4870 0.7957 -0.3602
vn -0.7545 -0.5650 0.3339
vn -0.7433 -0.4968 0.4480
vn -0.0000 -0.7356 0.6774
vn -0.0000 -0.8566 0.5160
vn 0.7545 -0.5650 0.3339
vn 0.7433 -0.4968 0.4480
vn 0.7348 0.5109 -0.4463
vn 0.7418 0.5781 -0.3400
vn -0.0000 0.7550 -0.6557
vn -0.0000 0.8627 -0.5057
vn -0.7418 0.5781 -0.3400
vn -0.7348 0.5109 -0.4463
vn 0.7514 0.6564 -0.0677
vn 0.7460 0.6344 -0.2027
vn -0.0000 0.9538 -0.3006
vn -0.0000 0.9980 -0.0636
vn -0.7460 0.6344 -0.2027
vn -0.7514 0.6564 -0.0677
vn -0.7716 -0.6175 0.1528
vn -0.7770 -0.6025 -0.1826
vn -0.0000 -0.9676 0.2526
vn -0.0000 -0.9689 -0.2475
vn 0.7716 -0.6175 0.1528
vn 0.7770 -0.6025 -0.1826
vn -0.4800 -0.4993 -0.7213
vn -0.2703 -0.6916 -0.6698
vn -0.1207 -0.6404 -0.7585
vn 0.8622 -0.1084 -0.4948
vn 0.9584 0.0684 -0.2773
vn 0.9143 0.3073 -0.2639
vn -0.9143 0.3073 -0.2639
vn -0.9584 0.0684 -0.2773
vn -0.8623 -0.1083 -0.4948
vn -0.2516 0.3979 -0.8822
vn -0.1010 0.3520 -0.9305
vn -0.2562 0.2816 -0.9247
vn -0.4786 0.3078 -0.8223
vn 0.2549 -0.0214 0.9667
vn 0.1007 0.0125 0.9948
vn 0.2489 0.0495 0.9673
vn 0.4749 0.0136 0.8799
vn -0.2585 0.1640 -0.9520
vn -0.1030 0.1164 -0.9879
vn -0.2562 0.0693 -0.9641
vn -0.4838 0.1022 -0.8692
vn -1.0000 0.0020 -0.0054
vn -0.9317 0.1229 -0.3417
vn -1.0000 -0.0014 -0.0067
vn -0.9355 -0.1165 0.3337
vn 0.1013 -0.3022 0.9478
vn 0.2575 -0.2464 0.9343
vn 0.4814 -0.2733 0.8328
vn 0.2525 -0.3487 0.9026
vn -0.2599 -0.1579 0.9526
vn -0.4873 -0.1107 0.8662
vn -0.2588 -0.0863 0.9621
vn -0.1035 -0.1230 0.9870
vn -0.2495 -0.0057 -0.9684
vn -0.0967 -0.0453 -0.9943
vn -0.2401 -0.0783 -0.9676
vn -0.4664 -0.0352 -0.8839
vn -1.0000 -0.0056 -0.0066
vn -0.9334 0.0378 -0.3569
vn -1.0000 -0.0051 -0.0050
vn -0.9367 -0.0495 0.3467
vn 0.2585 0.1640 -0.9520
vn 0.4838 0.1022 -0.8692
vn 0.2562 0.0693 -0.9641
vn 0.1030 0.1164 -0.9879
vn 1.0000 0.0020 -0.0054
vn 0.9355 -0.1165 0.3337
vn 1.0000 -0.0014 -0.0067
vn 0.9317 0.1229 -0.3417
vn 0.2371 -0.3193 -0.9175
vn 0.4660 -0.3536 -0.8111
vn 0.2521 -0.4654 -0.8485
vn 0.0960 -0.3958 -0.9133
vn 0.2599 -0.1579 0.9526
vn 0.1035 -0.1230 0.9870
vn 0.2588 -0.0863 0.9621
vn 0.4873 -0.1107 0.8662
vn 0.2495 -0.0057 -0.9684
vn 0.4664 -0.0352 -0.8839
vn 0.2401 -0.0783 -0.9676
vn 0.0967 -0.0453 -0.9943
vn -0.2549 -0.0214 0.9667
vn -0.4749 0.0136 0.8799
vn -0.2489 0.0495 0.9673
vn -0.1007 0.0125 0.9948
vn 1.0000 -0.0056 -0.0066
vn 0.9367 -0.0495 0.3467
vn 1.0000 -0.0051 -0.0050
vn 0.9334 0.0378 -0.3569
vn -0.2516 0.3584 0.8990
vn -0.4836 0.3840 0.7866
vn -0.2655 0.4972 0.8260
vn -0.1037 0.4436 0.8902
vn 0.2647 -0.6411 -0.7204
vn 0.4962 -0.6493 -0.5764
vn 0.2667 -0.7933 -0.5473
vn 0.1070 -0.7470 -0.6562
vn -0.2431 0.1303 0.9612
vn -0.4591 0.1627 0.8734
vn -0.2428 0.2307 0.9422
vn -0.0965 0.1818 0.9786
vn 0.1187 -0.6372 -0.7615
vn 0.2703 -0.6916 -0.6698
vn 0.4820 -0.5035 -0.7170
vn 1.0000 -0.0002 -0.0044
vn 0.9322 0.0096 0.3618
vn 1.0000 0.0030 -0.0052
vn 0.9286 -0.0100 -0.3709
vn -0.2318 -0.1473 -0.9615
vn -0.0896 -0.1872 -0.9782
vn -0.2296 -0.2200 -0.9481
vn -0.4450 -0.1658 -0.8800
vn -1.0000 -0.0002 -0.0044
vn -0.9286 -0.0100 -0.3709
vn -1.0000 0.0030 -0.0052
vn -0.9322 0.0096 0.3618
vn 0.9999 0.0002 -0.0106
vn 0.9357 0.1523 0.3182
vn 0.9999 -0.0028 -0.0113
vn 0.9277 -0.1496 -0.3420
vn 0.1037 0.4436 0.8902
vn 0.2655 0.4972 0.8260
vn 0.4836 0.3840 0.7866
vn 0.2516 0.3584 0.8990
vn 0.2318 -0.1473 -0.9615
vn 0.4450 -0.1658 -0.8800
vn 0.2296 -0.2200 -0.9481
vn 0.0896 -0.1872 -0.9782
vn 1.0000 0.0029 -0.0064
vn 0.9270 0.0716 0.3681
vn 1.0000 0.0018 -0.0084
vn 0.9216 -0.0683 -0.3821
vn 0.2516 0.3979 -0.8822
vn 0.4786 0.3078 -0.8223
vn 0.2562 0.2816 -0.9247
vn 0.1010 0.3520 -0.9305
vn -1.0000 0.0029 -0.0064
vn -0.9216 -0.0683 -0.3821
vn -1.0000 0.0018 -0.0084
vn -0.9270 0.0716 0.3681
vn -0.2712 -0.9530 -0.1353
vn -0.0820 -0.9931 -0.0842
vn -0.0944 -0.9945 -0.0463
vn -0.3941 -0.9075 -0.1450
vn -0.5660 -0.8086 -0.1607
vn 0.9999 -0.0066 -0.0098
vn 0.9434 0.2437 0.2250
vn 0.9999 -0.0097 -0.0074
vn 0.9357 -0.2612 -0.2372
vn 0.1133 0.7250 0.6793
vn 0.2796 0.7699 0.5737
vn 0.5094 0.6274 0.5890
vn 0.2756 0.6312 0.7251
vn -0.2371 -0.3193 -0.9175
vn -0.0960 -0.3958 -0.9133
vn -0.2521 -0.4654 -0.8485
vn -0.4660 -0.3536 -0.8111
vn -0.2647 -0.6411 -0.7204
vn -0.1070 -0.7470 -0.6562
vn -0.2667 -0.7933 -0.5473
vn -0.4962 -0.6493 -0.5764
vn -0.9999 0.0002 -0.0106
vn -0.9277 -0.1496 -0.3420
vn -0.9999 -0.0028 -0.0113
vn -0.9357 0.1523 0.3182
vn -0.5149 0.8274 0.2242
vn -0.2867 0.9505 0.1201
vn -0.1153 0.9600 0.2550
vn -0.2812 0.8880 0.3639
vn -0.2756 0.6312 0.7251
vn -0.5094 0.6274 0.5890
vn -0.2796 0.7699 0.5737
vn -0.1133 0.7250 0.6793
vn 0.2644 -0.8918 -0.3671
vn 0.4925 -0.8296 -0.2633
vn 0.2668 -0.9376 -0.2231
vn 0.1064 -0.9492 -0.2963
vn 0.9999 -0.0096 -0.0078
vn 0.9433 0.3206 0.0857
vn 0.9997 -0.0082 -0.0220
vn 0.9348 -0.3367 -0.1129
vn -0.9999 -0.0066 -0.0098
vn -0.9357 -0.2612 -0.2372
vn -0.9999 -0.0097 -0.0074
vn -0.9434 0.2437 0.2250
vn 0.1153 0.9600 0.2550
vn 0.2867 0.9505 0.1201
vn 0.5149 0.8274 0.2242
vn 0.2812 0.8880 0.3639
vn -0.9977 -0.0122 -0.0661
vn -0.9576 -0.2674 -0.1073
vn -0.9940 -0.0036 -0.1089
vn -0.9633 0.2315 -0.1360
vn 0.1126 0.8975 -0.4263
vn 0.2536 0.7660 -0.5908
vn 0.5223 0.6973 -0.4909
vn 0.6163 0.7210 -0.3166
vn 0.3109 0.9277 -0.2065
vn -0.2644 -0.8918 -0.3671
vn -0.1064 -0.9492 -0.2963
vn -0.2668 -0.9376 -0.2231
vn -0.4925 -0.8296 -0.2633
vn 0.9977 -0.0122 -0.0661
vn 0.9633 0.2315 -0.1360
vn 0.9940 -0.0036 -0.1089
vn 0.9576 -0.2674 -0.1073
vn -0.9999 -0.0096 -0.0078
vn -0.9348 -0.3367 -0.1129
vn -0.9997 -0.0082 -0.0220
vn -0.9433 0.3206 0.0857
vn -0.6163 0.7210 -0.3166
vn -0.5223 0.6973 -0.4909
vn -0.2536 0.7660 -0.5908
vn -0.1126 0.8975 -0.4263
vn -0.3109 0.9278 -0.2065
vn 0.2712 -0.9530 -0.1353
vn 0.5660 -0.8086 -0.1607
vn 0.3941 -0.9075 -0.1450
vn 0.0944 -0.9945 -0.0463
vn 0.0820 -0.9931 -0.0842
vn -0.1307 0.6674 -0.7331
vn -0.2806 0.6573 -0.6994
vn -0.5567 0.5637 -0.6102
vn 0.2431 0.1303 0.9612
vn 0.0965 0.1818 0.9786
vn 0.2428 0.2307 0.9422
vn 0.4591 0.1627 0.8734
vn 0.6315 -0.7752 0.0184
vn 0.0052 -0.9871 0.1598
vn -0.0052 -0.9871 0.1598
vn -0.6315 -0.7752 0.0184
vn -0.9804 0.0445 -0.1919
vn 0.5574 0.5633 -0.6099
vn 0.2806 0.6573 -0.6994
vn 0.1298 0.6664 -0.7342
vn -0.4814 -0.2733 0.8328
vn -0.2575 -0.2464 0.9343
vn -0.1013 -0.3022 0.9478
vn -0.2525 -0.3487 0.9026
vn 0.9804 0.0446 -0.1921
vn 0.5765 0.8138 -0.0737
vn 0.2793 0.9601 0.0143
vn 0.0847 0.9953 0.0461
vn -0.0847 0.9953 0.0461
vn -0.2793 0.9601 0.0143
vn -0.5765 0.8138 -0.0737
vn -0.2479 0.5036 -0.8276
vn -0.4688 0.5069 -0.7234
vn -0.2479 0.6142 -0.7492
vn -0.0981 0.5730 -0.8137
vn -0.2479 -0.4573 0.8541
vn -0.0977 -0.5286 0.8432
vn -0.2484 -0.5812 0.7750
vn -0.4704 -0.4746 0.7440
vn 1.0000 0.0032 -0.0053
vn 0.9283 0.2102 -0.3068
vn 1.0000 0.0044 -0.0069
vn 0.9326 -0.1992 0.3008
vn 0.2479 0.5036 -0.8276
vn 0.0980 0.5730 -0.8137
vn 0.2479 0.6142 -0.7492
vn 0.4688 0.5069 -0.7234
vn 0.2479 -0.4573 0.8541
vn 0.4704 -0.4746 0.7440
vn 0.2484 -0.5812 0.7750
vn 0.0977 -0.5286 0.8432
vn -1.0000 0.0032 -0.0053
vn -0.9326 -0.1992 0.3008
vn -1.0000 0.0044 -0.0069
vn -0.9283 0.2102 -0.3068
vn -0.2555 -0.7126 0.6534
vn -0.1038 -0.7943 0.5986
vn -0.2658 -0.8265 0.4962
vn -0.4882 -0.6990 0.5225
vn 1.0000 0.0063 -0.0076
vn 0.9313 0.2938 -0.2152
vn 0.9999 0.0089 -0.0089
vn 0.9382 -0.2797 0.2039
vn 0.2520 0.7308 -0.6343
vn 0.1012 0.8069 -0.5819
vn 0.2573 0.8340 -0.4881
vn 0.4797 0.7116 -0.5133
vn 0.2555 -0.7126 0.6534
vn 0.4882 -0.6990 0.5225
vn 0.2658 -0.8265 0.4962
vn 0.1038 -0.7943 0.5986
vn -1.0000 0.0063 -0.0076
vn -0.9382 -0.2797 0.2039
vn -0.9999 0.0089 -0.0089
vn -0.9313 0.2938 -0.2152
vn -0.2520 0.7308 -0.6343
vn -0.4797 0.7116 -0.5133
vn -0.2573 0.8340 -0.4881
vn -0.1012 0.8069 -0.5819
vn 0.2610 0.9209 -0.2895
vn 0.1042 0.9793 -0.1735
vn 0.2645 0.9622 -0.0645
vn 0.4912 0.8573 -0.1542
vn -0.2610 0.9209 -0.2895
vn -0.4912 0.8573 -0.1542
vn -0.2645 0.9622 -0.0645
vn -0.1042 0.9793 -0.1735
vn -0.9996 0.0166 -0.0231
vn -0.9499 -0.3123 -0.0163
vn -0.9948 0.0330 -0.0959
vn -0.9316 0.3537 -0.0835
vn -0.2806 -0.9292 0.2405
vn -0.1151 -0.9929 0.0292
vn -0.2865 -0.9262 -0.2452
vn -0.5261 -0.8502 0.0190
vn 0.2806 -0.9292 0.2405
vn 0.5261 -0.8502 0.0190
vn 0.2865 -0.9262 -0.2452
vn 0.1151 -0.9929 0.0292
vn 0.9996 0.0166 -0.0231
vn 0.9316 0.3537 -0.0835
vn 0.9948 0.0330 -0.0959
vn 0.9499 -0.3123 -0.0163
vn -0.4935 -0.6062 -0.6237
vn -0.1001 -0.7273 -0.6790
vn 0.8926 -0.1964 -0.4059
vn 0.9246 0.3377 -0.1764
vn -0.9246 0.3377 -0.1764
vn -0.8926 -0.1964 -0.4058
vn -0.4753 0.3598 -0.8029
vn -0.0999 0.4100 -0.9066
vn -0.1021 0.2906 -0.9514
vn -0.4816 0.2534 -0.8390
vn 0.4794 -0.0183 0.8774
vn 0.1018 -0.0225 0.9946
vn 0.0994 0.0498 0.9938
vn 0.4700 0.0473 0.8814
vn -0.4845 0.1474 -0.8623
vn -0.1032 0.1692 -0.9802
vn -0.1021 0.0706 -0.9923
vn -0.4815 0.0634 -0.8742
vn -0.9344 -0.1362 0.3292
vn -0.9308 0.1456 -0.3353
vn -0.9326 0.0995 -0.3470
vn -0.9364 -0.0978 0.3371
vn 0.1001 -0.3555 0.9293
vn 0.1024 -0.2511 0.9625
vn 0.4846 -0.2272 0.8447
vn 0.4777 -0.3212 0.8177
vn -0.1035 -0.1611 0.9815
vn -0.4877 -0.1455 0.8608
vn -0.4856 -0.0789 0.8706
vn -0.1032 -0.0884 0.9907
vn -0.4725 -0.0026 -0.8813
vn -0.0989 -0.0077 -0.9951
vn -0.0945 -0.0825 -0.9921
vn -0.4597 -0.0682 -0.8854
vn -0.9370 -0.0645 0.3433
vn -0.9335 0.0553 -0.3544
vn -0.9329 0.0238 -0.3594
vn -0.9359 -0.0350 0.3504
vn 0.1032 0.1692 -0.9802
vn 0.4845 0.1474 -0.8623
vn 0.4815 0.0634 -0.8742
vn 0.1021 0.0706 -0.9923
vn 0.9308 0.1456 -0.3353
vn 0.9344 -0.1362 0.3292
vn 0.9364 -0.0978 0.3371
vn 0.9326 0.0995 -0.3470
vn 0.0929 -0.3266 -0.9406
vn 0.4559 -0.2934 -0.8402
vn 0.4770 -0.4233 -0.7703
vn 0.0997 -0.4780 -0.8727
vn 0.4877 -0.1455 0.8608
vn 0.1035 -0.1611 0.9815
vn 0.1032 -0.0884 0.9907
vn 0.4856 -0.0789 0.8706
vn 0.0989 -0.0077 -0.9951
vn 0.4725 -0.0026 -0.8813
vn 0.4597 -0.0682 -0.8854
vn 0.0945 -0.0825 -0.9921
vn -0.1018 -0.0225 0.9946
vn -0.4794 -0.0183 0.8774
vn -0.4700 0.0473 0.8814
vn -0.0994 0.0498 0.9938
vn 0.9335 0.0553 -0.3544
vn 0.9370 -0.0645 0.3433
vn 0.9359 -0.0350 0.3504
vn 0.9329 0.0238 -0.3594
vn -0.1007 0.3711 0.9231
vn -0.4734 0.3227 0.8196
vn -0.4936 0.4452 0.7471
vn -0.1068 0.5153 0.8503
vn 0.1058 -0.6618 -0.7422
vn 0.4935 -0.5769 -0.6508
vn 0.4954 -0.7131 -0.4960
vn 0.1070 -0.8197 -0.5627
vn -0.0970 0.1331 0.9863
vn -0.4610 0.1207 0.8792
vn -0.4603 0.2103 0.8625
vn -0.0969 0.2376 0.9665
vn 0.1001 -0.7273 -0.6790
vn 0.4935 -0.6062 -0.6237
vn 0.9305 0.0017 -0.3664
vn 0.9337 -0.0055 0.3580
vn 0.9305 0.0247 0.3654
vn 0.9266 -0.0232 -0.3754
vn -0.4481 -0.1329 -0.8840
vn -0.0906 -0.1524 -0.9842
vn -0.0895 -0.2255 -0.9701
vn -0.4450 -0.2018 -0.8725
vn -0.9337 -0.0055 0.3580
vn -0.9305 0.0017 -0.3664
vn -0.9266 -0.0232 -0.3754
vn -0.9305 0.0247 0.3654
vn 0.9247 -0.1257 -0.3594
vn 0.9323 0.1305 0.3373
vn 0.9389 0.1744 0.2967
vn 0.9309 -0.1759 -0.3202
vn 0.1007 0.3711 0.9231
vn 0.1068 0.5154 0.8503
vn 0.4936 0.4452 0.7471
vn 0.4734 0.3227 0.8196
vn 0.0906 -0.1524 -0.9842
vn 0.4481 -0.1329 -0.8840
vn 0.4450 -0.2018 -0.8725
vn 0.0895 -0.2255 -0.9701
vn 0.9227 -0.0525 -0.3819
vn 0.9276 0.0551 0.3696
vn 0.9276 0.0897 0.3626
vn 0.9214 -0.0854 -0.3791
vn 0.0999 0.4100 -0.9066
vn 0.4753 0.3598 -0.8029
vn 0.4816 0.2534 -0.8390
vn 0.1021 0.2907 -0.9514
vn -0.9276 0.0551 0.3696
vn -0.9227 -0.0525 -0.3819
vn -0.9214 -0.0854 -0.3791
vn -0.9276 0.0897 0.3626
vn -0.5249 -0.8394 -0.1411
vn -0.1018 -0.9869 -0.1252
vn -0.0411 -0.9989 -0.0216
vn -0.1789 -0.9825 -0.0515
vn -0.6680 -0.7216 -0.1818
vn 0.9352 -0.2328 -0.2670
vn 0.9428 0.2199 0.2505
vn 0.9433 0.2677 0.1961
vn 0.9354 -0.2878 -0.2056
vn 0.1118 0.6536 0.7486
vn 0.1145 0.7972 0.5928
vn 0.5103 0.6896 0.5138
vn 0.5069 0.5654 0.6507
vn -0.4559 -0.2934 -0.8402
vn -0.0929 -0.3266 -0.9406
vn -0.0997 -0.4780 -0.8727
vn -0.4770 -0.4233 -0.7703
vn -0.4935 -0.5769 -0.6508
vn -0.1058 -0.6618 -0.7422
vn -0.1070 -0.8197 -0.5627
vn -0.4954 -0.7131 -0.4960
vn -0.9323 0.1305 0.3373
vn -0.9247 -0.1257 -0.3594
vn -0.9309 -0.1759 -0.3202
vn -0.9389 0.1744 0.2967
vn -0.5112 0.7946 0.3275
vn -0.5240 0.8445 0.1107
vn -0.1145 0.9857 0.1239
vn -0.1154 0.9197 0.3753
vn -0.1118 0.6536 0.7486
vn -0.5069 0.5654 0.6507
vn -0.5103 0.6896 0.5138
vn -0.1145 0.7972 0.5928
vn 0.1062 -0.9201 -0.3769
vn 0.4917 -0.8043 -0.3338
vn 0.4968 -0.8433 -0.2050
vn 0.1069 -0.9679 -0.2276
vn 0.9344 -0.3275 -0.1404
vn 0.9426 0.3090 0.1262
vn 0.9458 0.3223 0.0394
vn 0.9366 -0.3380 -0.0927
vn -0.9428 0.2199 0.2505
vn -0.9352 -0.2328 -0.2670
vn -0.9354 -0.2878 -0.2056
vn -0.9433 0.2677 0.1961
vn 0.1154 0.9197 0.3753
vn 0.1145 0.9857 0.1239
vn 0.5240 0.8445 0.1107
vn 0.5112 0.7946 0.3275
vn -0.9565 0.2813 -0.0778
vn -0.9474 -0.3081 -0.0866
vn -0.9724 -0.1984 -0.1225
vn -0.9734 0.1772 -0.1451
vn 0.1126 0.9700 -0.2154
vn 0.0994 0.7922 -0.6020
vn 0.4057 0.7154 -0.5688
vn 0.7184 0.5831 -0.3793
vn 0.5695 0.8046 -0.1681
vn -0.4917 -0.8043 -0.3338
vn -0.1062 -0.9201 -0.3769
vn -0.1069 -0.9679 -0.2276
vn -0.4968 -0.8433 -0.2050
vn 0.9474 -0.3081 -0.0866
vn 0.9565 0.2813 -0.0778
vn 0.9734 0.1772 -0.1451
vn 0.9724 -0.1984 -0.1225
vn -0.9426 0.3090 0.1262
vn -0.9344 -0.3275 -0.1404
vn -0.9366 -0.3380 -0.0927
vn -0.9458 0.3223 0.0394
vn -0.5695 0.8046 -0.1681
vn -0.7184 0.5831 -0.3793
vn -0.4057 0.7154 -0.5688
vn -0.0994 0.7922 -0.6020
vn -0.1126 0.9700 -0.2154
vn 0.1018 -0.9869 -0.1252
vn 0.5249 -0.8394 -0.1411
vn 0.6680 -0.7216 -0.1818
vn 0.1789 -0.9825 -0.0515
vn 0.0411 -0.9989 -0.0216
vn -0.1141 0.6877 -0.7170
vn -0.4149 0.6248 -0.6614
vn -0.7710 0.3995 -0.4959
vn 0.4610 0.1207 0.8792
vn 0.0970 0.1331 0.9863
vn 0.0969 0.2376 0.9665
vn 0.4603 0.2103 0.8625
vn 0.3406 -0.9330 0.1157
vn 0.8660 -0.4950 -0.0715
vn 0.0019 -0.9876 0.1571
vn 0.0293 -0.9854 0.1674
vn -0.0294 -0.9854 0.1675
vn -0.0019 -0.9876 0.1571
vn -0.8660 -0.4950 -0.0715
vn -0.3405 -0.9331 0.1158
vn -0.9633 0.1042 -0.2475
vn -0.9858 -0.0435 -0.1619
vn 0.7709 0.3999 -0.4957
vn 0.4149 0.6248 -0.6614
vn 0.1141 0.6877 -0.7170
vn -0.4777 -0.3212 0.8177
vn -0.4846 -0.2272 0.8447
vn -0.1024 -0.2511 0.9625
vn -0.1001 -0.3555 0.9293
vn 0.9858 -0.0436 -0.1620
vn 0.9633 0.1042 -0.2475
vn 0.5386 0.8419 -0.0346
vn 0.1014 0.9941 0.0397
vn -0.1014 0.9941 0.0397
vn -0.5386 0.8419 -0.0346
vn -0.0983 0.5179 -0.8498
vn -0.4699 0.4573 -0.7551
vn -0.4695 0.5588 -0.6836
vn -0.0983 0.6311 -0.7694
vn -0.4713 -0.4206 0.7753
vn -0.0980 -0.4670 0.8788
vn -0.0982 -0.5951 0.7976
vn -0.4721 -0.5320 0.7029
vn 0.9327 -0.1775 0.3141
vn 0.9289 0.1885 -0.3189
vn 0.9283 0.2324 -0.2903
vn 0.9334 -0.2212 0.2826
vn 0.4699 0.4573 -0.7551
vn 0.0983 0.5179 -0.8498
vn 0.0983 0.6311 -0.7694
vn 0.4695 0.5588 -0.6836
vn 0.0980 -0.4670 0.8788
vn 0.4713 -0.4206 0.7753
vn 0.4721 -0.5320 0.7029
vn 0.0982 -0.5951 0.7976
vn -0.9289 0.1885 -0.3189
vn -0.9327 -0.1775 0.3141
vn -0.9334 -0.2212 0.2826
vn -0.9283 0.2324 -0.2903
vn -0.4818 -0.6477 0.5902
vn -0.1015 -0.7322 0.6735
vn -0.1063 -0.8519 0.5128
vn -0.4956 -0.7457 0.4453
vn 0.9363 -0.2625 0.2331
vn 0.9301 0.2753 -0.2433
vn 0.9324 0.3106 -0.1851
vn 0.9404 -0.2942 0.1705
vn 0.4756 0.6639 -0.5770
vn 0.1001 0.7513 -0.6523
vn 0.1023 0.8583 -0.5028
vn 0.4837 0.7553 -0.4423
vn 0.1015 -0.7322 0.6735
vn 0.4818 -0.6477 0.5902
vn 0.4956 -0.7457 0.4453
vn 0.1064 -0.8519 0.5128
vn -0.9301 0.2753 -0.2433
vn -0.9363 -0.2625 0.2331
vn -0.9404 -0.2942 0.1705
vn -0.9324 0.3106 -0.1851
vn -0.1001 0.7513 -0.6523
vn -0.4756 0.6639 -0.5770
vn -0.4837 0.7553 -0.4423
vn -0.1023 0.8583 -0.5028
vn 0.4893 0.8318 -0.2621
vn 0.1039 0.9487 -0.2987
vn 0.1046 0.9925 -0.0638
vn 0.4965 0.8655 -0.0659
vn -0.1039 0.9487 -0.2987
vn -0.4893 0.8318 -0.2621
vn -0.4965 0.8655 -0.0658
vn -0.1046 0.9925 -0.0638
vn -0.9325 0.3419 -0.1165
vn -0.9472 -0.3132 0.0688
vn -0.9457 -0.2960 -0.1341
vn -0.9309 0.3574 -0.0749
vn -0.5161 -0.8298 0.2121
vn -0.1129 -0.9615 0.2504
vn -0.1125 -0.9620 -0.2488
vn -0.5266 -0.8201 -0.2238
vn 0.1129 -0.9615 0.2504
vn 0.5161 -0.8298 0.2121
vn 0.5266 -0.8201 -0.2238
vn 0.1125 -0.9620 -0.2488
vn 0.9472 -0.3132 0.0688
vn 0.9325 0.3419 -0.1165
vn 0.9309 0.3574 -0.0749
vn 0.9457 -0.2960 -0.1341
vn 0.1658 -0.6013 -0.7816
vn 0.2973 0.9545 -0.0221
vn -0.8447 0.4810 -0.2348
vn -0.2974 0.9545 -0.0221
vn -0.9114 0.2589 -0.3199
vn -0.9050 0.0907 -0.4156
vn -0.8292 -0.0867 -0.5522
vn 0.6199 0.7779 -0.1030
vn 0.8292 -0.0868 -0.5522
vn 0.9050 0.0907 -0.4156
vn -0.6199 0.7779 -0.1030
vn 0.0823 0.9960 0.0335
vn -0.2696 -0.5721 -0.7746
vn -0.0042 -0.6076 -0.7943
vn 0.9114 0.2590 -0.3199
vn 0.6739 -0.2919 -0.6788
vn 0.8447 0.4809 -0.2349
vn -0.6768 -0.2808 -0.6805
vn -0.0000 0.9977 0.0675
vn 0.2925 -0.5627 -0.7732
vn -0.0823 0.9960 0.0335
vn -0.1648 -0.6115 -0.7739
vn -0.4592 -0.4595 -0.7602
vn 0.4711 -0.4629 -0.7509
vn 0.1225 -0.9713 0.2037
vn 0.3594 0.6051 -0.7104
vn -0.0000 -0.9803 0.1974
vn -0.1225 -0.9713 0.2041
vn -0.3606 0.6074 -0.7078
vn 0.3700 -0.9147 0.1625
vn 0.6962 -0.7151 0.0631
vn 0.9772 -0.1533 -0.1467
vn 0.9255 0.0848 -0.3692
vn 0.8514 0.1962 -0.4864
vn -0.6817 0.4229 -0.5970
vn -0.9255 0.0848 -0.3692
vn -0.9774 -0.0130 -0.2112
vn -0.6961 -0.7151 0.0631
vn -0.0075 -0.9797 0.2004
vn -0.0024 -0.9801 0.1983
vn -0.0368 -0.9785 0.2029
vn 0.0024 -0.9801 0.1983
vn 0.0075 -0.9797 0.2004
vn 0.1241 0.6461 -0.7531
vn 0.0365 -0.9786 0.2027
vn 0.6820 0.4232 -0.5964
vn -0.0000 0.6499 -0.7600
vn -0.1254 0.6478 -0.7514
vn -0.3698 -0.9148 0.1626
vn 0.9111 -0.4087 -0.0540
vn -0.9616 0.0382 -0.2717
vn -0.9773 -0.1531 -0.1466
vn 0.9773 -0.0130 -0.2115
vn 0.9616 0.0383 -0.2718
vn -0.8520 0.1944 -0.4862
vn -0.9111 -0.4087 -0.0540
vn 0.3827 -0.0000 -0.9239
vn 0.7071 -0.0000 -0.7071
vn 0.8315 -0.0000 -0.5556
vn 0.9808 -0.0000 0.1951
vn 0.7071 -0.0000 0.7071
vn 0.1951 -0.0000 0.9808
vn -0.0000 -0.0000 1.0000
vn -0.1951 -0.0000 0.9808
vn -0.5556 -0.0000 0.8315
vn -0.7071 -0.0000 0.7071
vn -0.9808 -0.0000 0.1951
vn -0.9808 -0.0000 -0.1951
vn -0.9239 -0.0000 -0.3827
vn -0.5556 -0.0000 -0.8315
vn -0.3827 -0.0000 -0.9239
vn 0.1951 -0.0000 -0.9808
vn -0.0000 -0.0000 -1.0000
vn 0.5556 -0.0000 -0.8315
vn 0.9239 -0.0000 -0.3827
vn 0.9808 -0.0000 -0.1951
vn 1.0000 -0.0000 -0.0000
vn 0.9239 -0.0000 0.3827
vn 0.8315 -0.0000 0.5556
vn 0.5556 -0.0000 0.8315
vn 0.3827 -0.0000 0.9239
vn -0.3827 -0.0000 0.9239
vn -0.8315 -0.0000 0.5556
vn -0.9239 -0.0000 0.3827
vn -1.0000 -0.0000 -0.0000
vn -0.8315 -0.0000 -0.5556
vn -0.7071 -0.0000 -0.7071
vn -0.1951 -0.0000 -0.9808
vn 0.7730 -0.0000 -0.6344
vn 0.0980 -0.0000 0.9952
vn -0.0980 -0.0000 0.9952
vn -0.6344 -0.0000 0.7730
vn -0.9569 -0.0000 -0.2903
vn -0.4714 -0.0000 -0.8819
vn 0.0980 -0.0000 -0.9952
vn 0.9569 -0.0000 -0.2903
vn 0.9952 -0.0000 -0.0980
vn 0.8819 -0.0000 0.4714
vn 0.4714 -0.0000 0.8819
vn -0.8819 -0.0000 0.4714
vn -0.7730 -0.0000 -0.6344
vn -0.0980 -0.0000 -0.9952
vn 0.2903 -0.0000 -0.9569
vn 0.4714 -0.0000 -0.8819
vn 0.6344 -0.0000 -0.7730
vn 0.8819 -0.0000 -0.4714
vn 0.9952 -0.0000 0.0980
vn 0.9569 -0.0000 0.2903
vn 0.7730 -0.0000 0.6344
vn 0.6344 -0.0000 0.7730
vn 0.2903 -0.0000 0.9569
vn -0.2903 -0.0000 0.9569
vn -0.4714 -0.0000 0.8819
vn -0.7730 -0.0000 0.6344
vn -0.9569 -0.0000 0.2903
vn -0.9952 -0.0000 0.0980
vn -0.9952 -0.0000 -0.0980
vn -0.8819 -0.0000 -0.4714
vn -0.6344 -0.0000 -0.7730
vn -0.2903 -0.0000 -0.9569
vn 0.0969 -0.0030 -0.9953
vn 0.2064 0.0002 -0.9785
vn 0.2009 -0.0037 -0.9796
vn -0.2078 0.0004 -0.9782
vn -0.2024 -0.0000 -0.9793
vn -0.0980 0.0004 -0.9952
vn -0.2430 -0.0000 -0.9700
vn -0.2377 -0.0000 -0.9713
vn 0.1467 -0.0000 -0.9892
vn 0.1439 -0.0073 -0.9896
vn 0.2430 -0.0000 -0.9700
vn 0.2380 0.0005 -0.9713
vn -0.1467 -0.0000 -0.9892
vn -0.1466 0.0008 -0.9892
vn -0.0491 -0.0000 -0.9988
vn 0.0491 -0.0000 -0.9988
vn 0.1319 -0.1591 -0.9784
vn 0.1485 -0.3186 -0.9362
vn 0.2519 0.6269 -0.7372
vn 0.1746 0.3039 -0.9366
vn -0.3928 0.1487 -0.9075
vn -0.6475 0.2766 -0.7100
vn -0.1745 0.3034 -0.9367
vn -0.2519 0.6261 -0.7379
vn -0.7105 0.2044 -0.6734
vn -0.4650 0.0644 -0.8830
vn -0.6393 0.0842 -0.7643
vn -0.4506 0.0360 -0.8920
vn -0.6068 0.0124 -0.7948
vn -0.4283 -0.0021 -0.9036
vn 0.3233 0.2296 -0.9180
vn 0.4261 0.5186 -0.7413
vn 0.4294 -0.0019 -0.9031
vn 0.6088 0.0128 -0.7932
vn 0.6412 0.0848 -0.7627
vn 0.4517 0.0362 -0.8914
vn -0.3229 0.2290 -0.9183
vn -0.4257 0.5177 -0.7422
vn 0.0698 0.3610 -0.9300
vn 0.0622 0.6889 -0.7222
vn -0.1859 -0.1477 -0.9714
vn -0.2049 -0.3147 -0.9268
vn -0.0049 -0.3245 -0.9459
vn -0.0017 -0.1461 -0.9893
vn 0.4660 0.0648 -0.8824
vn 0.7118 0.2050 -0.6718
vn 0.3934 -0.0640 -0.9172
vn 0.5307 -0.1260 -0.8381
vn 0.6485 0.2775 -0.7088
vn 0.3933 0.1491 -0.9072
vn -0.3991 -0.0582 -0.9151
vn -0.5370 -0.1242 -0.8344
vn -0.0000 0.3808 -0.9246
vn -0.0000 0.7028 -0.7114
vn 0.1975 -0.1468 -0.9692
vn 0.2258 -0.3011 -0.9265
vn -0.0699 0.3607 -0.9301
vn -0.0623 0.6885 -0.7225
vn -0.1327 -0.1652 -0.9773
vn -0.1495 -0.3241 -0.9341
vn -0.2607 -0.1024 -0.9600
vn -0.3897 -0.2390 -0.8894
vn 0.3943 -0.2416 -0.8867
vn 0.2724 -0.1111 -0.9558
vn 0.1451 -0.4076 -0.9016
vn 0.1725 -0.7541 -0.6338
vn 0.1655 0.1541 -0.9741
vn 0.2967 0.3386 -0.8929
vn -0.0000 -0.7686 -0.6397
vn -0.0000 -0.4266 -0.9044
vn -0.1456 -0.4078 -0.9014
vn -0.1732 -0.7544 -0.6332
vn -0.1673 0.1608 -0.9727
vn -0.2923 0.3392 -0.8942
vn 0.3381 -0.6921 -0.6378
vn 0.2872 -0.3680 -0.8844
vn 0.5386 -0.5154 -0.6665
vn 0.3869 -0.2555 -0.8860
vn 0.6875 -0.1133 -0.7173
vn 0.4779 -0.0466 -0.8772
vn 0.4329 0.0092 -0.9014
vn 0.6267 0.0133 -0.7792
vn 0.5676 0.0671 -0.8206
vn 0.3989 0.0483 -0.9157
vn -0.4616 0.2187 -0.8597
vn -0.3013 0.0956 -0.9487
vn -0.6291 0.0159 -0.7772
vn -0.4350 0.0111 -0.9004
vn -0.6771 -0.0217 -0.7356
vn -0.4683 -0.0070 -0.8835
vn -0.5379 -0.5162 -0.6665
vn -0.3867 -0.2551 -0.8862
vn -0.0534 -0.4241 -0.9040
vn -0.0474 -0.7677 -0.6390
vn -0.0423 -0.7680 -0.6391
vn -0.0505 -0.4240 -0.9042
vn -0.0694 -0.7645 -0.6409
vn -0.0679 -0.4223 -0.9039
vn 0.0423 -0.7679 -0.6391
vn 0.0505 -0.4240 -0.9042
vn 0.0474 -0.7677 -0.6391
vn 0.0534 -0.4241 -0.9040
vn 0.0932 0.3623 -0.9274
vn 0.0750 0.1844 -0.9800
vn 0.0675 -0.4222 -0.9040
vn 0.0688 -0.7645 -0.6410
vn 0.3001 0.0949 -0.9492
vn 0.4584 0.2262 -0.8595
vn -0.0000 0.1910 -0.9816
vn -0.0000 0.3712 -0.9286
vn -0.0758 0.1852 -0.9798
vn -0.0954 0.3634 -0.9267
vn -0.2868 -0.3678 -0.8846
vn -0.3378 -0.6929 -0.6370
vn 0.4299 -0.1181 -0.8951
vn 0.6594 -0.2898 -0.6937
vn -0.4554 0.0035 -0.8903
vn -0.6575 0.0058 -0.7534
vn -0.4778 -0.0469 -0.8772
vn -0.6877 -0.1131 -0.7172
vn 0.4682 -0.0065 -0.8836
vn 0.6765 -0.0220 -0.7361
vn 0.4551 0.0041 -0.8904
vn 0.6567 0.0060 -0.7541
vn -0.4034 0.0445 -0.9140
vn -0.5754 0.0661 -0.8152
vn -0.4282 -0.1179 -0.8960
vn -0.6593 -0.2894 -0.6939
vn -0.7070 0.0192 0.7070
vn -0.8313 0.0192 0.5555
vn 0.1951 0.0192 0.9806
vn -0.0000 0.0192 0.9998
vn 0.3826 0.0192 -0.9237
vn 0.5555 0.0192 -0.8313
vn -0.9237 0.0192 0.3826
vn 0.7070 0.0192 -0.7070
vn -0.9806 0.0192 0.1951
vn 0.8313 0.0192 -0.5555
vn -0.9998 0.0192 -0.0000
vn 0.9237 0.0192 -0.3826
vn -0.9806 0.0192 -0.1951
vn 0.9806 0.0192 -0.1951
vn -0.9237 0.0192 -0.3826
vn 0.9998 0.0192 -0.0000
vn -0.8313 0.0192 -0.5555
vn 0.9806 0.0192 0.1951
vn -0.7070 0.0192 -0.7070
vn 0.9237 0.0192 0.3826
vn -0.5555 0.0192 -0.8313
vn 0.8313 0.0192 0.5555
vn -0.3826 0.0192 -0.9237
vn -0.1951 0.0192 0.9806
vn 0.7070 0.0192 0.7070
vn -0.1951 0.0192 -0.9806
vn -0.3826 0.0192 0.9237
vn 0.5555 0.0192 0.8313
vn -0.0000 0.0192 -0.9998
vn -0.5555 0.0192 0.8313
vn 0.3826 0.0192 0.9237
vn 0.1951 0.0192 -0.9806
vn 0.0284 0.9972 -0.0687
vn 0.2501 0.7569 -0.6038
vn 0.1011 0.9644 -0.2442
vn 0.1922 0.8648 -0.4639
vn 0.2712 0.7055 -0.6547
vn 0.3317 0.4985 -0.8009
vn 0.3692 0.2631 -0.8913
vn 0.4621 0.7569 -0.4621
vn 0.0525 0.9972 -0.0525
vn 0.6822 0.2631 -0.6822
vn 0.6130 0.4985 -0.6130
vn 0.5011 0.7055 -0.5011
vn 0.3551 0.8648 -0.3551
vn 0.1869 0.9644 -0.1869
vn 0.0618 0.9972 -0.0413
vn 0.5434 0.7569 -0.3631
vn 0.2198 0.9644 -0.1468
vn 0.4175 0.8648 -0.2790
vn 0.5892 0.7055 -0.3937
vn 0.7208 0.4985 -0.4816
vn 0.8022 0.2631 -0.5360
vn 0.0729 0.9972 0.0145
vn 0.6410 0.7569 0.1275
vn 0.2592 0.9644 0.0516
vn 0.4925 0.8648 0.0980
vn 0.6951 0.7055 0.1383
vn 0.8502 0.4985 0.1691
vn 0.9462 0.2631 0.1882
vn 0.0526 0.9972 0.0525
vn 0.4621 0.7569 0.4621
vn 0.1869 0.9644 0.1869
vn 0.3551 0.8648 0.3551
vn 0.5011 0.7055 0.5011
vn 0.6130 0.4985 0.6130
vn 0.6822 0.2631 0.6822
vn 0.1275 0.7569 0.6410
vn 0.0145 0.9972 0.0729
vn 0.1882 0.2632 0.9462
vn 0.1691 0.4985 0.8502
vn 0.1383 0.7055 0.6951
vn 0.0980 0.8648 0.4925
vn 0.0516 0.9644 0.2592
vn -0.0000 0.9972 0.0743
vn -0.0000 0.7569 0.6535
vn -0.0000 0.9644 0.2643
vn -0.0000 0.8648 0.5021
vn -0.0000 0.7055 0.7087
vn -0.0000 0.4985 0.8669
vn -0.0000 0.2631 0.9648
vn -0.0145 0.9972 0.0729
vn -0.1275 0.7569 0.6410
vn -0.0516 0.9644 0.2592
vn -0.0980 0.8648 0.4925
vn -0.1383 0.7055 0.6951
vn -0.1691 0.4985 0.8502
vn -0.1882 0.2632 0.9462
vn -0.3631 0.7569 0.5434
vn -0.0413 0.9972 0.0618
vn -0.5360 0.2631 0.8022
vn -0.4816 0.4985 0.7208
vn -0.3937 0.7055 0.5892
vn -0.2790 0.8648 0.4175
vn -0.1468 0.9644 0.2197
vn -0.0525 0.9972 0.0525
vn -0.4621 0.7569 0.4621
vn -0.1869 0.9644 0.1869
vn -0.3551 0.8648 0.3551
vn -0.5011 0.7055 0.5011
vn -0.6130 0.4985 0.6130
vn -0.6822 0.2631 0.6822
vn -0.0729 0.9972 0.0145
vn -0.6410 0.7569 0.1275
vn -0.2592 0.9644 0.0516
vn -0.4925 0.8648 0.0980
vn -0.6950 0.7056 0.1383
vn -0.8502 0.4985 0.1691
vn -0.9462 0.2631 0.1882
vn -0.6410 0.7569 -0.1275
vn -0.0729 0.9972 -0.0145
vn -0.9462 0.2631 -0.1882
vn -0.8502 0.4985 -0.1691
vn -0.6951 0.7055 -0.1383
vn -0.4925 0.8648 -0.0980
vn -0.2592 0.9644 -0.0516
vn -0.0687 0.9972 -0.0284
vn -0.6038 0.7569 -0.2501
vn -0.2442 0.9644 -0.1011
vn -0.4639 0.8648 -0.1922
vn -0.6547 0.7055 -0.2712
vn -0.8009 0.4985 -0.3317
vn -0.8913 0.2631 -0.3692
vn -0.3631 0.7569 -0.5434
vn -0.0413 0.9972 -0.0618
vn -0.5360 0.2631 -0.8022
vn -0.4816 0.4985 -0.7208
vn -0.3937 0.7055 -0.5893
vn -0.2790 0.8648 -0.4175
vn -0.1468 0.9644 -0.2198
vn -0.0284 0.9972 -0.0687
vn -0.2501 0.7569 -0.6038
vn -0.1011 0.9644 -0.2442
vn -0.1922 0.8648 -0.4639
vn -0.2712 0.7055 -0.6547
vn -0.3317 0.4985 -0.8009
vn -0.3692 0.2631 -0.8913
vn 0.0145 0.9972 -0.0729
vn 0.1275 0.7569 -0.6410
vn 0.0516 0.9644 -0.2592
vn 0.0980 0.8648 -0.4925
vn 0.1383 0.7055 -0.6951
vn 0.1691 0.4985 -0.8502
vn 0.1882 0.2631 -0.9462
vn -0.0000 0.7569 -0.6535
vn -0.0000 0.9972 -0.0743
vn -0.0000 0.2631 -0.9648
vn -0.0000 0.4985 -0.8669
vn -0.0000 0.7055 -0.7087
vn -0.0000 0.8648 -0.5021
vn -0.0000 0.9644 -0.2643
vn 0.0413 0.9972 -0.0618
vn 0.3631 0.7569 -0.5434
vn 0.1468 0.9644 -0.2198
vn 0.2790 0.8648 -0.4175
vn 0.3937 0.7055 -0.5892
vn 0.4816 0.4985 -0.7208
vn 0.5360 0.2631 -0.8022
vn 0.6038 0.7569 -0.2501
vn 0.0687 0.9972 -0.0284
vn 0.8913 0.2631 -0.3692
vn 0.8009 0.4985 -0.3317
vn 0.6547 0.7055 -0.2712
vn 0.4639 0.8648 -0.1922
vn 0.2442 0.9644 -0.1011
vn 0.0729 0.9972 -0.0145
vn 0.6410 0.7569 -0.1275
vn 0.2592 0.9644 -0.0516
vn 0.4925 0.8648 -0.0980
vn 0.6950 0.7055 -0.1383
vn 0.8502 0.4985 -0.1691
vn 0.9462 0.2631 -0.1882
vn 0.0743 0.9972 -0.0000
vn 0.6535 0.7569 -0.0000
vn 0.2643 0.9644 -0.0000
vn 0.5022 0.8648 -0.0000
vn 0.7087 0.7055 -0.0000
vn 0.8669 0.4985 -0.0000
vn 0.9648 0.2631 -0.0000
vn 0.6038 0.7569 0.2501
vn 0.0687 0.9972 0.0284
vn 0.8913 0.2631 0.3692
vn 0.8009 0.4985 0.3317
vn 0.6547 0.7055 0.2712
vn 0.4639 0.8648 0.1922
vn 0.2442 0.9644 0.1011
vn 0.0618 0.9972 0.0413
vn 0.5434 0.7569 0.3631
vn 0.2197 0.9644 0.1468
vn 0.4175 0.8648 0.2790
vn 0.5892 0.7055 0.3937
vn 0.7208 0.4985 0.4816
vn 0.8022 0.2631 0.5360
vn 0.3631 0.7569 0.5434
vn 0.0413 0.9972 0.0618
vn 0.5360 0.2631 0.8022
vn 0.4816 0.4985 0.7208
vn 0.3937 0.7055 0.5892
vn 0.2790 0.8648 0.4175
vn 0.1468 0.9644 0.2198
vn 0.0284 0.9972 0.0687
vn 0.2501 0.7569 0.6038
vn 0.1011 0.9644 0.2442
vn 0.1922 0.8648 0.4639
vn 0.2712 0.7055 0.6547
vn 0.3317 0.4985 0.8009
vn 0.3692 0.2631 0.8913
vn -0.0284 0.9972 0.0686
vn -0.2501 0.7569 0.6038
vn -0.1011 0.9644 0.2442
vn -0.1922 0.8648 0.4639
vn -0.2712 0.7055 0.6547
vn -0.3317 0.4985 0.8009
vn -0.3692 0.2631 0.8913
vn -0.5434 0.7569 0.3631
vn -0.0618 0.9972 0.0413
vn -0.8022 0.2631 0.5360
vn -0.7208 0.4985 0.4816
vn -0.5892 0.7055 0.3937
vn -0.4175 0.8648 0.2790
vn -0.2197 0.9644 0.1468
vn -0.0687 0.9972 0.0284
vn -0.6038 0.7569 0.2501
vn -0.2442 0.9644 0.1011
vn -0.4639 0.8648 0.1922
vn -0.6547 0.7055 0.2712
vn -0.8009 0.4985 0.3317
vn -0.8913 0.2631 0.3692
vn -0.0743 0.9972 -0.0000
vn -0.6535 0.7569 -0.0000
vn -0.2643 0.9644 -0.0000
vn -0.5021 0.8648 -0.0000
vn -0.7087 0.7055 -0.0000
vn -0.8669 0.4985 -0.0000
vn -0.9648 0.2631 -0.0000
vn -0.5434 0.7569 -0.3631
vn -0.0618 0.9972 -0.0413
vn -0.8022 0.2631 -0.5360
vn -0.7208 0.4985 -0.4816
vn -0.5892 0.7055 -0.3937
vn -0.4175 0.8648 -0.2790
vn -0.2198 0.9644 -0.1468
vn -0.0525 0.9972 -0.0525
vn -0.4621 0.7569 -0.4621
vn -0.1869 0.9644 -0.1869
vn -0.3551 0.8648 -0.3551
vn -0.5011 0.7055 -0.5011
vn -0.6130 0.4985 -0.6130
vn -0.6822 0.2631 -0.6822
vn -0.1275 0.7569 -0.6410
vn -0.0145 0.9972 -0.0729
vn -0.1882 0.2631 -0.9462
vn -0.1691 0.4985 -0.8502
vn -0.1383 0.7055 -0.6951
vn -0.0980 0.8648 -0.4925
vn -0.0516 0.9644 -0.2592
vn -0.0000 0.9974 0.0715
vn -0.0000 0.0654 0.9979
vn -0.0000 0.9668 0.2556
vn -0.0000 0.8751 0.4839
vn -0.0000 0.7310 0.6824
vn -0.0000 0.5429 0.8398
vn -0.0000 0.2542 0.9671
vn -0.0701 0.9974 0.0139
vn -0.9787 0.0654 0.1947
vn -0.2507 0.9668 0.0499
vn -0.4746 0.8751 0.0944
vn -0.6693 0.7310 0.1331
vn -0.8236 0.5429 0.1638
vn -0.9486 0.2542 0.1887
vn -0.9979 0.0654 -0.0000
vn -0.0715 0.9974 -0.0000
vn -0.9671 0.2542 -0.0000
vn -0.8398 0.5429 -0.0000
vn -0.6824 0.7310 -0.0000
vn -0.4839 0.8751 -0.0000
vn -0.2555 0.9668 -0.0000
vn -0.9787 0.0654 -0.1947
vn -0.0701 0.9974 -0.0139
vn -0.9486 0.2542 -0.1887
vn -0.8236 0.5429 -0.1638
vn -0.6693 0.7310 -0.1331
vn -0.4746 0.8751 -0.0944
vn -0.2507 0.9668 -0.0499
vn -0.9219 0.0654 -0.3819
vn -0.0660 0.9974 -0.0273
vn -0.8935 0.2542 -0.3701
vn -0.7759 0.5429 -0.3214
vn -0.6305 0.7310 -0.2611
vn -0.4471 0.8751 -0.1852
vn -0.2361 0.9668 -0.0978
vn -0.8297 0.0654 -0.5544
vn -0.0594 0.9974 -0.0397
vn -0.8041 0.2542 -0.5373
vn -0.6983 0.5429 -0.4666
vn -0.5674 0.7310 -0.3791
vn -0.4024 0.8751 -0.2689
vn -0.2125 0.9668 -0.1420
vn -0.1947 0.0654 -0.9787
vn -0.0139 0.9974 -0.0701
vn -0.1887 0.2542 -0.9486
vn -0.1638 0.5429 -0.8236
vn -0.1331 0.7310 -0.6693
vn -0.0944 0.8751 -0.4746
vn -0.0499 0.9668 -0.2507
vn 0.5544 0.0654 -0.8297
vn 0.0397 0.9974 -0.0594
vn 0.5373 0.2542 -0.8041
vn 0.4666 0.5429 -0.6982
vn 0.3791 0.7310 -0.5674
vn 0.2689 0.8751 -0.4024
vn 0.1420 0.9668 -0.2125
vn 0.0594 0.9974 -0.0397
vn 0.8297 0.0654 -0.5544
vn 0.2125 0.9668 -0.1420
vn 0.4024 0.8751 -0.2689
vn 0.5674 0.7310 -0.3791
vn 0.6982 0.5429 -0.4666
vn 0.8041 0.2542 -0.5373
vn 0.9219 0.0654 -0.3819
vn 0.0660 0.9974 -0.0273
vn 0.8935 0.2542 -0.3701
vn 0.7758 0.5429 -0.3214
vn 0.6305 0.7310 -0.2611
vn 0.4471 0.8751 -0.1852
vn 0.2361 0.9668 -0.0978
vn 0.9219 0.0654 0.3819
vn 0.0660 0.9974 0.0273
vn 0.8935 0.2542 0.3701
vn 0.7758 0.5429 0.3214
vn 0.6305 0.7310 0.2611
vn 0.4471 0.8751 0.1852
vn 0.2361 0.9668 0.0978
vn 0.7056 0.0654 0.7056
vn 0.0505 0.9974 0.0505
vn 0.6839 0.2542 0.6839
vn 0.5938 0.5429 0.5938
vn 0.4825 0.7310 0.4825
vn 0.3422 0.8751 0.3422
vn 0.1807 0.9668 0.1807
vn -0.0139 0.9974 0.0701
vn -0.1947 0.0654 0.9787
vn -0.0499 0.9668 0.2507
vn -0.0944 0.8751 0.4746
vn -0.1331 0.7310 0.6693
vn -0.1638 0.5429 0.8236
vn -0.1887 0.2542 0.9486
vn -0.3819 0.0654 0.9219
vn -0.0273 0.9974 0.0660
vn -0.3701 0.2542 0.8935
vn -0.3214 0.5429 0.7758
vn -0.2611 0.7310 0.6305
vn -0.1852 0.8751 0.4471
vn -0.0978 0.9668 0.2361
vn -0.8297 0.0654 0.5544
vn -0.0594 0.9974 0.0397
vn -0.8041 0.2542 0.5373
vn -0.6982 0.5429 0.4666
vn -0.5674 0.7310 0.3791
vn -0.4024 0.8751 0.2689
vn -0.2125 0.9668 0.1420
vn -0.0505 0.9974 -0.0505
vn -0.7056 0.0654 -0.7056
vn -0.1807 0.9668 -0.1807
vn -0.3422 0.8751 -0.3422
vn -0.4825 0.7310 -0.4825
vn -0.5938 0.5429 -0.5938
vn -0.6839 0.2542 -0.6839
vn -0.5544 0.0654 -0.8297
vn -0.0397 0.9974 -0.0594
vn -0.5373 0.2542 -0.8041
vn -0.4666 0.5429 -0.6982
vn -0.3791 0.7310 -0.5674
vn -0.2688 0.8751 -0.4024
vn -0.1420 0.9668 -0.2125
vn -0.3819 0.0654 -0.9219
vn -0.0274 0.9974 -0.0660
vn -0.3701 0.2542 -0.8935
vn -0.3214 0.5429 -0.7759
vn -0.2611 0.7310 -0.6305
vn -0.1852 0.8751 -0.4471
vn -0.0978 0.9668 -0.2361
vn 0.0139 0.9974 -0.0701
vn 0.1947 0.0654 -0.9787
vn 0.0499 0.9668 -0.2507
vn 0.0944 0.8751 -0.4746
vn 0.1331 0.7310 -0.6693
vn 0.1638 0.5429 -0.8236
vn 0.1887 0.2542 -0.9486
vn 0.3819 0.0654 -0.9219
vn 0.0273 0.9974 -0.0660
vn 0.3701 0.2542 -0.8935
vn 0.3214 0.5429 -0.7759
vn 0.2611 0.7310 -0.6305
vn 0.1852 0.8751 -0.4471
vn 0.0978 0.9668 -0.2361
vn 0.7056 0.0654 -0.7056
vn 0.0505 0.9974 -0.0505
vn 0.6839 0.2542 -0.6839
vn 0.5938 0.5429 -0.5938
vn 0.4825 0.7310 -0.4825
vn 0.3422 0.8751 -0.3422
vn 0.1807 0.9668 -0.1807
vn 0.9787 0.0654 0.1947
vn 0.0701 0.9974 0.0139
vn 0.9486 0.2542 0.1887
vn 0.8236 0.5429 0.1638
vn 0.6693 0.7310 0.1331
vn 0.4746 0.8751 0.0944
vn 0.2507 0.9668 0.0499
vn 0.5544 0.0654 0.8297
vn 0.0397 0.9974 0.0594
vn 0.5373 0.2542 0.8041
vn 0.4666 0.5429 0.6982
vn 0.3791 0.7310 0.5674
vn 0.2689 0.8751 0.4024
vn 0.1420 0.9668 0.2125
vn 0.1947 0.0654 0.9787
vn 0.0139 0.9974 0.0701
vn 0.1887 0.2542 0.9486
vn 0.1638 0.5429 0.8236
vn 0.1331 0.7310 0.6693
vn 0.0944 0.8751 0.4746
vn 0.0499 0.9668 0.2507
vn -0.0397 0.9974 0.0594
vn -0.5544 0.0654 0.8297
vn -0.1420 0.9668 0.2125
vn -0.2688 0.8751 0.4024
vn -0.3791 0.7310 0.5674
vn -0.4666 0.5429 0.6982
vn -0.5373 0.2542 0.8041
vn -0.7056 0.0654 0.7056
vn -0.0505 0.9974 0.0505
vn -0.6839 0.2542 0.6839
vn -0.5938 0.5429 0.5938
vn -0.4825 0.7310 0.4825
vn -0.3422 0.8751 0.3422
vn -0.1807 0.9668 0.1807
vn -0.9219 0.0654 0.3819
vn -0.0660 0.9974 0.0273
vn -0.8935 0.2542 0.3701
vn -0.7759 0.5429 0.3214
vn -0.6305 0.7310 0.2611
vn -0.4471 0.8751 0.1852
vn -0.2361 0.9668 0.0978
vn -0.0000 0.0654 -0.9979
vn -0.0000 0.9974 -0.0715
vn -0.0000 0.2542 -0.9671
vn -0.0000 0.5429 -0.8398
vn -0.0000 0.7310 -0.6824
vn -0.0000 0.8751 -0.4839
vn -0.0000 0.9668 -0.2556
vn 0.0701 0.9974 -0.0139
vn 0.9787 0.0654 -0.1947
vn 0.2506 0.9668 -0.0499
vn 0.4746 0.8751 -0.0944
vn 0.6693 0.7310 -0.1331
vn 0.8236 0.5429 -0.1638
vn 0.9486 0.2542 -0.1887
vn 0.9979 0.0654 -0.0000
vn 0.0715 0.9974 -0.0000
vn 0.9671 0.2542 -0.0000
vn 0.8398 0.5429 -0.0000
vn 0.6824 0.7310 -0.0000
vn 0.4839 0.8751 -0.0000
vn 0.2556 0.9668 -0.0000
vn 0.8297 0.0654 0.5544
vn 0.0594 0.9974 0.0397
vn 0.8042 0.2542 0.5373
vn 0.6983 0.5429 0.4665
vn 0.5674 0.7310 0.3791
vn 0.4024 0.8751 0.2689
vn 0.2125 0.9668 0.1420
vn 0.3819 0.0654 0.9219
vn 0.0273 0.9974 0.0660
vn 0.3701 0.2542 0.8935
vn 0.3214 0.5429 0.7758
vn 0.2611 0.7310 0.6305
vn 0.1852 0.8751 0.4471
vn 0.0978 0.9668 0.2361
vn -0.0000 -0.9063 0.4226
vn -0.0000 -0.9996 0.0287
vn -0.0000 -0.9544 0.2984
vn -0.0000 -0.9864 0.1643
vn -0.0056 -0.9996 0.0282
vn -0.0825 -0.9063 0.4145
vn -0.0320 -0.9864 0.1611
vn -0.0582 -0.9544 0.2927
vn -0.0110 -0.9996 0.0265
vn -0.1617 -0.9063 0.3905
vn -0.0629 -0.9864 0.1518
vn -0.1142 -0.9544 0.2757
vn -0.0160 -0.9996 0.0239
vn -0.2348 -0.9063 0.3514
vn -0.0913 -0.9864 0.1366
vn -0.1658 -0.9544 0.2481
vn -0.0203 -0.9996 0.0203
vn -0.2989 -0.9063 0.2989
vn -0.1162 -0.9864 0.1162
vn -0.2110 -0.9544 0.2110
vn -0.0239 -0.9996 0.0160
vn -0.3514 -0.9063 0.2348
vn -0.1366 -0.9864 0.0913
vn -0.2481 -0.9544 0.1658
vn -0.0265 -0.9996 0.0110
vn -0.3905 -0.9063 0.1617
vn -0.1518 -0.9864 0.0629
vn -0.2757 -0.9544 0.1142
vn -0.0282 -0.9996 0.0056
vn -0.4145 -0.9063 0.0825
vn -0.1611 -0.9864 0.0320
vn -0.2927 -0.9544 0.0582
vn -0.0287 -0.9996 -0.0000
vn -0.4226 -0.9063 -0.0000
vn -0.1643 -0.9864 -0.0000
vn -0.2984 -0.9544 -0.0000
vn -0.0282 -0.9996 -0.0056
vn -0.4145 -0.9063 -0.0825
vn -0.1611 -0.9864 -0.0320
vn -0.2927 -0.9544 -0.0582
vn -0.0265 -0.9996 -0.0110
vn -0.3905 -0.9063 -0.1617
vn -0.1518 -0.9864 -0.0629
vn -0.2757 -0.9544 -0.1142
vn -0.0239 -0.9996 -0.0160
vn -0.3514 -0.9063 -0.2348
vn -0.1366 -0.9864 -0.0913
vn -0.2481 -0.9544 -0.1658
vn -0.0203 -0.9996 -0.0203
vn -0.2989 -0.9063 -0.2989
vn -0.1162 -0.9864 -0.1162
vn -0.2110 -0.9544 -0.2110
vn -0.0160 -0.9996 -0.0239
vn -0.2348 -0.9063 -0.3514
vn -0.0913 -0.9864 -0.1366
vn -0.1658 -0.9544 -0.2481
vn -0.0110 -0.9996 -0.0265
vn -0.1617 -0.9063 -0.3905
vn -0.0629 -0.9864 -0.1518
vn -0.1142 -0.9544 -0.2757
vn -0.0056 -0.9996 -0.0282
vn -0.0825 -0.9063 -0.4145
vn -0.0320 -0.9864 -0.1611
vn -0.0582 -0.9544 -0.2927
vn -0.0000 -0.9996 -0.0287
vn -0.0000 -0.9063 -0.4226
vn -0.0000 -0.9864 -0.1643
vn -0.0000 -0.9544 -0.2984
vn 0.0056 -0.9996 -0.0282
vn 0.0825 -0.9063 -0.4145
vn 0.0320 -0.9864 -0.1611
vn 0.0582 -0.9544 -0.2927
vn 0.0110 -0.9996 -0.0265
vn 0.1617 -0.9063 -0.3905
vn 0.0629 -0.9864 -0.1518
vn 0.1142 -0.9544 -0.2757
vn 0.0160 -0.9996 -0.0239
vn 0.2348 -0.9063 -0.3514
vn 0.0913 -0.9864 -0.1366
vn 0.1658 -0.9544 -0.2481
vn 0.0203 -0.9996 -0.0203
vn 0.2989 -0.9063 -0.2989
vn 0.1162 -0.9864 -0.1162
vn 0.2110 -0.9544 -0.2110
vn 0.0239 -0.9996 -0.0160
vn 0.3514 -0.9063 -0.2348
vn 0.1366 -0.9864 -0.0913
vn 0.2481 -0.9544 -0.1658
vn 0.0265 -0.9996 -0.0110
vn 0.3905 -0.9063 -0.1617
vn 0.1518 -0.9864 -0.0629
vn 0.2757 -0.9544 -0.1142
vn 0.0282 -0.9996 -0.0056
vn 0.4145 -0.9063 -0.0825
vn 0.1611 -0.9864 -0.0320
vn 0.2927 -0.9544 -0.0582
vn 0.0287 -0.9996 -0.0000
vn 0.4226 -0.9063 -0.0000
vn 0.1643 -0.9864 -0.0000
vn 0.2984 -0.9544 -0.0000
vn 0.0282 -0.9996 0.0056
vn 0.4145 -0.9063 0.0825
vn 0.1611 -0.9864 0.0320
vn 0.2927 -0.9544 0.0582
vn 0.0265 -0.9996 0.0110
vn 0.3905 -0.9063 0.1617
vn 0.1518 -0.9864 0.0629
vn 0.2757 -0.9544 0.1142
vn 0.0239 -0.9996 0.0160
vn 0.3514 -0.9063 0.2348
vn 0.1366 -0.9864 0.0913
vn 0.2481 -0.9544 0.1658
vn 0.0203 -0.9996 0.0203
vn 0.2989 -0.9063 0.2989
vn 0.1162 -0.9864 0.1162
vn 0.2110 -0.9544 0.2110
vn 0.0160 -0.9996 0.0239
vn 0.2348 -0.9063 0.3514
vn 0.0913 -0.9864 0.1366
vn 0.1658 -0.9544 0.2481
vn 0.0110 -0.9996 0.0265
vn 0.1617 -0.9063 0.3905
vn 0.0629 -0.9864 0.1518
vn 0.1142 -0.9544 0.2757
vn 0.0056 -0.9996 0.0282
vn 0.0825 -0.9063 0.4145
vn 0.0320 -0.9864 0.1611
vn 0.0582 -0.9544 0.2927
vn -0.0000 -1.0000 0.0026
vn -0.0000 -0.9078 0.4194
vn -0.0000 -0.9927 0.1209
vn -0.0000 -0.9542 0.2992
vn -0.0818 -0.9078 0.4113
vn -0.0005 -1.0000 0.0025
vn -0.0584 -0.9542 0.2934
vn -0.0236 -0.9927 0.1186
vn -0.1605 -0.9078 0.3875
vn -0.0010 -1.0000 0.0024
vn -0.1145 -0.9542 0.2764
vn -0.0463 -0.9927 0.1117
vn -0.2330 -0.9078 0.3487
vn -0.0014 -1.0000 0.0022
vn -0.1662 -0.9542 0.2487
vn -0.0672 -0.9927 0.1006
vn -0.2966 -0.9078 0.2966
vn -0.0018 -1.0000 0.0018
vn -0.2115 -0.9542 0.2115
vn -0.0855 -0.9927 0.0855
vn -0.3487 -0.9078 0.2330
vn -0.0022 -1.0000 0.0014
vn -0.2487 -0.9542 0.1662
vn -0.1006 -0.9927 0.0672
vn -0.3875 -0.9078 0.1605
vn -0.0024 -1.0000 0.0010
vn -0.2764 -0.9542 0.1145
vn -0.1117 -0.9927 0.0463
vn -0.4113 -0.9078 0.0818
vn -0.0025 -1.0000 0.0005
vn -0.2934 -0.9542 0.0584
vn -0.1186 -0.9927 0.0236
vn -0.4194 -0.9078 -0.0000
vn -0.0026 -1.0000 -0.0000
vn -0.2992 -0.9542 -0.0000
vn -0.1209 -0.9927 -0.0000
vn -0.4113 -0.9078 -0.0818
vn -0.0025 -1.0000 -0.0005
vn -0.2934 -0.9542 -0.0584
vn -0.1186 -0.9927 -0.0236
vn -0.3875 -0.9078 -0.1605
vn -0.0024 -1.0000 -0.0010
vn -0.2764 -0.9542 -0.1145
vn -0.1117 -0.9927 -0.0463
vn -0.3487 -0.9078 -0.2330
vn -0.0022 -1.0000 -0.0014
vn -0.2487 -0.9542 -0.1662
vn -0.1006 -0.9927 -0.0672
vn -0.2966 -0.9078 -0.2966
vn -0.0018 -1.0000 -0.0018
vn -0.2115 -0.9542 -0.2115
vn -0.0855 -0.9927 -0.0855
vn -0.2330 -0.9078 -0.3487
vn -0.0014 -1.0000 -0.0022
vn -0.1662 -0.9542 -0.2487
vn -0.0672 -0.9927 -0.1006
vn -0.1605 -0.9078 -0.3875
vn -0.0010 -1.0000 -0.0024
vn -0.1145 -0.9542 -0.2764
vn -0.0463 -0.9927 -0.1117
vn -0.0818 -0.9078 -0.4113
vn -0.0005 -1.0000 -0.0025
vn -0.0584 -0.9542 -0.2934
vn -0.0236 -0.9927 -0.1186
vn -0.0000 -0.9078 -0.4194
vn -0.0000 -1.0000 -0.0026
vn -0.0000 -0.9542 -0.2992
vn -0.0000 -0.9927 -0.1209
vn 0.0818 -0.9078 -0.4113
vn 0.0005 -1.0000 -0.0025
vn 0.0584 -0.9542 -0.2934
vn 0.0236 -0.9927 -0.1186
vn 0.1605 -0.9078 -0.3875
vn 0.0010 -1.0000 -0.0024
vn 0.1145 -0.9542 -0.2764
vn 0.0463 -0.9927 -0.1117
vn 0.2330 -0.9078 -0.3487
vn 0.0014 -1.0000 -0.0022
vn 0.1662 -0.9542 -0.2487
vn 0.0672 -0.9927 -0.1006
vn 0.2965 -0.9078 -0.2965
vn 0.0018 -1.0000 -0.0018
vn 0.2115 -0.9542 -0.2115
vn 0.0855 -0.9927 -0.0855
vn 0.3487 -0.9078 -0.2330
vn 0.0022 -1.0000 -0.0014
vn 0.2487 -0.9542 -0.1662
vn 0.1006 -0.9927 -0.0672
vn 0.3875 -0.9078 -0.1605
vn 0.0024 -1.0000 -0.0010
vn 0.2764 -0.9542 -0.1145
vn 0.1117 -0.9927 -0.0463
vn 0.4113 -0.9078 -0.0818
vn 0.0025 -1.0000 -0.0005
vn 0.2934 -0.9542 -0.0584
vn 0.1186 -0.9927 -0.0236
vn 0.4194 -0.9078 -0.0000
vn 0.0026 -1.0000 -0.0000
vn 0.2992 -0.9542 -0.0000
vn 0.1209 -0.9927 -0.0000
vn 0.4113 -0.9078 0.0818
vn 0.0025 -1.0000 0.0005
vn 0.2934 -0.9542 0.0584
vn 0.1186 -0.9927 0.0236
vn 0.3875 -0.9078 0.1605
vn 0.0024 -1.0000 0.0010
vn 0.2764 -0.9542 0.1145
vn 0.1117 -0.9927 0.0463
vn 0.3487 -0.9078 0.2330
vn 0.0022 -1.0000 0.0014
vn 0.2487 -0.9542 0.1662
vn 0.1006 -0.9927 0.0672
vn 0.2966 -0.9078 0.2966
vn 0.0018 -1.0000 0.0018
vn 0.2115 -0.9542 0.2115
vn 0.0855 -0.9927 0.0855
vn 0.2330 -0.9078 0.3487
vn 0.0014 -1.0000 0.0022
vn 0.1662 -0.9542 0.2487
vn 0.0672 -0.9927 0.1006
vn 0.1605 -0.9078 0.3875
vn 0.0010 -1.0000 0.0024
vn 0.1145 -0.9542 0.2764
vn 0.0463 -0.9927 0.1117
vn 0.0818 -0.9078 0.4113
vn 0.0005 -1.0000 0.0025
vn 0.0584 -0.9542 0.2934
vn 0.0236 -0.9927 0.1186
vn -0.0000 -0.9986 -0.0534
vn -0.0000 -0.2816 -0.9595
vn -0.0000 -0.8769 -0.4808
vn -0.0000 -0.5079 -0.8614
vn 0.1872 -0.2816 -0.9411
vn 0.0104 -0.9986 -0.0523
vn 0.1681 -0.5079 -0.8449
vn 0.0938 -0.8769 -0.4715
vn 0.3672 -0.2816 -0.8865
vn 0.0204 -0.9986 -0.0493
vn 0.3297 -0.5079 -0.7958
vn 0.1840 -0.8769 -0.4442
vn 0.5331 -0.2816 -0.7978
vn 0.0296 -0.9986 -0.0444
vn 0.4786 -0.5079 -0.7162
vn 0.2671 -0.8768 -0.3997
vn 0.0534 -0.9986 -0.0000
vn 0.9595 -0.2816 -0.0000
vn 0.4808 -0.8768 -0.0000
vn 0.8614 -0.5079 -0.0000
vn 0.9411 -0.2816 0.1872
vn 0.0523 -0.9986 0.0104
vn 0.8449 -0.5079 0.1681
vn 0.4715 -0.8768 0.0938
vn 0.7978 -0.2816 0.5331
vn 0.0444 -0.9986 0.0296
vn 0.7162 -0.5079 0.4786
vn 0.3997 -0.8768 0.2671
vn 0.1872 -0.2816 0.9411
vn 0.0104 -0.9986 0.0523
vn 0.1681 -0.5079 0.8449
vn 0.0938 -0.8768 0.4715
vn -0.0104 -0.9986 0.0523
vn -0.1872 -0.2816 0.9411
vn -0.0938 -0.8768 0.4715
vn -0.1681 -0.5079 0.8449
vn -0.3672 -0.2816 0.8865
vn -0.0204 -0.9986 0.0493
vn -0.3297 -0.5079 0.7958
vn -0.1840 -0.8769 0.4442
vn -0.5331 -0.2816 0.7978
vn -0.0296 -0.9986 0.0444
vn -0.4786 -0.5079 0.7162
vn -0.2671 -0.8768 0.3997
vn -0.6785 -0.2816 0.6785
vn -0.0377 -0.9986 0.0377
vn -0.6091 -0.5079 0.6091
vn -0.3400 -0.8768 0.3400
vn -0.7978 -0.2816 0.5331
vn -0.0444 -0.9986 0.0296
vn -0.7162 -0.5079 0.4786
vn -0.3997 -0.8768 0.2671
vn -0.8865 -0.2816 0.3672
vn -0.0493 -0.9986 0.0204
vn -0.7958 -0.5079 0.3296
vn -0.4442 -0.8768 0.1840
vn -0.9411 -0.2816 0.1872
vn -0.0523 -0.9986 0.0104
vn -0.8449 -0.5079 0.1681
vn -0.4715 -0.8768 0.0938
vn -0.9595 -0.2816 -0.0000
vn -0.0534 -0.9986 -0.0000
vn -0.8614 -0.5079 -0.0000
vn -0.4808 -0.8768 -0.0000
vn -0.9411 -0.2816 -0.1872
vn -0.0523 -0.9986 -0.0104
vn -0.8449 -0.5079 -0.1681
vn -0.4715 -0.8768 -0.0938
vn -0.8865 -0.2816 -0.3672
vn -0.0493 -0.9986 -0.0204
vn -0.7958 -0.5079 -0.3296
vn -0.4442 -0.8768 -0.1840
vn -0.7978 -0.2816 -0.5331
vn -0.0444 -0.9986 -0.0296
vn -0.7162 -0.5079 -0.4786
vn -0.3997 -0.8768 -0.2671
vn -0.0204 -0.9986 -0.0493
vn -0.3672 -0.2816 -0.8865
vn -0.1840 -0.8768 -0.4442
vn -0.3296 -0.5079 -0.7958
vn -0.1872 -0.2816 -0.9411
vn -0.0104 -0.9986 -0.0523
vn -0.1681 -0.5079 -0.8449
vn -0.0938 -0.8768 -0.4715
vn 0.0377 -0.9986 -0.0377
vn 0.6785 -0.2816 -0.6785
vn 0.3400 -0.8768 -0.3400
vn 0.6091 -0.5079 -0.6091
vn 0.7978 -0.2816 -0.5331
vn 0.0444 -0.9986 -0.0296
vn 0.7162 -0.5079 -0.4786
vn 0.3997 -0.8768 -0.2671
vn 0.8865 -0.2816 -0.3672
vn 0.0493 -0.9986 -0.0204
vn 0.7958 -0.5079 -0.3297
vn 0.4442 -0.8768 -0.1840
vn 0.9411 -0.2816 -0.1872
vn 0.0523 -0.9986 -0.0104
vn 0.8449 -0.5079 -0.1681
vn 0.4715 -0.8768 -0.0938
vn 0.8865 -0.2816 0.3672
vn 0.0493 -0.9986 0.0204
vn 0.7958 -0.5079 0.3296
vn 0.4442 -0.8768 0.1840
vn 0.0377 -0.9986 0.0377
vn 0.6785 -0.2816 0.6785
vn 0.3400 -0.8768 0.3400
vn 0.6091 -0.5079 0.6091
vn 0.5331 -0.2816 0.7978
vn 0.0296 -0.9986 0.0444
vn 0.4786 -0.5079 0.7162
vn 0.2671 -0.8768 0.3997
vn 0.3672 -0.2816 0.8865
vn 0.0204 -0.9986 0.0493
vn 0.3297 -0.5079 0.7958
vn 0.1840 -0.8769 0.4442
vn -0.0000 -0.2817 0.9595
vn -0.0000 -0.9986 0.0534
vn -0.0000 -0.5079 0.8614
vn -0.0000 -0.8768 0.4808
vn -0.0377 -0.9986 -0.0377
vn -0.6785 -0.2816 -0.6785
vn -0.3400 -0.8768 -0.3400
vn -0.6091 -0.5079 -0.6091
vn -0.5331 -0.2816 -0.7978
vn -0.0296 -0.9986 -0.0444
vn -0.4786 -0.5079 -0.7162
vn -0.2671 -0.8768 -0.3997
vn -0.0019 1.0000 0.0096
vn -0.1951 0.0059 0.9808
vn -0.0750 0.9231 0.3772
vn -0.1818 0.3634 0.9137
vn -0.0000 0.0059 1.0000
vn -0.0000 1.0000 0.0098
vn -0.0000 0.3634 0.9316
vn -0.0000 0.9231 0.3846
vn -0.0037 1.0000 0.0090
vn -0.3827 0.0059 0.9239
vn -0.1472 0.9231 0.3553
vn -0.3565 0.3634 0.8607
vn -0.0054 1.0000 0.0081
vn -0.5556 0.0059 0.8315
vn -0.2137 0.9231 0.3198
vn -0.5176 0.3634 0.7746
vn -0.0069 1.0000 0.0069
vn -0.7071 0.0059 0.7071
vn -0.2719 0.9231 0.2719
vn -0.6588 0.3634 0.6588
vn -0.0081 1.0000 0.0054
vn -0.8315 0.0059 0.5556
vn -0.3198 0.9231 0.2137
vn -0.7746 0.3634 0.5176
vn -0.0090 1.0000 0.0037
vn -0.9239 0.0059 0.3827
vn -0.3553 0.9231 0.1472
vn -0.8607 0.3634 0.3565
vn -0.0096 1.0000 0.0019
vn -0.9808 0.0059 0.1951
vn -0.3772 0.9231 0.0750
vn -0.9137 0.3634 0.1818
vn -0.0098 1.0000 -0.0000
vn -1.0000 0.0059 -0.0000
vn -0.3846 0.9231 -0.0000
vn -0.9316 0.3634 -0.0000
vn -0.0096 1.0000 -0.0019
vn -0.9808 0.0059 -0.1951
vn -0.3772 0.9231 -0.0750
vn -0.9137 0.3634 -0.1818
vn -0.0090 1.0000 -0.0037
vn -0.9239 0.0059 -0.3827
vn -0.3553 0.9231 -0.1472
vn -0.8607 0.3634 -0.3565
vn -0.0081 1.0000 -0.0054
vn -0.8315 0.0059 -0.5556
vn -0.3198 0.9231 -0.2137
vn -0.7746 0.3634 -0.5176
vn -0.0069 1.0000 -0.0069
vn -0.7071 0.0059 -0.7071
vn -0.2719 0.9231 -0.2719
vn -0.6588 0.3634 -0.6588
vn -0.0054 1.0000 -0.0081
vn -0.5556 0.0059 -0.8315
vn -0.2137 0.9231 -0.3198
vn -0.5176 0.3634 -0.7746
vn -0.0037 1.0000 -0.0090
vn -0.3827 0.0059 -0.9239
vn -0.1472 0.9231 -0.3553
vn -0.3565 0.3634 -0.8607
vn -0.0019 1.0000 -0.0096
vn -0.1951 0.0059 -0.9808
vn -0.0750 0.9231 -0.3772
vn -0.1818 0.3634 -0.9137
vn -0.0000 1.0000 -0.0098
vn -0.0000 0.0059 -1.0000
vn -0.0000 0.9231 -0.3846
vn -0.0000 0.3634 -0.9316
vn 0.0019 1.0000 -0.0096
vn 0.1951 0.0059 -0.9808
vn 0.0750 0.9231 -0.3772
vn 0.1818 0.3634 -0.9137
vn 0.0037 1.0000 -0.0090
vn 0.3827 0.0059 -0.9239
vn 0.1472 0.9231 -0.3553
vn 0.3565 0.3634 -0.8607
vn 0.0054 1.0000 -0.0081
vn 0.5556 0.0059 -0.8315
vn 0.2137 0.9231 -0.3198
vn 0.5176 0.3634 -0.7746
vn 0.0069 1.0000 -0.0069
vn 0.7071 0.0059 -0.7071
vn 0.2719 0.9231 -0.2719
vn 0.6588 0.3634 -0.6588
vn 0.0081 1.0000 -0.0054
vn 0.8315 0.0059 -0.5556
vn 0.3198 0.9231 -0.2137
vn 0.7746 0.3634 -0.5176
vn 0.0090 1.0000 -0.0037
vn 0.9239 0.0059 -0.3827
vn 0.3553 0.9231 -0.1472
vn 0.8607 0.3634 -0.3565
vn 0.0096 1.0000 -0.0019
vn 0.9808 0.0059 -0.1951
vn 0.3772 0.9231 -0.0750
vn 0.9137 0.3634 -0.1818
vn 0.0098 1.0000 -0.0000
vn 1.0000 0.0059 -0.0000
vn 0.3846 0.9231 -0.0000
vn 0.9316 0.3634 -0.0000
vn 0.0096 1.0000 0.0019
vn 0.9808 0.0059 0.1951
vn 0.3772 0.9231 0.0750
vn 0.9137 0.3634 0.1818
vn 0.0090 1.0000 0.0037
vn 0.9239 0.0059 0.3827
vn 0.3553 0.9231 0.1472
vn 0.8607 0.3634 0.3565
vn 0.0081 1.0000 0.0054
vn 0.8315 0.0059 0.5556
vn 0.3198 0.9231 0.2137
vn 0.7746 0.3634 0.5176
vn 0.0069 1.0000 0.0069
vn 0.7071 0.0059 0.7071
vn 0.2719 0.9231 0.2719
vn 0.6588 0.3634 0.6588
vn 0.0054 1.0000 0.0081
vn 0.5556 0.0059 0.8315
vn 0.2137 0.9231 0.3198
vn 0.5176 0.3634 0.7746
vn 0.0037 1.0000 0.0090
vn 0.3827 0.0059 0.9239
vn 0.1472 0.9231 0.3553
vn 0.3565 0.3634 0.8607
vn 0.0019 1.0000 0.0096
vn 0.1951 0.0059 0.9808
vn 0.0750 0.9231 0.3772
vn 0.1818 0.3634 0.9137
vn 0.2902 0.0192 -0.9568
vn 0.2902 0.0192 0.9568
vn -0.6343 0.0192 0.7729
vn 0.0980 0.0192 -0.9950
vn 0.4713 0.0192 0.8818
vn -0.4713 0.0192 0.8818
vn -0.0980 0.0192 -0.9950
vn 0.6343 0.0192 0.7729
vn -0.2902 0.0192 0.9568
vn -0.2902 0.0192 -0.9568
vn 0.7729 0.0192 0.6343
vn -0.0980 0.0192 0.9950
vn -0.4713 0.0192 -0.8818
vn 0.8818 0.0192 0.4713
vn -0.6343 0.0192 -0.7729
vn 0.9568 0.0192 0.2902
vn -0.7729 0.0192 -0.6343
vn 0.9950 0.0192 0.0980
vn -0.8818 0.0192 -0.4713
vn 0.9950 0.0192 -0.0980
vn -0.9568 0.0192 -0.2902
vn 0.9568 0.0192 -0.2902
vn -0.9950 0.0192 -0.0980
vn 0.8818 0.0192 -0.4713
vn -0.9950 0.0192 0.0980
vn 0.7729 0.0192 -0.6343
vn -0.9568 0.0192 0.2902
vn 0.6343 0.0192 -0.7729
vn -0.8818 0.0192 0.4713
vn 0.4713 0.0192 -0.8818
vn 0.0980 0.0192 0.9950
vn -0.7729 0.0192 0.6343
vn 0.8189 0.1730 -0.5472
vn 0.5052 0.7569 -0.4146
vn 0.6964 0.1730 -0.6964
vn 0.7458 0.2631 -0.6120
vn 0.7686 0.3815 -0.5136
vn 0.6536 0.3815 -0.6536
vn 0.6701 0.4985 -0.5499
vn 0.6607 0.6072 -0.4414
vn 0.5619 0.6072 -0.5618
vn 0.5478 0.7055 -0.4496
vn 0.5077 0.7919 -0.3393
vn 0.4318 0.7919 -0.4318
vn 0.3882 0.8648 -0.3185
vn 0.3201 0.9229 -0.2139
vn 0.2722 0.9229 -0.2722
vn 0.2043 0.9644 -0.1677
vn 0.1307 0.9876 -0.0873
vn 0.1111 0.9876 -0.1111
vn 0.0574 0.9972 -0.0471
vn -0.0000 0.1730 0.9849
vn 0.0641 0.7569 0.6504
vn 0.1922 0.1730 0.9660
vn 0.0946 0.2631 0.9601
vn -0.0000 0.3814 0.9244
vn 0.1803 0.3814 0.9066
vn 0.0850 0.4985 0.8627
vn -0.0000 0.6072 0.7946
vn 0.1550 0.6072 0.7793
vn 0.0695 0.7055 0.7053
vn -0.0000 0.7919 0.6106
vn 0.1191 0.7919 0.5989
vn 0.0492 0.8648 0.4997
vn -0.0000 0.9229 0.3850
vn 0.0751 0.9229 0.3776
vn 0.0259 0.9644 0.2630
vn -0.0000 0.9876 0.1572
vn 0.0307 0.9876 0.1541
vn 0.0073 0.9972 0.0739
vn -0.1922 0.1730 0.9660
vn -0.0641 0.7569 0.6504
vn -0.0946 0.2631 0.9601
vn -0.1803 0.3814 0.9066
vn -0.0850 0.4985 0.8627
vn -0.1550 0.6072 0.7793
vn -0.0695 0.7055 0.7053
vn -0.1191 0.7919 0.5989
vn -0.0492 0.8648 0.4997
vn -0.0751 0.9229 0.3775
vn -0.0259 0.9644 0.2630
vn -0.0307 0.9876 0.1541
vn -0.0073 0.9972 0.0739
vn -0.6964 0.1730 0.6964
vn -0.4146 0.7569 0.5052
vn -0.5472 0.1730 0.8189
vn -0.6120 0.2631 0.7458
vn -0.6536 0.3814 0.6536
vn -0.5136 0.3814 0.7686
vn -0.5499 0.4985 0.6701
vn -0.5618 0.6072 0.5619
vn -0.4414 0.6072 0.6607
vn -0.4496 0.7055 0.5478
vn -0.4318 0.7919 0.4318
vn -0.3393 0.7919 0.5077
vn -0.3185 0.8648 0.3882
vn -0.2722 0.9229 0.2722
vn -0.2139 0.9229 0.3201
vn -0.1677 0.9644 0.2043
vn -0.1112 0.9876 0.1111
vn -0.0873 0.9876 0.1307
vn -0.0471 0.9972 0.0574
vn -0.9099 0.1730 -0.3769
vn -0.6254 0.7569 -0.1897
vn -0.9660 0.1730 -0.1922
vn -0.9232 0.2631 -0.2801
vn -0.8540 0.3814 -0.3537
vn -0.9066 0.3814 -0.1803
vn -0.8295 0.4985 -0.2516
vn -0.7341 0.6072 -0.3041
vn -0.7793 0.6072 -0.1550
vn -0.6782 0.7055 -0.2057
vn -0.5642 0.7919 -0.2337
vn -0.5989 0.7919 -0.1191
vn -0.4805 0.8648 -0.1458
vn -0.3556 0.9229 -0.1473
vn -0.3776 0.9229 -0.0751
vn -0.2529 0.9644 -0.0767
vn -0.1452 0.9876 -0.0601
vn -0.1542 0.9876 -0.0307
vn -0.0711 0.9972 -0.0216
vn -0.3769 0.1730 -0.9099
vn -0.3081 0.7569 -0.5764
vn -0.5472 0.1730 -0.8189
vn -0.4548 0.2631 -0.8508
vn -0.3538 0.3814 -0.8540
vn -0.5136 0.3814 -0.7686
vn -0.4086 0.4985 -0.7645
vn -0.3041 0.6072 -0.7341
vn -0.4414 0.6072 -0.6607
vn -0.3341 0.7055 -0.6250
vn -0.2337 0.7919 -0.5642
vn -0.3393 0.7919 -0.5077
vn -0.2367 0.8648 -0.4428
vn -0.1473 0.9229 -0.3556
vn -0.2139 0.9229 -0.3201
vn -0.1246 0.9644 -0.2331
vn -0.0601 0.9876 -0.1452
vn -0.0873 0.9876 -0.1307
vn -0.0350 0.9972 -0.0655
vn 0.1922 0.1730 -0.9660
vn 0.0641 0.7569 -0.6504
vn -0.0000 0.1730 -0.9849
vn 0.0946 0.2631 -0.9601
vn 0.1803 0.3814 -0.9066
vn -0.0000 0.3815 -0.9244
vn 0.0850 0.4985 -0.8627
vn 0.1550 0.6072 -0.7793
vn -0.0000 0.6072 -0.7946
vn 0.0695 0.7055 -0.7053
vn 0.1191 0.7919 -0.5989
vn -0.0000 0.7919 -0.6106
vn 0.0492 0.8648 -0.4997
vn 0.0751 0.9229 -0.3776
vn -0.0000 0.9229 -0.3849
vn 0.0259 0.9644 -0.2630
vn 0.0307 0.9876 -0.1541
vn -0.0000 0.9876 -0.1572
vn 0.0073 0.9972 -0.0739
vn 0.9660 0.1730 -0.1921
vn 0.6254 0.7569 -0.1897
vn 0.9099 0.1730 -0.3769
vn 0.9232 0.2631 -0.2801
vn 0.9066 0.3814 -0.1803
vn 0.8540 0.3815 -0.3537
vn 0.8295 0.4985 -0.2516
vn 0.7793 0.6072 -0.1550
vn 0.7341 0.6072 -0.3041
vn 0.6781 0.7055 -0.2057
vn 0.5989 0.7919 -0.1191
vn 0.5642 0.7919 -0.2337
vn 0.4805 0.8648 -0.1458
vn 0.3775 0.9229 -0.0751
vn 0.3556 0.9229 -0.1473
vn 0.2529 0.9644 -0.0767
vn 0.1541 0.9876 -0.0307
vn 0.1452 0.9876 -0.0601
vn 0.0711 0.9972 -0.0216
vn 0.9849 0.1730 -0.0000
vn 0.6504 0.7569 -0.0641
vn 0.9601 0.2631 -0.0946
vn 0.9244 0.3814 -0.0000
vn 0.8627 0.4985 -0.0850
vn 0.7946 0.6072 -0.0000
vn 0.7053 0.7055 -0.0695
vn 0.6106 0.7919 -0.0000
vn 0.4997 0.8648 -0.0492
vn 0.3850 0.9229 -0.0000
vn 0.2630 0.9644 -0.0259
vn 0.1572 0.9876 -0.0000
vn 0.0739 0.9972 -0.0073
vn 0.8189 0.1730 0.5472
vn 0.5764 0.7569 0.3081
vn 0.9099 0.1730 0.3769
vn 0.8508 0.2631 0.4548
vn 0.7686 0.3814 0.5136
vn 0.8540 0.3814 0.3537
vn 0.7645 0.4985 0.4086
vn 0.6607 0.6072 0.4414
vn 0.7341 0.6072 0.3041
vn 0.6250 0.7055 0.3341
vn 0.5077 0.7919 0.3393
vn 0.5642 0.7919 0.2337
vn 0.4429 0.8648 0.2367
vn 0.3201 0.9229 0.2139
vn 0.3556 0.9229 0.1473
vn 0.2331 0.9644 0.1246
vn 0.1307 0.9876 0.0873
vn 0.1452 0.9876 0.0601
vn 0.0655 0.9972 0.0350
vn 0.3769 0.1730 0.9099
vn 0.3081 0.7569 0.5764
vn 0.5472 0.1730 0.8189
vn 0.4548 0.2631 0.8508
vn 0.3537 0.3814 0.8540
vn 0.5136 0.3815 0.7686
vn 0.4086 0.4985 0.7645
vn 0.3041 0.6072 0.7341
vn 0.4414 0.6072 0.6607
vn 0.3341 0.7055 0.6250
vn 0.2337 0.7919 0.5642
vn 0.3393 0.7919 0.5077
vn 0.2367 0.8648 0.4428
vn 0.1473 0.9229 0.3556
vn 0.2139 0.9229 0.3201
vn 0.1246 0.9644 0.2331
vn 0.0601 0.9876 0.1452
vn 0.0873 0.9876 0.1307
vn 0.0350 0.9972 0.0655
vn -0.9099 0.1730 0.3769
vn -0.5764 0.7569 0.3081
vn -0.8189 0.1730 0.5472
vn -0.8508 0.2631 0.4548
vn -0.8540 0.3815 0.3537
vn -0.7686 0.3814 0.5136
vn -0.7645 0.4985 0.4086
vn -0.7341 0.6072 0.3041
vn -0.6607 0.6072 0.4414
vn -0.6250 0.7055 0.3341
vn -0.5642 0.7919 0.2337
vn -0.5077 0.7919 0.3393
vn -0.4428 0.8648 0.2367
vn -0.3556 0.9229 0.1473
vn -0.3201 0.9229 0.2139
vn -0.2331 0.9644 0.1246
vn -0.1452 0.9876 0.0601
vn -0.1307 0.9876 0.0873
vn -0.0655 0.9972 0.0350
vn -0.6964 0.1730 -0.6964
vn -0.5052 0.7569 -0.4146
vn -0.8189 0.1730 -0.5472
vn -0.7458 0.2631 -0.6120
vn -0.6536 0.3815 -0.6536
vn -0.7686 0.3814 -0.5136
vn -0.6701 0.4985 -0.5499
vn -0.5618 0.6072 -0.5618
vn -0.6607 0.6072 -0.4414
vn -0.5478 0.7055 -0.4496
vn -0.4318 0.7919 -0.4318
vn -0.5077 0.7919 -0.3393
vn -0.3882 0.8648 -0.3186
vn -0.2722 0.9229 -0.2722
vn -0.3201 0.9229 -0.2139
vn -0.2043 0.9644 -0.1677
vn -0.1112 0.9876 -0.1111
vn -0.1307 0.9876 -0.0873
vn -0.0574 0.9972 -0.0471
vn -0.0641 0.7569 -0.6504
vn -0.1922 0.1730 -0.9660
vn -0.0946 0.2631 -0.9601
vn -0.1803 0.3814 -0.9066
vn -0.0850 0.4985 -0.8627
vn -0.1550 0.6072 -0.7793
vn -0.0695 0.7055 -0.7053
vn -0.1191 0.7919 -0.5989
vn -0.0492 0.8648 -0.4997
vn -0.0751 0.9229 -0.3775
vn -0.0259 0.9644 -0.2630
vn -0.0307 0.9876 -0.1542
vn -0.0073 0.9972 -0.0739
vn -0.1523 0.9883 -0.0000
vn -0.0711 0.9974 0.0070
vn -0.1493 0.9883 0.0297
vn -0.2543 0.9668 0.0251
vn -0.3717 0.9284 -0.0000
vn -0.3645 0.9284 0.0725
vn -0.4816 0.8751 0.0474
vn -0.5878 0.8090 -0.0000
vn -0.5765 0.8090 0.1147
vn -0.6791 0.7310 0.0669
vn -0.7667 0.6420 -0.0000
vn -0.7520 0.6420 0.1496
vn -0.8357 0.5429 0.0823
vn -0.9005 0.4348 -0.0000
vn -0.8832 0.4348 0.1757
vn -0.9625 0.2542 0.0948
vn -0.9951 0.0991 -0.0000
vn -0.9760 0.0991 0.1941
vn -0.9931 0.0654 0.0978
vn -0.1493 0.9883 -0.0297
vn -0.0711 0.9974 -0.0070
vn -0.2543 0.9668 -0.0251
vn -0.3645 0.9284 -0.0725
vn -0.4816 0.8751 -0.0474
vn -0.5765 0.8090 -0.1147
vn -0.6791 0.7310 -0.0669
vn -0.7520 0.6420 -0.1496
vn -0.8357 0.5429 -0.0823
vn -0.8832 0.4348 -0.1757
vn -0.9625 0.2542 -0.0948
vn -0.9760 0.0991 -0.1941
vn -0.9931 0.0654 -0.0978
vn -0.1407 0.9883 -0.0583
vn -0.0684 0.9974 -0.0207
vn -0.2446 0.9668 -0.0742
vn -0.3434 0.9284 -0.1422
vn -0.4631 0.8751 -0.1405
vn -0.5431 0.8090 -0.2249
vn -0.6530 0.7310 -0.1981
vn -0.7084 0.6420 -0.2934
vn -0.8036 0.5429 -0.2438
vn -0.8320 0.4348 -0.3446
vn -0.9255 0.2542 -0.2807
vn -0.9193 0.0991 -0.3808
vn -0.9549 0.0654 -0.2897
vn -0.1266 0.9883 -0.0846
vn -0.0630 0.9974 -0.0337
vn -0.2254 0.9668 -0.1205
vn -0.3090 0.9284 -0.2065
vn -0.4268 0.8751 -0.2281
vn -0.4887 0.8090 -0.3266
vn -0.6018 0.7310 -0.3217
vn -0.6375 0.6420 -0.4260
vn -0.7406 0.5429 -0.3959
vn -0.7488 0.4348 -0.5003
vn -0.8529 0.2542 -0.4559
vn -0.8274 0.0991 -0.5528
vn -0.8800 0.0654 -0.4704
vn 0.1407 0.9883 -0.0583
vn 0.0630 0.9974 -0.0337
vn 0.1266 0.9883 -0.0846
vn 0.2254 0.9668 -0.1205
vn 0.3434 0.9284 -0.1422
vn 0.3090 0.9284 -0.2065
vn 0.4268 0.8751 -0.2281
vn 0.5431 0.8090 -0.2249
vn 0.4887 0.8090 -0.3266
vn 0.6018 0.7310 -0.3217
vn 0.7084 0.6420 -0.2934
vn 0.6375 0.6420 -0.4260
vn 0.7406 0.5429 -0.3959
vn 0.8320 0.4348 -0.3446
vn 0.7488 0.4348 -0.5003
vn 0.8529 0.2542 -0.4559
vn 0.9193 0.0991 -0.3808
vn 0.8274 0.0991 -0.5528
vn 0.8800 0.0654 -0.4704
vn -0.0583 0.9883 0.1407
vn -0.0207 0.9974 0.0684
vn -0.0297 0.9883 0.1493
vn -0.0742 0.9668 0.2446
vn -0.1422 0.9284 0.3434
vn -0.0725 0.9284 0.3645
vn -0.1405 0.8751 0.4631
vn -0.2249 0.8090 0.5431
vn -0.1147 0.8090 0.5765
vn -0.1981 0.7310 0.6530
vn -0.2934 0.6420 0.7084
vn -0.1496 0.6420 0.7520
vn -0.2438 0.5429 0.8036
vn -0.3446 0.4348 0.8320
vn -0.1757 0.4348 0.8832
vn -0.2807 0.2542 0.9255
vn -0.3808 0.0991 0.9193
vn -0.1941 0.0991 0.9760
vn -0.2897 0.0654 0.9549
vn -0.0846 0.9883 -0.1266
vn -0.0453 0.9974 -0.0552
vn -0.1077 0.9883 -0.1077
vn -0.1621 0.9668 -0.1976
vn -0.2065 0.9284 -0.3090
vn -0.2628 0.9284 -0.2628
vn -0.3070 0.8751 -0.3741
vn -0.3266 0.8090 -0.4887
vn -0.4156 0.8090 -0.4156
vn -0.4329 0.7310 -0.5275
vn -0.4260 0.6420 -0.6375
vn -0.5422 0.6420 -0.5422
vn -0.5327 0.5429 -0.6492
vn -0.5003 0.4348 -0.7488
vn -0.6368 0.4348 -0.6368
vn -0.6136 0.2542 -0.7476
vn -0.5528 0.0991 -0.8274
vn -0.7036 0.0991 -0.7036
vn -0.6330 0.0654 -0.7714
vn -0.0583 0.9883 -0.1407
vn -0.0337 0.9974 -0.0630
vn -0.1205 0.9668 -0.2254
vn -0.1422 0.9284 -0.3434
vn -0.2281 0.8751 -0.4268
vn -0.2249 0.8090 -0.5431
vn -0.3217 0.7310 -0.6018
vn -0.2934 0.6420 -0.7084
vn -0.3959 0.5429 -0.7406
vn -0.3446 0.4348 -0.8320
vn -0.4559 0.2542 -0.8529
vn -0.3808 0.0991 -0.9193
vn -0.4704 0.0654 -0.8800
vn 0.0583 0.9883 -0.1407
vn 0.0207 0.9974 -0.0684
vn 0.0297 0.9883 -0.1493
vn 0.0742 0.9668 -0.2446
vn 0.1422 0.9284 -0.3434
vn 0.0725 0.9284 -0.3645
vn 0.1405 0.8751 -0.4631
vn 0.2249 0.8090 -0.5431
vn 0.1147 0.8090 -0.5765
vn 0.1981 0.7310 -0.6530
vn 0.2934 0.6420 -0.7084
vn 0.1496 0.6420 -0.7520
vn 0.2438 0.5429 -0.8036
vn 0.3446 0.4348 -0.8320
vn 0.1757 0.4348 -0.8832
vn 0.2807 0.2542 -0.9255
vn 0.3808 0.0991 -0.9193
vn 0.1941 0.0991 -0.9760
vn 0.2897 0.0654 -0.9549
vn -0.1077 0.9883 0.1077
vn -0.0453 0.9974 0.0552
vn -0.0846 0.9883 0.1266
vn -0.1621 0.9668 0.1976
vn -0.2628 0.9284 0.2628
vn -0.2065 0.9284 0.3090
vn -0.3070 0.8751 0.3741
vn -0.4156 0.8090 0.4156
vn -0.3266 0.8090 0.4887
vn -0.4329 0.7310 0.5275
vn -0.5422 0.6420 0.5422
vn -0.4260 0.6420 0.6375
vn -0.5328 0.5429 0.6492
vn -0.6368 0.4348 0.6368
vn -0.5003 0.4348 0.7488
vn -0.6136 0.2542 0.7476
vn -0.7036 0.0991 0.7036
vn -0.5528 0.0991 0.8274
vn -0.6330 0.0654 0.7714
vn 0.1522 0.9883 -0.0000
vn 0.0711 0.9974 -0.0070
vn 0.1493 0.9883 -0.0297
vn 0.2543 0.9668 -0.0251
vn 0.3717 0.9284 -0.0000
vn 0.3645 0.9284 -0.0725
vn 0.4816 0.8751 -0.0474
vn 0.5878 0.8090 -0.0000
vn 0.5765 0.8090 -0.1147
vn 0.6791 0.7310 -0.0669
vn 0.7667 0.6420 -0.0000
vn 0.7520 0.6420 -0.1496
vn 0.8357 0.5429 -0.0823
vn 0.9005 0.4348 -0.0000
vn 0.8832 0.4348 -0.1757
vn 0.9625 0.2542 -0.0948
vn 0.9951 0.0991 -0.0000
vn 0.9760 0.0991 -0.1941
vn 0.9931 0.0654 -0.0978
vn 0.3769 0.1730 -0.9099
vn 0.1897 0.7569 -0.6254
vn 0.2801 0.2631 -0.9232
vn 0.3537 0.3814 -0.8540
vn 0.2516 0.4985 -0.8295
vn 0.3041 0.6072 -0.7341
vn 0.2057 0.7055 -0.6782
vn 0.2337 0.7919 -0.5642
vn 0.1458 0.8648 -0.4805
vn 0.1473 0.9229 -0.3557
vn 0.0767 0.9644 -0.2529
vn 0.0601 0.9876 -0.1452
vn 0.0216 0.9972 -0.0711
vn 0.5472 0.1730 -0.8189
vn 0.3081 0.7569 -0.5764
vn 0.4548 0.2631 -0.8508
vn 0.5136 0.3814 -0.7686
vn 0.4086 0.4985 -0.7645
vn 0.4414 0.6072 -0.6607
vn 0.3341 0.7055 -0.6250
vn 0.3392 0.7919 -0.5077
vn 0.2367 0.8648 -0.4428
vn 0.2139 0.9229 -0.3201
vn 0.1246 0.9644 -0.2331
vn 0.0873 0.9876 -0.1307
vn 0.0350 0.9972 -0.0655
vn 0.4146 0.7569 -0.5052
vn 0.6120 0.2631 -0.7458
vn 0.5499 0.4985 -0.6701
vn 0.4496 0.7055 -0.5478
vn 0.3186 0.8648 -0.3882
vn 0.1677 0.9644 -0.2043
vn 0.0471 0.9972 -0.0574
vn 0.5764 0.7569 -0.3081
vn 0.8508 0.2631 -0.4548
vn 0.7645 0.4985 -0.4086
vn 0.6250 0.7055 -0.3341
vn 0.4429 0.8648 -0.2367
vn 0.2331 0.9644 -0.1246
vn 0.0655 0.9972 -0.0350
vn 0.9660 0.1730 0.1921
vn 0.6504 0.7569 0.0641
vn 0.9601 0.2631 0.0946
vn 0.9066 0.3814 0.1803
vn 0.8627 0.4985 0.0850
vn 0.7793 0.6072 0.1550
vn 0.7053 0.7055 0.0695
vn 0.5989 0.7919 0.1191
vn 0.4997 0.8648 0.0492
vn 0.3776 0.9229 0.0751
vn 0.2630 0.9644 0.0259
vn 0.1541 0.9876 0.0307
vn 0.0740 0.9972 0.0073
vn 0.6254 0.7569 0.1897
vn 0.9232 0.2631 0.2801
vn 0.8296 0.4985 0.2516
vn 0.6782 0.7055 0.2057
vn 0.4805 0.8648 0.1458
vn 0.2529 0.9644 0.0767
vn 0.0711 0.9972 0.0216
vn 0.6964 0.1730 0.6964
vn 0.5052 0.7569 0.4146
vn 0.7458 0.2631 0.6120
vn 0.6536 0.3815 0.6536
vn 0.6701 0.4985 0.5499
vn 0.5619 0.6072 0.5618
vn 0.5478 0.7055 0.4496
vn 0.4318 0.7919 0.4318
vn 0.3882 0.8648 0.3185
vn 0.2722 0.9229 0.2722
vn 0.2043 0.9644 0.1677
vn 0.1111 0.9876 0.1111
vn 0.0574 0.9972 0.0471
vn 0.4146 0.7569 0.5052
vn 0.6120 0.2631 0.7458
vn 0.5499 0.4985 0.6701
vn 0.4496 0.7055 0.5478
vn 0.3186 0.8648 0.3882
vn 0.1677 0.9644 0.2043
vn 0.0471 0.9972 0.0574
vn 0.1897 0.7569 0.6254
vn 0.2801 0.2631 0.9232
vn 0.2516 0.4985 0.8295
vn 0.2057 0.7055 0.6782
vn 0.1458 0.8648 0.4805
vn 0.0767 0.9644 0.2529
vn 0.0216 0.9972 0.0711
vn -0.3769 0.1730 0.9099
vn -0.1897 0.7569 0.6254
vn -0.2801 0.2632 0.9232
vn -0.3537 0.3815 0.8540
vn -0.2516 0.4985 0.8296
vn -0.3041 0.6072 0.7341
vn -0.2057 0.7055 0.6782
vn -0.2337 0.7919 0.5642
vn -0.1458 0.8648 0.4805
vn -0.1473 0.9229 0.3556
vn -0.0767 0.9644 0.2529
vn -0.0601 0.9876 0.1452
vn -0.0216 0.9972 0.0711
vn -0.3081 0.7569 0.5764
vn -0.4548 0.2631 0.8508
vn -0.4086 0.4985 0.7645
vn -0.3341 0.7055 0.6250
vn -0.2367 0.8648 0.4428
vn -0.1246 0.9644 0.2331
vn -0.0350 0.9972 0.0655
vn -0.5052 0.7569 0.4146
vn -0.7458 0.2631 0.6120
vn -0.6701 0.4985 0.5499
vn -0.5478 0.7055 0.4496
vn -0.3882 0.8648 0.3185
vn -0.2043 0.9644 0.1677
vn -0.0574 0.9972 0.0471
vn -0.9660 0.1730 0.1921
vn -0.6254 0.7569 0.1897
vn -0.9232 0.2631 0.2801
vn -0.9066 0.3814 0.1803
vn -0.8295 0.4985 0.2516
vn -0.7793 0.6072 0.1550
vn -0.6782 0.7055 0.2057
vn -0.5989 0.7919 0.1191
vn -0.4805 0.8648 0.1458
vn -0.3776 0.9229 0.0751
vn -0.2529 0.9644 0.0767
vn -0.1541 0.9876 0.0307
vn -0.0711 0.9972 0.0216
vn -0.9849 0.1730 -0.0000
vn -0.6504 0.7569 0.0641
vn -0.9601 0.2631 0.0946
vn -0.9244 0.3814 -0.0000
vn -0.8627 0.4985 0.0850
vn -0.7946 0.6072 -0.0000
vn -0.7053 0.7055 0.0695
vn -0.6106 0.7919 -0.0000
vn -0.4997 0.8648 0.0492
vn -0.3849 0.9229 -0.0000
vn -0.2630 0.9644 0.0259
vn -0.1572 0.9876 -0.0000
vn -0.0739 0.9972 0.0073
vn -0.6504 0.7569 -0.0641
vn -0.9601 0.2631 -0.0946
vn -0.8627 0.4985 -0.0850
vn -0.7053 0.7055 -0.0695
vn -0.4997 0.8648 -0.0492
vn -0.2630 0.9644 -0.0259
vn -0.0739 0.9972 -0.0073
vn -0.5764 0.7569 -0.3081
vn -0.8508 0.2631 -0.4548
vn -0.7645 0.4985 -0.4086
vn -0.6250 0.7055 -0.3341
vn -0.4429 0.8648 -0.2367
vn -0.2331 0.9644 -0.1246
vn -0.0655 0.9972 -0.0350
vn -0.4146 0.7569 -0.5052
vn -0.6120 0.2631 -0.7458
vn -0.5499 0.4985 -0.6701
vn -0.4496 0.7055 -0.5478
vn -0.3185 0.8648 -0.3882
vn -0.1677 0.9644 -0.2043
vn -0.0471 0.9972 -0.0574
vn -0.1897 0.7569 -0.6254
vn -0.2801 0.2631 -0.9232
vn -0.2516 0.4985 -0.8295
vn -0.2057 0.7055 -0.6782
vn -0.1458 0.8648 -0.4805
vn -0.0767 0.9644 -0.2529
vn -0.0216 0.9972 -0.0711
vn -0.0070 0.9974 0.0711
vn -0.0000 0.9883 0.1523
vn -0.0251 0.9668 0.2544
vn -0.0000 0.9284 0.3717
vn -0.0474 0.8751 0.4816
vn -0.0000 0.8090 0.5878
vn -0.0669 0.7310 0.6791
vn -0.0000 0.6420 0.7667
vn -0.0823 0.5429 0.8357
vn -0.0000 0.4348 0.9005
vn -0.0948 0.2542 0.9625
vn -0.0000 0.0991 0.9951
vn -0.0978 0.0654 0.9931
vn -0.0337 0.9974 0.0630
vn -0.1205 0.9668 0.2254
vn -0.2281 0.8751 0.4268
vn -0.3217 0.7310 0.6018
vn -0.3959 0.5429 0.7406
vn -0.4559 0.2542 0.8529
vn -0.4704 0.0654 0.8800
vn -0.1266 0.9883 0.0846
vn -0.0552 0.9974 0.0453
vn -0.1976 0.9668 0.1621
vn -0.3090 0.9284 0.2065
vn -0.3741 0.8751 0.3070
vn -0.4887 0.8090 0.3266
vn -0.5275 0.7310 0.4329
vn -0.6375 0.6420 0.4260
vn -0.6492 0.5429 0.5327
vn -0.7488 0.4348 0.5003
vn -0.7476 0.2542 0.6136
vn -0.8274 0.0991 0.5528
vn -0.7714 0.0654 0.6330
vn -0.1407 0.9883 0.0583
vn -0.0630 0.9974 0.0337
vn -0.2254 0.9668 0.1205
vn -0.3434 0.9284 0.1422
vn -0.4268 0.8751 0.2281
vn -0.5431 0.8090 0.2249
vn -0.6018 0.7310 0.3217
vn -0.7084 0.6420 0.2934
vn -0.7406 0.5429 0.3959
vn -0.8320 0.4348 0.3446
vn -0.8529 0.2542 0.4559
vn -0.9193 0.0991 0.3808
vn -0.8800 0.0654 0.4704
vn -0.0684 0.9974 0.0207
vn -0.2446 0.9668 0.0742
vn -0.4631 0.8751 0.1405
vn -0.6530 0.7310 0.1981
vn -0.8036 0.5429 0.2438
vn -0.9255 0.2542 0.2807
vn -0.9549 0.0654 0.2897
vn -0.0552 0.9974 -0.0453
vn -0.1976 0.9668 -0.1621
vn -0.3741 0.8751 -0.3070
vn -0.5275 0.7310 -0.4329
vn -0.6492 0.5429 -0.5327
vn -0.7476 0.2542 -0.6135
vn -0.7714 0.0654 -0.6330
vn -0.0297 0.9883 -0.1493
vn -0.0207 0.9974 -0.0684
vn -0.0742 0.9668 -0.2446
vn -0.0725 0.9284 -0.3645
vn -0.1405 0.8751 -0.4631
vn -0.1147 0.8090 -0.5765
vn -0.1981 0.7310 -0.6530
vn -0.1496 0.6420 -0.7520
vn -0.2438 0.5429 -0.8036
vn -0.1757 0.4348 -0.8832
vn -0.2807 0.2542 -0.9255
vn -0.1941 0.0991 -0.9760
vn -0.2897 0.0654 -0.9549
vn -0.0000 0.9883 -0.1523
vn -0.0070 0.9974 -0.0711
vn -0.0250 0.9668 -0.2543
vn -0.0000 0.9284 -0.3717
vn -0.0474 0.8751 -0.4816
vn -0.0000 0.8090 -0.5878
vn -0.0669 0.7310 -0.6791
vn -0.0000 0.6420 -0.7667
vn -0.0823 0.5429 -0.8357
vn -0.0000 0.4348 -0.9005
vn -0.0948 0.2542 -0.9625
vn -0.0000 0.0991 -0.9951
vn -0.0978 0.0654 -0.9931
vn 0.0070 0.9974 -0.0711
vn 0.0250 0.9668 -0.2543
vn 0.0474 0.8751 -0.4816
vn 0.0669 0.7310 -0.6791
vn 0.0823 0.5429 -0.8357
vn 0.0948 0.2542 -0.9625
vn 0.0978 0.0654 -0.9931
vn 0.0846 0.9883 -0.1266
vn 0.0337 0.9974 -0.0630
vn 0.1205 0.9668 -0.2254
vn 0.2065 0.9284 -0.3090
vn 0.2281 0.8751 -0.4268
vn 0.3266 0.8090 -0.4887
vn 0.3217 0.7310 -0.6018
vn 0.4260 0.6420 -0.6375
vn 0.3959 0.5429 -0.7406
vn 0.5003 0.4348 -0.7488
vn 0.4559 0.2542 -0.8529
vn 0.5528 0.0991 -0.8274
vn 0.4704 0.0654 -0.8800
vn 0.1077 0.9883 -0.1077
vn 0.0453 0.9974 -0.0552
vn 0.1621 0.9668 -0.1976
vn 0.2628 0.9284 -0.2628
vn 0.3070 0.8751 -0.3741
vn 0.4156 0.8090 -0.4156
vn 0.4329 0.7310 -0.5275
vn 0.5422 0.6420 -0.5422
vn 0.5328 0.5429 -0.6492
vn 0.6368 0.4348 -0.6368
vn 0.6136 0.2542 -0.7476
vn 0.7036 0.0991 -0.7036
vn 0.6330 0.0654 -0.7714
vn 0.0553 0.9974 -0.0453
vn 0.1975 0.9668 -0.1621
vn 0.3741 0.8751 -0.3070
vn 0.5275 0.7310 -0.4329
vn 0.6492 0.5429 -0.5327
vn 0.7476 0.2542 -0.6136
vn 0.7714 0.0654 -0.6330
vn 0.0684 0.9974 -0.0207
vn 0.2446 0.9668 -0.0742
vn 0.4631 0.8751 -0.1405
vn 0.6530 0.7310 -0.1981
vn 0.8036 0.5429 -0.2438
vn 0.9255 0.2542 -0.2807
vn 0.9549 0.0654 -0.2897
vn 0.1493 0.9883 0.0297
vn 0.0711 0.9974 0.0070
vn 0.2543 0.9668 0.0251
vn 0.3645 0.9284 0.0725
vn 0.4816 0.8751 0.0474
vn 0.5765 0.8090 0.1147
vn 0.6791 0.7310 0.0669
vn 0.7520 0.6420 0.1496
vn 0.8357 0.5429 0.0823
vn 0.8832 0.4348 0.1757
vn 0.9625 0.2542 0.0948
vn 0.9760 0.0991 0.1941
vn 0.9931 0.0654 0.0978
vn 0.1407 0.9883 0.0583
vn 0.0684 0.9974 0.0207
vn 0.2446 0.9668 0.0742
vn 0.3434 0.9284 0.1422
vn 0.4631 0.8751 0.1405
vn 0.5431 0.8090 0.2249
vn 0.6530 0.7310 0.1981
vn 0.7084 0.6420 0.2934
vn 0.8036 0.5429 0.2438
vn 0.8320 0.4348 0.3446
vn 0.9255 0.2542 0.2807
vn 0.9193 0.0991 0.3808
vn 0.9549 0.0654 0.2897
vn 0.1266 0.9883 0.0846
vn 0.0630 0.9974 0.0337
vn 0.2254 0.9668 0.1205
vn 0.3090 0.9284 0.2065
vn 0.4268 0.8751 0.2281
vn 0.4887 0.8090 0.3266
vn 0.6018 0.7310 0.3217
vn 0.6375 0.6420 0.4260
vn 0.7406 0.5429 0.3959
vn 0.7488 0.4348 0.5003
vn 0.8529 0.2542 0.4559
vn 0.8274 0.0991 0.5528
vn 0.8800 0.0654 0.4704
vn 0.1077 0.9883 0.1077
vn 0.0552 0.9974 0.0453
vn 0.1976 0.9668 0.1621
vn 0.2628 0.9284 0.2628
vn 0.3741 0.8751 0.3070
vn 0.4156 0.8090 0.4156
vn 0.5275 0.7310 0.4329
vn 0.5422 0.6420 0.5422
vn 0.6492 0.5429 0.5327
vn 0.6368 0.4348 0.6368
vn 0.7476 0.2542 0.6135
vn 0.7036 0.0991 0.7036
vn 0.7714 0.0654 0.6330
vn 0.0846 0.9883 0.1266
vn 0.0453 0.9974 0.0552
vn 0.1621 0.9668 0.1976
vn 0.2065 0.9284 0.3090
vn 0.3070 0.8751 0.3741
vn 0.3266 0.8090 0.4887
vn 0.4329 0.7310 0.5275
vn 0.4260 0.6420 0.6375
vn 0.5327 0.5429 0.6492
vn 0.5003 0.4348 0.7488
vn 0.6136 0.2542 0.7476
vn 0.5528 0.0991 0.8274
vn 0.6330 0.0654 0.7714
vn 0.0583 0.9883 0.1407
vn 0.0337 0.9974 0.0630
vn 0.1205 0.9668 0.2254
vn 0.1422 0.9284 0.3434
vn 0.2281 0.8751 0.4268
vn 0.2249 0.8090 0.5431
vn 0.3217 0.7310 0.6018
vn 0.2934 0.6420 0.7084
vn 0.3959 0.5429 0.7406
vn 0.3446 0.4348 0.8320
vn 0.4559 0.2542 0.8529
vn 0.3808 0.0991 0.9193
vn 0.4704 0.0654 0.8800
vn 0.0297 0.9883 0.1493
vn 0.0207 0.9974 0.0684
vn 0.0742 0.9668 0.2446
vn 0.0725 0.9284 0.3645
vn 0.1405 0.8751 0.4631
vn 0.1147 0.8090 0.5765
vn 0.1981 0.7310 0.6530
vn 0.1496 0.6420 0.7520
vn 0.2438 0.5429 0.8036
vn 0.1757 0.4348 0.8832
vn 0.2807 0.2542 0.9255
vn 0.1941 0.0991 0.9760
vn 0.2897 0.0654 0.9549
vn 0.0070 0.9974 0.0711
vn 0.0251 0.9668 0.2543
vn 0.0474 0.8751 0.4816
vn 0.0669 0.7310 0.6791
vn 0.0823 0.5429 0.8357
vn 0.0948 0.2542 0.9625
vn 0.0978 0.0654 0.9931
vn 0.0007 1.0000 -0.0010
vn 0.0005 1.0000 -0.0012
vn 0.0002 1.0000 -0.0012
vn 0.0009 1.0000 -0.0009
vn 0.0010 1.0000 -0.0007
vn 0.0012 1.0000 -0.0005
vn 0.0011 1.0000 0.0005
vn 0.0012 1.0000 0.0002
vn 0.0012 1.0000 -0.0000
vn 0.0007 1.0000 0.0010
vn 0.0009 1.0000 0.0009
vn 0.0010 1.0000 0.0007
vn 0.0002 1.0000 0.0012
vn 0.0005 1.0000 0.0012
vn -0.0000 1.0000 0.0012
vn -0.0002 1.0000 0.0012
vn -0.0005 1.0000 0.0012
vn -0.0007 1.0000 0.0010
vn -0.0009 1.0000 0.0009
vn -0.0010 1.0000 0.0007
vn -0.0012 1.0000 -0.0000
vn -0.0012 1.0000 0.0002
vn -0.0012 1.0000 0.0005
vn -0.0012 1.0000 -0.0002
vn -0.0011 1.0000 -0.0005
vn -0.0010 1.0000 -0.0007
vn -0.0007 1.0000 -0.0010
vn -0.0009 1.0000 -0.0009
vn -0.0005 1.0000 -0.0012
vn -0.0002 1.0000 -0.0012
vn -0.0000 1.0000 -0.0012
vn 0.0012 1.0000 -0.0002
vn -0.1949 0.0436 0.9799
vn -0.0000 0.0436 0.9990
vn 0.1949 0.0436 0.9799
vn -0.9990 0.0436 -0.0000
vn -0.9799 0.0436 0.1949
vn -0.9230 0.0436 0.3823
vn -0.9799 0.0436 -0.1949
vn -0.9230 0.0436 -0.3823
vn -0.8307 0.0436 -0.5550
vn -0.7064 0.0436 -0.7064
vn -0.1949 0.0436 -0.9799
vn -0.3823 0.0436 -0.9230
vn -0.0000 0.0436 -0.9990
vn 0.5550 0.0436 -0.8307
vn 0.3823 0.0436 -0.9230
vn 0.7064 0.0436 -0.7064
vn 0.9230 0.0436 -0.3823
vn 0.8307 0.0436 -0.5550
vn 0.9799 0.0436 -0.1949
vn 0.9230 0.0436 0.3823
vn 0.9799 0.0436 0.1949
vn 0.8307 0.0436 0.5550
vn 0.7064 0.0436 0.7064
vn 0.5550 0.0436 0.8307
vn -0.3823 0.0436 0.9230
vn -0.5550 0.0436 0.8307
vn -0.8307 0.0436 0.5550
vn -0.7064 0.0436 0.7064
vn -0.5550 0.0436 -0.8307
vn 0.1949 0.0436 -0.9799
vn 0.9990 0.0436 -0.0000
vn 0.3823 0.0436 0.9230
vn -0.0000 -0.9962 0.0870
vn -0.0028 -0.9996 0.0286
vn -0.0170 -0.9962 0.0854
vn -0.0161 -0.9864 0.1635
vn -0.0000 -0.9726 0.2325
vn -0.0454 -0.9726 0.2281
vn -0.0293 -0.9544 0.2970
vn -0.0000 -0.9290 0.3700
vn -0.0722 -0.9290 0.3629
vn -0.0414 -0.9063 0.4206
vn -0.0083 -0.9996 0.0275
vn -0.0333 -0.9962 0.0804
vn -0.0477 -0.9864 0.1572
vn -0.0890 -0.9726 0.2148
vn -0.0866 -0.9544 0.2856
vn -0.1416 -0.9290 0.3418
vn -0.1227 -0.9063 0.4044
vn -0.0135 -0.9996 0.0253
vn -0.0484 -0.9962 0.0724
vn -0.0774 -0.9864 0.1449
vn -0.1292 -0.9726 0.1933
vn -0.1407 -0.9544 0.2632
vn -0.2056 -0.9290 0.3076
vn -0.1992 -0.9063 0.3727
vn -0.0182 -0.9996 0.0222
vn -0.0615 -0.9962 0.0615
vn -0.1042 -0.9864 0.1270
vn -0.1644 -0.9726 0.1644
vn -0.1893 -0.9544 0.2307
vn -0.2616 -0.9290 0.2616
vn -0.2681 -0.9063 0.3267
vn -0.0222 -0.9996 0.0182
vn -0.0724 -0.9962 0.0484
vn -0.1270 -0.9864 0.1042
vn -0.1933 -0.9726 0.1292
vn -0.2307 -0.9544 0.1893
vn -0.3076 -0.9290 0.2056
vn -0.3267 -0.9063 0.2681
vn -0.0253 -0.9996 0.0135
vn -0.0804 -0.9962 0.0333
vn -0.1449 -0.9864 0.0774
vn -0.2148 -0.9726 0.0890
vn -0.2632 -0.9544 0.1407
vn -0.3418 -0.9290 0.1416
vn -0.3727 -0.9063 0.1992
vn -0.0275 -0.9996 0.0083
vn -0.0854 -0.9962 0.0170
vn -0.1572 -0.9864 0.0477
vn -0.2281 -0.9726 0.0454
vn -0.2856 -0.9544 0.0866
vn -0.3629 -0.9290 0.0722
vn -0.4044 -0.9063 0.1227
vn -0.0286 -0.9996 0.0028
vn -0.0870 -0.9962 -0.0000
vn -0.1635 -0.9864 0.0161
vn -0.2325 -0.9726 -0.0000
vn -0.2970 -0.9544 0.0293
vn -0.3700 -0.9290 -0.0000
vn -0.4206 -0.9063 0.0414
vn -0.0286 -0.9996 -0.0028
vn -0.0854 -0.9962 -0.0170
vn -0.1635 -0.9864 -0.0161
vn -0.2281 -0.9726 -0.0454
vn -0.2970 -0.9544 -0.0293
vn -0.3629 -0.9290 -0.0722
vn -0.4206 -0.9063 -0.0414
vn -0.0275 -0.9996 -0.0083
vn -0.0804 -0.9962 -0.0333
vn -0.1572 -0.9864 -0.0477
vn -0.2148 -0.9726 -0.0890
vn -0.2856 -0.9544 -0.0866
vn -0.3418 -0.9290 -0.1416
vn -0.4044 -0.9063 -0.1227
vn -0.0253 -0.9996 -0.0135
vn -0.0724 -0.9962 -0.0484
vn -0.1449 -0.9864 -0.0774
vn -0.1933 -0.9726 -0.1292
vn -0.2632 -0.9544 -0.1407
vn -0.3076 -0.9290 -0.2056
vn -0.3727 -0.9063 -0.1992
vn -0.0222 -0.9996 -0.0182
vn -0.0615 -0.9962 -0.0615
vn -0.1270 -0.9864 -0.1042
vn -0.1644 -0.9726 -0.1644
vn -0.2307 -0.9544 -0.1893
vn -0.2616 -0.9290 -0.2616
vn -0.3267 -0.9063 -0.2681
vn -0.0182 -0.9996 -0.0222
vn -0.0484 -0.9962 -0.0724
vn -0.1042 -0.9864 -0.1270
vn -0.1292 -0.9726 -0.1933
vn -0.1893 -0.9544 -0.2307
vn -0.2056 -0.9290 -0.3076
vn -0.2681 -0.9063 -0.3267
vn -0.0135 -0.9996 -0.0253
vn -0.0333 -0.9962 -0.0804
vn -0.0774 -0.9864 -0.1449
vn -0.0890 -0.9726 -0.2148
vn -0.1407 -0.9544 -0.2632
vn -0.1416 -0.9290 -0.3418
vn -0.1992 -0.9063 -0.3727
vn -0.0083 -0.9996 -0.0275
vn -0.0170 -0.9962 -0.0854
vn -0.0477 -0.9864 -0.1572
vn -0.0454 -0.9726 -0.2281
vn -0.0866 -0.9544 -0.2856
vn -0.0722 -0.9290 -0.3629
vn -0.1227 -0.9063 -0.4044
vn -0.0028 -0.9996 -0.0286
vn -0.0000 -0.9962 -0.0870
vn -0.0161 -0.9864 -0.1635
vn -0.0000 -0.9726 -0.2325
vn -0.0293 -0.9544 -0.2970
vn -0.0000 -0.9290 -0.3700
vn -0.0414 -0.9063 -0.4206
vn 0.0028 -0.9996 -0.0286
vn 0.0170 -0.9962 -0.0854
vn 0.0161 -0.9864 -0.1635
vn 0.0454 -0.9726 -0.2281
vn 0.0293 -0.9544 -0.2970
vn 0.0722 -0.9290 -0.3629
vn 0.0414 -0.9063 -0.4206
vn 0.0083 -0.9996 -0.0275
vn 0.0333 -0.9962 -0.0804
vn 0.0477 -0.9864 -0.1572
vn 0.0890 -0.9726 -0.2148
vn 0.0866 -0.9544 -0.2856
vn 0.1416 -0.9290 -0.3418
vn 0.1227 -0.9063 -0.4044
vn 0.0135 -0.9996 -0.0253
vn 0.0484 -0.9962 -0.0724
vn 0.0774 -0.9864 -0.1449
vn 0.1292 -0.9726 -0.1933
vn 0.1407 -0.9544 -0.2632
vn 0.2056 -0.9290 -0.3076
vn 0.1992 -0.9063 -0.3727
vn 0.0182 -0.9996 -0.0222
vn 0.0615 -0.9962 -0.0615
vn 0.1042 -0.9864 -0.1270
vn 0.1644 -0.9726 -0.1644
vn 0.1893 -0.9544 -0.2307
vn 0.2616 -0.9290 -0.2616
vn 0.2681 -0.9063 -0.3267
vn 0.0222 -0.9996 -0.0182
vn 0.0724 -0.9962 -0.0484
vn 0.1270 -0.9864 -0.1042
vn 0.1933 -0.9726 -0.1292
vn 0.2307 -0.9544 -0.1893
vn 0.3076 -0.9290 -0.2056
vn 0.3267 -0.9063 -0.2681
vn 0.0253 -0.9996 -0.0135
vn 0.0804 -0.9962 -0.0333
vn 0.1449 -0.9864 -0.0774
vn 0.2148 -0.9726 -0.0890
vn 0.2632 -0.9544 -0.1407
vn 0.3418 -0.9290 -0.1416
vn 0.3727 -0.9063 -0.1992
vn 0.0275 -0.9996 -0.0083
vn 0.0854 -0.9962 -0.0170
vn 0.1572 -0.9864 -0.0477
vn 0.2281 -0.9726 -0.0454
vn 0.2856 -0.9544 -0.0866
vn 0.3629 -0.9290 -0.0722
vn 0.4044 -0.9063 -0.1227
vn 0.0286 -0.9996 -0.0028
vn 0.0870 -0.9962 -0.0000
vn 0.1635 -0.9864 -0.0161
vn 0.2325 -0.9726 -0.0000
vn 0.2970 -0.9544 -0.0293
vn 0.3700 -0.9290 -0.0000
vn 0.4206 -0.9063 -0.0414
vn 0.0286 -0.9996 0.0028
vn 0.0854 -0.9962 0.0170
vn 0.1635 -0.9864 0.0161
vn 0.2281 -0.9726 0.0454
vn 0.2970 -0.9544 0.0293
vn 0.3629 -0.9290 0.0722
vn 0.4206 -0.9063 0.0414
vn 0.0275 -0.9996 0.0083
vn 0.0804 -0.9962 0.0333
vn 0.1572 -0.9864 0.0477
vn 0.2148 -0.9726 0.0890
vn 0.2856 -0.9544 0.0866
vn 0.3418 -0.9290 0.1416
vn 0.4044 -0.9063 0.1227
vn 0.0253 -0.9996 0.0135
vn 0.0724 -0.9962 0.0484
vn 0.1449 -0.9864 0.0774
vn 0.1933 -0.9726 0.1292
vn 0.2632 -0.9544 0.1407
vn 0.3076 -0.9290 0.2056
vn 0.3727 -0.9063 0.1992
vn 0.0222 -0.9996 0.0182
vn 0.0615 -0.9962 0.0615
vn 0.1270 -0.9864 0.1042
vn 0.1644 -0.9726 0.1644
vn 0.2307 -0.9544 0.1893
vn 0.2616 -0.9290 0.2616
vn 0.3267 -0.9063 0.2681
vn 0.0182 -0.9996 0.0222
vn 0.0484 -0.9962 0.0724
vn 0.1042 -0.9864 0.1270
vn 0.1292 -0.9726 0.1933
vn 0.1893 -0.9544 0.2307
vn 0.2056 -0.9290 0.3076
vn 0.2681 -0.9063 0.3267
vn 0.0135 -0.9996 0.0253
vn 0.0333 -0.9962 0.0804
vn 0.0774 -0.9864 0.1449
vn 0.0890 -0.9726 0.2148
vn 0.1407 -0.9544 0.2632
vn 0.1416 -0.9290 0.3418
vn 0.1992 -0.9063 0.3727
vn 0.0083 -0.9996 0.0275
vn 0.0170 -0.9962 0.0854
vn 0.0477 -0.9864 0.1572
vn 0.0454 -0.9726 0.2281
vn 0.0866 -0.9544 0.2856
vn 0.0722 -0.9290 0.3629
vn 0.1227 -0.9063 0.4044
vn 0.0028 -0.9996 0.0286
vn 0.0161 -0.9864 0.1635
vn 0.0293 -0.9544 0.2970
vn 0.0414 -0.9063 0.4206
vn -0.0000 -0.9300 0.3676
vn -0.0411 -0.9078 0.4174
vn -0.0717 -0.9300 0.3606
vn -0.0293 -0.9542 0.2977
vn -0.0000 -0.9721 0.2344
vn -0.0457 -0.9721 0.2299
vn -0.0119 -0.9927 0.1204
vn -0.0000 -0.9998 0.0192
vn -0.0038 -0.9998 0.0189
vn -0.0001 -1.0000 0.0011
vn -0.1217 -0.9078 0.4013
vn -0.1407 -0.9300 0.3397
vn -0.0868 -0.9542 0.2863
vn -0.0897 -0.9721 0.2166
vn -0.0351 -0.9927 0.1158
vn -0.0074 -0.9998 0.0178
vn -0.0003 -1.0000 0.0011
vn -0.1977 -0.9078 0.3699
vn -0.2042 -0.9300 0.3057
vn -0.1410 -0.9542 0.2638
vn -0.1302 -0.9721 0.1949
vn -0.0570 -0.9927 0.1067
vn -0.0107 -0.9998 0.0160
vn -0.0005 -1.0000 0.0010
vn -0.2661 -0.9078 0.3242
vn -0.2600 -0.9300 0.2600
vn -0.1898 -0.9542 0.2313
vn -0.1657 -0.9721 0.1657
vn -0.0768 -0.9927 0.0935
vn -0.0136 -0.9998 0.0136
vn -0.0007 -1.0000 0.0009
vn -0.3242 -0.9078 0.2661
vn -0.3057 -0.9300 0.2042
vn -0.2313 -0.9542 0.1898
vn -0.1949 -0.9721 0.1302
vn -0.0935 -0.9927 0.0768
vn -0.0160 -0.9998 0.0107
vn -0.0009 -1.0000 0.0007
vn -0.3699 -0.9078 0.1977
vn -0.3397 -0.9300 0.1407
vn -0.2638 -0.9542 0.1410
vn -0.2166 -0.9721 0.0897
vn -0.1067 -0.9927 0.0570
vn -0.0178 -0.9998 0.0074
vn -0.0010 -1.0000 0.0005
vn -0.4013 -0.9078 0.1217
vn -0.3606 -0.9300 0.0717
vn -0.2863 -0.9542 0.0868
vn -0.2299 -0.9721 0.0457
vn -0.1158 -0.9927 0.0351
vn -0.0189 -0.9998 0.0038
vn -0.0011 -1.0000 0.0003
vn -0.4174 -0.9078 0.0411
vn -0.3676 -0.9300 -0.0000
vn -0.2977 -0.9542 0.0293
vn -0.2344 -0.9721 -0.0000
vn -0.1204 -0.9927 0.0119
vn -0.0192 -0.9998 -0.0000
vn -0.0011 -1.0000 0.0001
vn -0.4174 -0.9078 -0.0411
vn -0.3606 -0.9300 -0.0717
vn -0.2977 -0.9542 -0.0293
vn -0.2299 -0.9721 -0.0457
vn -0.1204 -0.9927 -0.0119
vn -0.0189 -0.9998 -0.0038
vn -0.0011 -1.0000 -0.0001
vn -0.4013 -0.9078 -0.1217
vn -0.3397 -0.9300 -0.1407
vn -0.2863 -0.9542 -0.0868
vn -0.2166 -0.9721 -0.0897
vn -0.1158 -0.9927 -0.0351
vn -0.0178 -0.9998 -0.0074
vn -0.0011 -1.0000 -0.0003
vn -0.3699 -0.9078 -0.1977
vn -0.3057 -0.9300 -0.2042
vn -0.2638 -0.9542 -0.1410
vn -0.1949 -0.9721 -0.1302
vn -0.1067 -0.9927 -0.0570
vn -0.0160 -0.9998 -0.0107
vn -0.0010 -1.0000 -0.0005
vn -0.3242 -0.9078 -0.2661
vn -0.2600 -0.9300 -0.2600
vn -0.2313 -0.9542 -0.1898
vn -0.1657 -0.9721 -0.1657
vn -0.0935 -0.9927 -0.0768
vn -0.0136 -0.9998 -0.0136
vn -0.0009 -1.0000 -0.0007
vn -0.2661 -0.9078 -0.3242
vn -0.2042 -0.9300 -0.3057
vn -0.1898 -0.9542 -0.2313
vn -0.1302 -0.9721 -0.1949
vn -0.0768 -0.9927 -0.0935
vn -0.0107 -0.9998 -0.0160
vn -0.0007 -1.0000 -0.0009
vn -0.1977 -0.9078 -0.3699
vn -0.1407 -0.9300 -0.3397
vn -0.1410 -0.9542 -0.2638
vn -0.0897 -0.9721 -0.2166
vn -0.0570 -0.9927 -0.1067
vn -0.0074 -0.9998 -0.0178
vn -0.0005 -1.0000 -0.0010
vn -0.1217 -0.9078 -0.4013
vn -0.0717 -0.9300 -0.3606
vn -0.0868 -0.9542 -0.2863
vn -0.0457 -0.9721 -0.2299
vn -0.0351 -0.9927 -0.1158
vn -0.0038 -0.9998 -0.0189
vn -0.0003 -1.0000 -0.0011
vn -0.0411 -0.9078 -0.4174
vn -0.0000 -0.9300 -0.3676
vn -0.0293 -0.9542 -0.2977
vn -0.0000 -0.9721 -0.2344
vn -0.0119 -0.9927 -0.1204
vn -0.0000 -0.9998 -0.0192
vn -0.0001 -1.0000 -0.0011
vn 0.0411 -0.9078 -0.4174
vn 0.0717 -0.9300 -0.3606
vn 0.0293 -0.9542 -0.2977
vn 0.0457 -0.9721 -0.2299
vn 0.0119 -0.9927 -0.1204
vn 0.0038 -0.9998 -0.0189
vn 0.0001 -1.0000 -0.0011
vn 0.1217 -0.9078 -0.4013
vn 0.1407 -0.9300 -0.3397
vn 0.0868 -0.9542 -0.2863
vn 0.0897 -0.9721 -0.2166
vn 0.0351 -0.9927 -0.1158
vn 0.0074 -0.9998 -0.0178
vn 0.0003 -1.0000 -0.0011
vn 0.1977 -0.9078 -0.3699
vn 0.2042 -0.9300 -0.3057
vn 0.1410 -0.9542 -0.2638
vn 0.1302 -0.9721 -0.1949
vn 0.0570 -0.9927 -0.1067
vn 0.0107 -0.9998 -0.0160
vn 0.0005 -1.0000 -0.0010
vn 0.2661 -0.9078 -0.3242
vn 0.2600 -0.9300 -0.2600
vn 0.1898 -0.9542 -0.2313
vn 0.1658 -0.9721 -0.1657
vn 0.0768 -0.9927 -0.0935
vn 0.0136 -0.9998 -0.0136
vn 0.0007 -1.0000 -0.0009
vn 0.3242 -0.9078 -0.2661
vn 0.3057 -0.9300 -0.2042
vn 0.2313 -0.9542 -0.1898
vn 0.1949 -0.9721 -0.1302
vn 0.0935 -0.9927 -0.0768
vn 0.0160 -0.9998 -0.0107
vn 0.0009 -1.0000 -0.0007
vn 0.3699 -0.9078 -0.1977
vn 0.3397 -0.9300 -0.1407
vn 0.2638 -0.9542 -0.1410
vn 0.2166 -0.9721 -0.0897
vn 0.1067 -0.9927 -0.0570
vn 0.0178 -0.9998 -0.0074
vn 0.0010 -1.0000 -0.0005
vn 0.4013 -0.9078 -0.1217
vn 0.3606 -0.9300 -0.0717
vn 0.2863 -0.9542 -0.0868
vn 0.2299 -0.9721 -0.0457
vn 0.1158 -0.9927 -0.0351
vn 0.0189 -0.9998 -0.0038
vn 0.0011 -1.0000 -0.0003
vn 0.4174 -0.9078 -0.0411
vn 0.3676 -0.9300 -0.0000
vn 0.2977 -0.9542 -0.0293
vn 0.2344 -0.9721 -0.0000
vn 0.1204 -0.9927 -0.0119
vn 0.0192 -0.9998 -0.0000
vn 0.0011 -1.0000 -0.0001
vn 0.4174 -0.9078 0.0411
vn 0.3606 -0.9300 0.0717
vn 0.2977 -0.9542 0.0293
vn 0.2299 -0.9721 0.0457
vn 0.1204 -0.9927 0.0119
vn 0.0189 -0.9998 0.0038
vn 0.0011 -1.0000 0.0001
vn 0.4013 -0.9078 0.1217
vn 0.3397 -0.9300 0.1407
vn 0.2863 -0.9542 0.0868
vn 0.2166 -0.9721 0.0897
vn 0.1158 -0.9927 0.0351
vn 0.0178 -0.9998 0.0074
vn 0.0011 -1.0000 0.0003
vn 0.3699 -0.9078 0.1977
vn 0.3057 -0.9300 0.2042
vn 0.2638 -0.9542 0.1410
vn 0.1949 -0.9721 0.1302
vn 0.1067 -0.9927 0.0570
vn 0.0160 -0.9998 0.0107
vn 0.0010 -1.0000 0.0005
vn 0.3242 -0.9078 0.2661
vn 0.2600 -0.9300 0.2600
vn 0.2313 -0.9542 0.1898
vn 0.1657 -0.9721 0.1657
vn 0.0935 -0.9927 0.0768
vn 0.0136 -0.9998 0.0136
vn 0.0009 -1.0000 0.0007
vn 0.2661 -0.9078 0.3242
vn 0.2042 -0.9300 0.3057
vn 0.1898 -0.9542 0.2313
vn 0.1302 -0.9721 0.1949
vn 0.0768 -0.9927 0.0935
vn 0.0107 -0.9998 0.0160
vn 0.0007 -1.0000 0.0009
vn 0.1977 -0.9078 0.3699
vn 0.1407 -0.9300 0.3397
vn 0.1410 -0.9542 0.2638
vn 0.0897 -0.9721 0.2166
vn 0.0570 -0.9927 0.1067
vn 0.0074 -0.9998 0.0178
vn 0.0005 -1.0000 0.0010
vn 0.1217 -0.9078 0.4013
vn 0.0717 -0.9300 0.3606
vn 0.0868 -0.9542 0.2863
vn 0.0457 -0.9721 0.2299
vn 0.0351 -0.9927 0.1158
vn 0.0038 -0.9998 0.0189
vn 0.0003 -1.0000 0.0011
vn 0.0411 -0.9078 0.4174
vn 0.0293 -0.9542 0.2977
vn 0.0119 -0.9927 0.1204
vn 0.0001 -1.0000 0.0011
vn -0.0000 -0.8989 0.4381
vn -0.0855 -0.8989 0.4297
vn 0.0855 -0.8989 0.4297
vn -0.1677 -0.8989 0.4048
vn -0.2434 -0.8989 0.3643
vn -0.3098 -0.8989 0.3098
vn -0.3643 -0.8989 0.2434
vn -0.4048 -0.8989 0.1677
vn -0.4297 -0.8989 0.0855
vn -0.4381 -0.8989 -0.0000
vn -0.4297 -0.8989 -0.0855
vn -0.4048 -0.8989 -0.1677
vn -0.3643 -0.8989 -0.2434
vn -0.3098 -0.8989 -0.3098
vn -0.2434 -0.8989 -0.3643
vn -0.1677 -0.8989 -0.4048
vn -0.0855 -0.8989 -0.4297
vn -0.0000 -0.8989 -0.4381
vn 0.0855 -0.8989 -0.4297
vn 0.1677 -0.8989 -0.4048
vn 0.2434 -0.8989 -0.3643
vn 0.3098 -0.8989 -0.3098
vn 0.3643 -0.8989 -0.2434
vn 0.4048 -0.8989 -0.1677
vn 0.4297 -0.8989 -0.0855
vn 0.4381 -0.8989 -0.0000
vn 0.4297 -0.8989 0.0855
vn 0.4048 -0.8989 0.1677
vn 0.3643 -0.8989 0.2434
vn 0.3098 -0.8989 0.3098
vn 0.2434 -0.8989 0.3643
vn 0.1677 -0.8989 0.4048
vn -0.0000 -0.3420 -0.9397
vn 0.0940 -0.2816 -0.9549
vn 0.1833 -0.3420 -0.9216
vn 0.0844 -0.5079 -0.8573
vn -0.0000 -0.7046 -0.7096
vn 0.1384 -0.7046 -0.6960
vn 0.0471 -0.8769 -0.4784
vn -0.0000 -0.9766 -0.2149
vn 0.0419 -0.9766 -0.2108
vn 0.0052 -0.9986 -0.0531
vn 0.2785 -0.2816 -0.9182
vn 0.3596 -0.3420 -0.8682
vn 0.2501 -0.5079 -0.8243
vn 0.2716 -0.7046 -0.6556
vn 0.1396 -0.8769 -0.4600
vn 0.0822 -0.9766 -0.1986
vn 0.0155 -0.9986 -0.0511
vn 0.4523 -0.2816 -0.8462
vn 0.5221 -0.3420 -0.7813
vn 0.4061 -0.5079 -0.7597
vn 0.3942 -0.7046 -0.5900
vn 0.2266 -0.8768 -0.4240
vn 0.1194 -0.9766 -0.1787
vn 0.0252 -0.9986 -0.0471
vn 0.9397 -0.3420 -0.0000
vn 0.9549 -0.2816 0.0941
vn 0.9216 -0.3420 0.1833
vn 0.8573 -0.5079 0.0844
vn 0.7096 -0.7046 -0.0000
vn 0.6960 -0.7046 0.1384
vn 0.4785 -0.8768 0.0471
vn 0.2149 -0.9766 -0.0000
vn 0.2108 -0.9766 0.0419
vn 0.0531 -0.9986 0.0052
vn -0.1833 -0.3421 0.9216
vn -0.2785 -0.2816 0.9182
vn -0.3596 -0.3420 0.8682
vn -0.2501 -0.5079 0.8243
vn -0.1384 -0.7046 0.6960
vn -0.2716 -0.7046 0.6556
vn -0.1396 -0.8768 0.4601
vn -0.0419 -0.9766 0.2108
vn -0.0822 -0.9766 0.1986
vn -0.0155 -0.9986 0.0511
vn -0.4523 -0.2816 0.8462
vn -0.5221 -0.3420 0.7813
vn -0.4061 -0.5079 0.7597
vn -0.3942 -0.7046 0.5900
vn -0.2266 -0.8768 0.4240
vn -0.1194 -0.9766 0.1787
vn -0.0252 -0.9986 0.0471
vn -0.6087 -0.2816 0.7417
vn -0.6645 -0.3421 0.6645
vn -0.5465 -0.5079 0.6659
vn -0.5018 -0.7046 0.5018
vn -0.3050 -0.8768 0.3716
vn -0.1520 -0.9766 0.1520
vn -0.0338 -0.9986 0.0412
vn -0.7417 -0.2816 0.6087
vn -0.7813 -0.3420 0.5221
vn -0.6659 -0.5079 0.5465
vn -0.5900 -0.7046 0.3942
vn -0.3716 -0.8768 0.3050
vn -0.1787 -0.9766 0.1194
vn -0.0412 -0.9986 0.0338
vn -0.8462 -0.2816 0.4523
vn -0.8682 -0.3420 0.3596
vn -0.7597 -0.5079 0.4061
vn -0.6556 -0.7046 0.2716
vn -0.4240 -0.8768 0.2266
vn -0.1986 -0.9766 0.0822
vn -0.0471 -0.9986 0.0252
vn -0.9182 -0.2816 0.2785
vn -0.9216 -0.3420 0.1833
vn -0.8243 -0.5079 0.2501
vn -0.6960 -0.7046 0.1384
vn -0.4601 -0.8769 0.1396
vn -0.2108 -0.9766 0.0419
vn -0.0511 -0.9986 0.0155
vn -0.9549 -0.2816 0.0941
vn -0.9397 -0.3420 -0.0000
vn -0.8573 -0.5079 0.0844
vn -0.7096 -0.7046 -0.0000
vn -0.4785 -0.8768 0.0471
vn -0.2149 -0.9766 -0.0000
vn -0.0531 -0.9986 0.0052
vn -0.9549 -0.2816 -0.0940
vn -0.9216 -0.3420 -0.1833
vn -0.8573 -0.5079 -0.0844
vn -0.6960 -0.7046 -0.1384
vn -0.4785 -0.8768 -0.0471
vn -0.2108 -0.9766 -0.0419
vn -0.0531 -0.9986 -0.0052
vn -0.9182 -0.2816 -0.2785
vn -0.8682 -0.3421 -0.3596
vn -0.8243 -0.5079 -0.2501
vn -0.6556 -0.7046 -0.2716
vn -0.4601 -0.8768 -0.1396
vn -0.1986 -0.9766 -0.0822
vn -0.0511 -0.9986 -0.0155
vn -0.8462 -0.2816 -0.4523
vn -0.7813 -0.3421 -0.5221
vn -0.7597 -0.5079 -0.4061
vn -0.5900 -0.7046 -0.3942
vn -0.4240 -0.8768 -0.2266
vn -0.1787 -0.9766 -0.1194
vn -0.0471 -0.9986 -0.0252
vn -0.3596 -0.3421 -0.8681
vn -0.2785 -0.2816 -0.9182
vn -0.1833 -0.3420 -0.9216
vn -0.2501 -0.5079 -0.8243
vn -0.2716 -0.7046 -0.6556
vn -0.1384 -0.7046 -0.6960
vn -0.1396 -0.8768 -0.4601
vn -0.0822 -0.9766 -0.1986
vn -0.0419 -0.9766 -0.2108
vn -0.0155 -0.9986 -0.0511
vn -0.0940 -0.2816 -0.9549
vn -0.0844 -0.5079 -0.8573
vn -0.0471 -0.8768 -0.4785
vn -0.0052 -0.9986 -0.0531
vn 0.6645 -0.3421 -0.6645
vn 0.7417 -0.2816 -0.6087
vn 0.7813 -0.3420 -0.5221
vn 0.6659 -0.5079 -0.5465
vn 0.5018 -0.7046 -0.5018
vn 0.5900 -0.7046 -0.3942
vn 0.3716 -0.8768 -0.3050
vn 0.1520 -0.9766 -0.1520
vn 0.1787 -0.9766 -0.1194
vn 0.0412 -0.9986 -0.0338
vn 0.8462 -0.2816 -0.4523
vn 0.8682 -0.3420 -0.3596
vn 0.7597 -0.5079 -0.4061
vn 0.6556 -0.7046 -0.2716
vn 0.4240 -0.8769 -0.2266
vn 0.1986 -0.9766 -0.0822
vn 0.0471 -0.9986 -0.0252
vn 0.9182 -0.2816 -0.2785
vn 0.9216 -0.3420 -0.1833
vn 0.8243 -0.5079 -0.2501
vn 0.6960 -0.7046 -0.1384
vn 0.4601 -0.8769 -0.1396
vn 0.2108 -0.9766 -0.0419
vn 0.0511 -0.9986 -0.0155
vn 0.6645 -0.3421 0.6645
vn 0.6087 -0.2816 0.7417
vn 0.5221 -0.3421 0.7813
vn 0.5465 -0.5079 0.6659
vn 0.5018 -0.7046 0.5018
vn 0.3942 -0.7046 0.5900
vn 0.3050 -0.8768 0.3716
vn 0.1520 -0.9766 0.1520
vn 0.1194 -0.9766 0.1787
vn 0.0338 -0.9986 0.0412
vn 0.4523 -0.2816 0.8462
vn 0.3596 -0.3420 0.8682
vn 0.4061 -0.5079 0.7597
vn 0.2716 -0.7046 0.6556
vn 0.2266 -0.8769 0.4240
vn 0.0822 -0.9766 0.1986
vn 0.0252 -0.9986 0.0471
vn -0.6645 -0.3421 -0.6645
vn -0.6087 -0.2816 -0.7417
vn -0.5221 -0.3421 -0.7813
vn -0.5465 -0.5079 -0.6659
vn -0.5018 -0.7046 -0.5018
vn -0.3942 -0.7046 -0.5900
vn -0.3050 -0.8768 -0.3716
vn -0.1520 -0.9766 -0.1520
vn -0.1194 -0.9766 -0.1787
vn -0.0338 -0.9986 -0.0412
vn 0.6087 -0.2816 -0.7417
vn 0.5465 -0.5079 -0.6659
vn 0.3050 -0.8768 -0.3716
vn 0.0338 -0.9986 -0.0412
vn 0.9549 -0.2816 -0.0941
vn 0.8573 -0.5079 -0.0844
vn 0.4785 -0.8768 -0.0471
vn 0.0531 -0.9986 -0.0052
vn 0.9182 -0.2816 0.2785
vn 0.8682 -0.3420 0.3596
vn 0.8243 -0.5079 0.2501
vn 0.6556 -0.7046 0.2716
vn 0.4601 -0.8768 0.1396
vn 0.1986 -0.9766 0.0822
vn 0.0511 -0.9986 0.0155
vn 0.8462 -0.2816 0.4523
vn 0.7813 -0.3421 0.5221
vn 0.7597 -0.5079 0.4061
vn 0.5900 -0.7046 0.3942
vn 0.4240 -0.8768 0.2266
vn 0.1787 -0.9766 0.1194
vn 0.0471 -0.9986 0.0252
vn 0.7417 -0.2816 0.6087
vn 0.6659 -0.5079 0.5465
vn 0.3716 -0.8768 0.3050
vn 0.0412 -0.9986 0.0338
vn 0.2785 -0.2816 0.9182
vn 0.1833 -0.3421 0.9216
vn 0.2501 -0.5079 0.8243
vn 0.1384 -0.7046 0.6960
vn 0.1396 -0.8769 0.4601
vn 0.0419 -0.9766 0.2108
vn 0.0155 -0.9986 0.0511
vn 0.0940 -0.2816 0.9549
vn -0.0000 -0.3421 0.9397
vn 0.0844 -0.5079 0.8573
vn -0.0000 -0.7046 0.7096
vn 0.0471 -0.8768 0.4785
vn -0.0000 -0.9766 0.2149
vn 0.0052 -0.9986 0.0531
vn -0.0940 -0.2816 0.9549
vn -0.0844 -0.5079 0.8573
vn -0.0471 -0.8768 0.4785
vn -0.0052 -0.9986 0.0531
vn -0.7417 -0.2816 -0.6087
vn -0.6659 -0.5079 -0.5465
vn -0.3716 -0.8768 -0.3050
vn -0.0412 -0.9986 -0.0338
vn -0.4523 -0.2816 -0.8462
vn -0.4061 -0.5079 -0.7597
vn -0.2266 -0.8768 -0.4240
vn -0.0252 -0.9986 -0.0471
vn -0.0000 -1.0000 -0.0037
vn 0.0007 -1.0000 -0.0037
vn -0.0007 -1.0000 -0.0037
vn 0.0014 -1.0000 -0.0035
vn 0.0021 -1.0000 -0.0031
vn 0.0026 -1.0000 -0.0026
vn 0.0037 -1.0000 -0.0000
vn 0.0037 -1.0000 0.0007
vn 0.0037 -1.0000 -0.0007
vn 0.0035 -1.0000 0.0014
vn 0.0031 -1.0000 0.0021
vn 0.0026 -1.0000 0.0026
vn 0.0007 -1.0000 0.0037
vn -0.0000 -1.0000 0.0037
vn 0.0014 -1.0000 0.0035
vn -0.0007 -1.0000 0.0037
vn -0.0014 -1.0000 0.0035
vn -0.0021 -1.0000 0.0031
vn -0.0026 -1.0000 0.0026
vn -0.0031 -1.0000 0.0021
vn -0.0035 -1.0000 0.0014
vn -0.0037 -1.0000 0.0007
vn -0.0037 -1.0000 -0.0000
vn -0.0037 -1.0000 -0.0007
vn -0.0035 -1.0000 -0.0014
vn -0.0031 -1.0000 -0.0021
vn -0.0026 -1.0000 -0.0026
vn -0.0014 -1.0000 -0.0035
vn -0.0021 -1.0000 -0.0031
vn 0.0031 -1.0000 -0.0021
vn 0.0035 -1.0000 -0.0014
vn 0.0021 -1.0000 0.0031
vn -0.1948 0.0522 0.9794
vn -0.0980 0.0059 0.9952
vn -0.0000 0.0522 0.9986
vn -0.0913 0.3634 0.9271
vn -0.1384 0.7045 0.6960
vn -0.0000 0.7045 0.7097
vn -0.0377 0.9230 0.3829
vn -0.0135 0.9976 0.0679
vn -0.0000 0.9976 0.0693
vn -0.0004 1.0000 0.0042
vn -0.3822 0.0522 0.9226
vn -0.2903 0.0059 0.9569
vn -0.2704 0.3634 0.8915
vn -0.2716 0.7045 0.6556
vn -0.1117 0.9230 0.3682
vn -0.0265 0.9976 0.0640
vn -0.0012 1.0000 0.0041
vn -0.5548 0.0522 0.8303
vn -0.4714 0.0059 0.8819
vn -0.4392 0.3634 0.8216
vn -0.3943 0.7045 0.5901
vn -0.1814 0.9230 0.3393
vn -0.0385 0.9976 0.0576
vn -0.0020 1.0000 0.0038
vn -0.7061 0.0522 0.7061
vn -0.6344 0.0059 0.7730
vn -0.5910 0.3634 0.7202
vn -0.5018 0.7045 0.5018
vn -0.2441 0.9230 0.2974
vn -0.0490 0.9976 0.0490
vn -0.0027 1.0000 0.0033
vn -0.8303 0.0522 0.5548
vn -0.7730 0.0059 0.6344
vn -0.7202 0.3634 0.5910
vn -0.5901 0.7045 0.3943
vn -0.2974 0.9230 0.2441
vn -0.0576 0.9976 0.0385
vn -0.0033 1.0000 0.0027
vn -0.9226 0.0522 0.3822
vn -0.8819 0.0059 0.4714
vn -0.8216 0.3634 0.4392
vn -0.6556 0.7045 0.2716
vn -0.3393 0.9230 0.1814
vn -0.0640 0.9976 0.0265
vn -0.0038 1.0000 0.0020
vn -0.9794 0.0522 0.1948
vn -0.9569 0.0059 0.2903
vn -0.8915 0.3634 0.2704
vn -0.6960 0.7045 0.1384
vn -0.3682 0.9230 0.1117
vn -0.0679 0.9976 0.0135
vn -0.0041 1.0000 0.0012
vn -0.9986 0.0522 -0.0000
vn -0.9952 0.0059 0.0980
vn -0.9271 0.3634 0.0913
vn -0.7097 0.7045 -0.0000
vn -0.3829 0.9230 0.0377
vn -0.0693 0.9976 -0.0000
vn -0.0042 1.0000 0.0004
vn -0.9794 0.0522 -0.1948
vn -0.9952 0.0059 -0.0980
vn -0.9271 0.3634 -0.0913
vn -0.6960 0.7045 -0.1384
vn -0.3829 0.9230 -0.0377
vn -0.0679 0.9976 -0.0135
vn -0.0042 1.0000 -0.0004
vn -0.9226 0.0522 -0.3822
vn -0.9569 0.0059 -0.2903
vn -0.8915 0.3634 -0.2704
vn -0.6556 0.7045 -0.2716
vn -0.3682 0.9230 -0.1117
vn -0.0640 0.9976 -0.0265
vn -0.0041 1.0000 -0.0012
vn -0.8303 0.0522 -0.5548
vn -0.8819 0.0059 -0.4714
vn -0.8216 0.3634 -0.4392
vn -0.5901 0.7045 -0.3943
vn -0.3393 0.9230 -0.1814
vn -0.0576 0.9976 -0.0385
vn -0.0038 1.0000 -0.0020
vn -0.7061 0.0522 -0.7061
vn -0.7730 0.0059 -0.6344
vn -0.7202 0.3634 -0.5910
vn -0.5018 0.7045 -0.5018
vn -0.2974 0.9230 -0.2441
vn -0.0490 0.9976 -0.0490
vn -0.0033 1.0000 -0.0027
vn -0.5548 0.0522 -0.8303
vn -0.6344 0.0059 -0.7730
vn -0.5910 0.3634 -0.7202
vn -0.3943 0.7045 -0.5901
vn -0.2441 0.9230 -0.2974
vn -0.0385 0.9976 -0.0576
vn -0.0027 1.0000 -0.0033
vn -0.3822 0.0522 -0.9226
vn -0.4714 0.0059 -0.8819
vn -0.4392 0.3634 -0.8216
vn -0.2716 0.7045 -0.6556
vn -0.1814 0.9230 -0.3393
vn -0.0265 0.9976 -0.0640
vn -0.0020 1.0000 -0.0038
vn -0.1948 0.0522 -0.9794
vn -0.2903 0.0059 -0.9569
vn -0.2704 0.3634 -0.8915
vn -0.1384 0.7045 -0.6960
vn -0.1117 0.9230 -0.3682
vn -0.0135 0.9976 -0.0679
vn -0.0012 1.0000 -0.0041
vn -0.0000 0.0522 -0.9986
vn -0.0980 0.0059 -0.9952
vn -0.0913 0.3634 -0.9271
vn -0.0000 0.7045 -0.7097
vn -0.0377 0.9230 -0.3829
vn -0.0000 0.9976 -0.0693
vn -0.0004 1.0000 -0.0042
vn 0.1948 0.0522 -0.9794
vn 0.0980 0.0059 -0.9952
vn 0.0913 0.3634 -0.9271
vn 0.1384 0.7045 -0.6960
vn 0.0377 0.9230 -0.3829
vn 0.0135 0.9976 -0.0679
vn 0.0004 1.0000 -0.0042
vn 0.3822 0.0522 -0.9226
vn 0.2903 0.0059 -0.9569
vn 0.2704 0.3634 -0.8915
vn 0.2716 0.7045 -0.6556
vn 0.1117 0.9230 -0.3682
vn 0.0265 0.9976 -0.0640
vn 0.0012 1.0000 -0.0041
vn 0.5548 0.0522 -0.8303
vn 0.4714 0.0059 -0.8819
vn 0.4392 0.3634 -0.8216
vn 0.3943 0.7045 -0.5901
vn 0.1814 0.9230 -0.3393
vn 0.0385 0.9976 -0.0576
vn 0.0020 1.0000 -0.0038
vn 0.7061 0.0522 -0.7061
vn 0.6344 0.0059 -0.7730
vn 0.5910 0.3634 -0.7202
vn 0.5018 0.7045 -0.5018
vn 0.2441 0.9230 -0.2974
vn 0.0490 0.9976 -0.0490
vn 0.0027 1.0000 -0.0033
vn 0.8303 0.0522 -0.5548
vn 0.7730 0.0059 -0.6344
vn 0.7202 0.3634 -0.5910
vn 0.5901 0.7045 -0.3943
vn 0.2974 0.9230 -0.2441
vn 0.0576 0.9976 -0.0385
vn 0.0033 1.0000 -0.0027
vn 0.9226 0.0522 -0.3822
vn 0.8819 0.0059 -0.4714
vn 0.8216 0.3634 -0.4392
vn 0.6556 0.7045 -0.2716
vn 0.3393 0.9230 -0.1814
vn 0.0640 0.9976 -0.0265
vn 0.0038 1.0000 -0.0020
vn 0.9794 0.0522 -0.1948
vn 0.9569 0.0059 -0.2903
vn 0.8915 0.3634 -0.2704
vn 0.6960 0.7045 -0.1384
vn 0.3682 0.9230 -0.1117
vn 0.0679 0.9976 -0.0135
vn 0.0041 1.0000 -0.0012
vn 0.9986 0.0522 -0.0000
vn 0.9952 0.0059 -0.0980
vn 0.9271 0.3634 -0.0913
vn 0.7097 0.7045 -0.0000
vn 0.3829 0.9230 -0.0377
vn 0.0693 0.9976 -0.0000
vn 0.0042 1.0000 -0.0004
vn 0.9794 0.0522 0.1948
vn 0.9952 0.0059 0.0980
vn 0.9271 0.3634 0.0913
vn 0.6960 0.7045 0.1384
vn 0.3829 0.9230 0.0377
vn 0.0679 0.9976 0.0135
vn 0.0042 1.0000 0.0004
vn 0.9226 0.0522 0.3822
vn 0.9569 0.0059 0.2903
vn 0.8915 0.3634 0.2704
vn 0.6556 0.7045 0.2716
vn 0.3682 0.9230 0.1117
vn 0.0640 0.9976 0.0265
vn 0.0041 1.0000 0.0012
vn 0.8303 0.0522 0.5548
vn 0.8819 0.0059 0.4714
vn 0.8216 0.3634 0.4392
vn 0.5901 0.7045 0.3943
vn 0.3393 0.9230 0.1814
vn 0.0576 0.9976 0.0385
vn 0.0038 1.0000 0.0020
vn 0.7061 0.0522 0.7061
vn 0.7730 0.0059 0.6344
vn 0.7202 0.3634 0.5910
vn 0.5018 0.7045 0.5018
vn 0.2974 0.9230 0.2441
vn 0.0490 0.9976 0.0490
vn 0.0033 1.0000 0.0027
vn 0.5548 0.0522 0.8303
vn 0.6344 0.0059 0.7730
vn 0.5910 0.3634 0.7202
vn 0.3943 0.7045 0.5901
vn 0.2441 0.9230 0.2974
vn 0.0385 0.9976 0.0576
vn 0.0027 1.0000 0.0033
vn 0.3822 0.0522 0.9226
vn 0.4714 0.0059 0.8819
vn 0.4392 0.3634 0.8216
vn 0.2716 0.7045 0.6556
vn 0.1814 0.9230 0.3393
vn 0.0265 0.9976 0.0640
vn 0.0020 1.0000 0.0038
vn 0.1948 0.0522 0.9794
vn 0.2903 0.0059 0.9569
vn 0.2704 0.3634 0.8915
vn 0.1384 0.7045 0.6960
vn 0.1117 0.9230 0.3682
vn 0.0135 0.9976 0.0679
vn 0.0012 1.0000 0.0041
vn 0.0980 0.0059 0.9952
vn 0.0913 0.3634 0.9271
vn 0.0377 0.9230 0.3829
vn 0.0004 1.0000 0.0042
vn -0.0001 1.0000 -0.0012
vn 0.0004 1.0000 -0.0012
vn 0.0006 1.0000 -0.0011
vn 0.0036 -1.0000 -0.0011
vn 0.0008 1.0000 -0.0010
vn 0.0011 1.0000 -0.0006
vn 0.0012 1.0000 -0.0001
vn 0.0011 1.0000 0.0006
vn 0.0012 1.0000 0.0001
vn 0.0012 1.0000 0.0004
vn 0.0006 1.0000 0.0011
vn 0.0010 1.0000 0.0008
vn 0.0008 1.0000 0.0010
vn -0.0011 1.0000 0.0006
vn -0.0004 -1.0000 0.0037
vn 0.0004 1.0000 0.0012
vn -0.0001 1.0000 0.0012
vn -0.0004 1.0000 0.0012
vn -0.0033 -1.0000 0.0018
vn -0.0006 1.0000 0.0011
vn -0.0009 1.0000 0.0008
vn -0.0009 1.0000 -0.0008
vn -0.0012 1.0000 0.0004
vn -0.0012 1.0000 0.0001
vn -0.0012 1.0000 -0.0001
vn -0.0011 1.0000 -0.0006
vn -0.0979 0.0436 0.9942
vn -0.0008 1.0000 -0.0010
vn -0.0004 1.0000 -0.0012
vn 0.0012 1.0000 -0.0004
vn -0.0033 -1.0000 -0.0018
vn -0.0037 -1.0000 0.0004
vn 0.0029 -1.0000 0.0024
vn -0.0012 1.0000 -0.0004
vn -0.0011 -1.0000 0.0036
vn -0.0036 -1.0000 -0.0011
vn -0.0018 -1.0000 -0.0033
vn -0.0024 -1.0000 -0.0029
vn -0.0004 -1.0000 -0.0037
vn -0.0029 -1.0000 -0.0024
vn 0.0001 1.0000 0.0012
vn 0.0033 -1.0000 -0.0018
vn -0.0006 1.0000 -0.0011
vn 0.0004 -1.0000 0.0037
vn 0.0018 -1.0000 -0.0033
vn 0.0010 1.0000 -0.0008
vn 0.0001 1.0000 -0.0012
vn -0.0029 -1.0000 0.0024
vn 0.0024 -1.0000 -0.0029
vn -0.0008 1.0000 0.0010
vn 0.0036 -1.0000 0.0011
vn -0.0024 -1.0000 0.0029
vn 0.0024 -1.0000 0.0029
vn -0.0037 -1.0000 -0.0004
vn 0.0037 -1.0000 -0.0004
vn -0.0036 -1.0000 0.0011
vn 0.0018 -1.0000 0.0033
vn -0.0000 1.0000 -0.0000
vn 0.0979 0.0436 -0.9942
vn -0.6338 0.0436 0.7723
vn 0.9942 0.0436 -0.0979
vn 0.9942 0.0436 0.0979
vn 0.2900 0.0436 0.9560
vn -0.7723 0.0436 0.6338
vn 0.4709 0.0436 -0.8811
vn -0.2900 0.0436 0.9560
vn -0.4709 0.0436 0.8811
vn -0.0979 0.0436 -0.9942
vn 0.6338 0.0436 0.7723
vn 0.0979 0.0436 0.9942
vn 0.2900 0.0436 -0.9560
vn 0.7723 0.0436 0.6338
vn -0.4709 0.0436 -0.8811
vn 0.8811 0.0436 0.4709
vn -0.2900 0.0436 -0.9560
vn 0.4709 0.0436 0.8811
vn -0.7723 0.0436 -0.6338
vn -0.8811 0.0436 -0.4709
vn 0.9560 0.0436 0.2900
vn -0.9560 0.0436 -0.2900
vn 0.7723 0.0436 -0.6338
vn -0.9560 0.0436 0.2900
vn 0.9560 0.0436 -0.2900
vn -0.9942 0.0436 -0.0979
vn 0.8811 0.0436 -0.4709
vn -0.6338 0.0436 -0.7723
vn 0.6338 0.0436 -0.7723
vn -0.9942 0.0436 0.0979
vn -0.8811 0.0436 0.4709
vn 0.7614 0.1730 -0.6248
vn 0.7146 0.3815 -0.5864
vn 0.6142 0.6072 -0.5041
vn 0.4720 0.7919 -0.3874
vn 0.2976 0.9229 -0.2442
vn 0.1215 0.9876 -0.0997
vn 0.0965 0.1730 0.9802
vn 0.0906 0.3814 0.9199
vn 0.0779 0.6072 0.7907
vn 0.0599 0.7919 0.6077
vn 0.0377 0.9229 0.3831
vn 0.0154 0.9876 0.1564
vn -0.0965 0.1730 0.9802
vn -0.0906 0.3814 0.9199
vn -0.0779 0.6072 0.7907
vn -0.0599 0.7919 0.6077
vn -0.0377 0.9229 0.3831
vn -0.0154 0.9876 0.1564
vn -0.6248 0.1730 0.7613
vn -0.5864 0.3814 0.7146
vn -0.5041 0.6072 0.6142
vn -0.3874 0.7919 0.4720
vn -0.2442 0.9229 0.2976
vn -0.0997 0.9876 0.1215
vn -0.9425 0.1730 -0.2859
vn -0.8846 0.3814 -0.2683
vn -0.7604 0.6072 -0.2307
vn -0.5843 0.7919 -0.1773
vn -0.3684 0.9229 -0.1117
vn -0.1504 0.9876 -0.0456
vn -0.4643 0.1730 -0.8686
vn -0.4358 0.3814 -0.8152
vn -0.3746 0.6072 -0.7007
vn -0.2879 0.7919 -0.5385
vn -0.1815 0.9229 -0.3395
vn -0.0741 0.9876 -0.1386
vn 0.0965 0.1730 -0.9802
vn 0.0906 0.3814 -0.9199
vn 0.0779 0.6072 -0.7907
vn 0.0599 0.7919 -0.6077
vn 0.0377 0.9229 -0.3831
vn 0.0154 0.9876 -0.1564
vn 0.9425 0.1730 -0.2859
vn 0.8846 0.3814 -0.2683
vn 0.7604 0.6072 -0.2307
vn 0.5844 0.7919 -0.1773
vn 0.3684 0.9229 -0.1117
vn 0.1504 0.9876 -0.0456
vn 0.9802 0.1730 -0.0965
vn 0.9199 0.3814 -0.0906
vn 0.7907 0.6072 -0.0779
vn 0.6077 0.7919 -0.0599
vn 0.3831 0.9229 -0.0377
vn 0.1564 0.9876 -0.0154
vn 0.8686 0.1730 0.4643
vn 0.8152 0.3814 0.4358
vn 0.7007 0.6072 0.3746
vn 0.5385 0.7919 0.2879
vn 0.3395 0.9229 0.1815
vn 0.1386 0.9876 0.0741
vn 0.4643 0.1730 0.8686
vn 0.4358 0.3814 0.8152
vn 0.3746 0.6072 0.7007
vn 0.2878 0.7919 0.5385
vn 0.1815 0.9229 0.3395
vn 0.0741 0.9876 0.1386
vn -0.8686 0.1730 0.4643
vn -0.8152 0.3815 0.4358
vn -0.7008 0.6072 0.3746
vn -0.5385 0.7919 0.2879
vn -0.3395 0.9229 0.1815
vn -0.1386 0.9876 0.0741
vn -0.7614 0.1730 -0.6248
vn -0.7146 0.3815 -0.5864
vn -0.6142 0.6072 -0.5041
vn -0.4720 0.7919 -0.3874
vn -0.2976 0.9229 -0.2442
vn -0.1215 0.9876 -0.0997
vn -0.0965 0.1730 -0.9802
vn -0.0906 0.3815 -0.9199
vn -0.0779 0.6072 -0.7908
vn -0.0599 0.7919 -0.6077
vn -0.0377 0.9229 -0.3831
vn -0.0154 0.9876 -0.1564
vn -0.1515 0.9883 0.0149
vn -0.3699 0.9284 0.0364
vn -0.5850 0.8090 0.0576
vn -0.7630 0.6420 0.0752
vn -0.8962 0.4348 0.0883
vn -0.9903 0.0991 0.0975
vn -0.1515 0.9883 -0.0149
vn -0.3699 0.9284 -0.0364
vn -0.5850 0.8090 -0.0576
vn -0.7630 0.6420 -0.0752
vn -0.8962 0.4348 -0.0883
vn -0.9903 0.0991 -0.0975
vn -0.1457 0.9883 -0.0442
vn -0.3557 0.9284 -0.1079
vn -0.5625 0.8090 -0.1706
vn -0.7337 0.6420 -0.2226
vn -0.8618 0.4348 -0.2614
vn -0.9522 0.0991 -0.2889
vn -0.1343 0.9883 -0.0718
vn -0.3278 0.9284 -0.1752
vn -0.5184 0.8090 -0.2771
vn -0.6762 0.6420 -0.3614
vn -0.7942 0.4348 -0.4245
vn -0.8776 0.0991 -0.4691
vn 0.1343 0.9883 -0.0718
vn 0.3278 0.9284 -0.1752
vn 0.5184 0.8090 -0.2771
vn 0.6762 0.6420 -0.3614
vn 0.7942 0.4348 -0.4245
vn 0.8776 0.0991 -0.4691
vn -0.0442 0.9883 0.1457
vn -0.1079 0.9284 0.3557
vn -0.1706 0.8090 0.5625
vn -0.2226 0.6420 0.7337
vn -0.2614 0.4348 0.8618
vn -0.2889 0.0991 0.9522
vn -0.0966 0.9883 -0.1177
vn -0.2358 0.9284 -0.2873
vn -0.3729 0.8090 -0.4544
vn -0.4864 0.6420 -0.5927
vn -0.5713 0.4348 -0.6961
vn -0.6313 0.0991 -0.7692
vn -0.0718 0.9883 -0.1343
vn -0.1752 0.9284 -0.3278
vn -0.2771 0.8090 -0.5184
vn -0.3614 0.6420 -0.6762
vn -0.4245 0.4348 -0.7942
vn -0.4691 0.0991 -0.8776
vn 0.0442 0.9883 -0.1457
vn 0.1079 0.9284 -0.3557
vn 0.1706 0.8090 -0.5625
vn 0.2226 0.6420 -0.7337
vn 0.2614 0.4348 -0.8618
vn 0.2889 0.0991 -0.9522
vn -0.0966 0.9883 0.1177
vn -0.2358 0.9284 0.2873
vn -0.3729 0.8090 0.4544
vn -0.4864 0.6420 0.5927
vn -0.5713 0.4348 0.6961
vn -0.6313 0.0991 0.7692
vn 0.1515 0.9883 -0.0149
vn 0.3699 0.9284 -0.0364
vn 0.5850 0.8090 -0.0576
vn 0.7630 0.6420 -0.0752
vn 0.8962 0.4348 -0.0883
vn 0.9903 0.0991 -0.0975
vn 0.2859 0.1730 -0.9425
vn 0.2683 0.3814 -0.8846
vn 0.2307 0.6072 -0.7604
vn 0.1773 0.7919 -0.5843
vn 0.1117 0.9229 -0.3684
vn 0.0456 0.9876 -0.1504
vn 0.4643 0.1730 -0.8686
vn 0.4358 0.3814 -0.8152
vn 0.3746 0.6072 -0.7007
vn 0.2879 0.7919 -0.5385
vn 0.1815 0.9229 -0.3395
vn 0.0741 0.9876 -0.1386
vn 0.6248 0.1730 -0.7613
vn 0.5864 0.3814 -0.7146
vn 0.5041 0.6072 -0.6142
vn 0.3874 0.7919 -0.4720
vn 0.2442 0.9229 -0.2976
vn 0.0997 0.9876 -0.1215
vn 0.8686 0.1730 -0.4643
vn 0.8152 0.3815 -0.4358
vn 0.7008 0.6072 -0.3746
vn 0.5385 0.7919 -0.2879
vn 0.3395 0.9229 -0.1815
vn 0.1386 0.9876 -0.0741
vn 0.9802 0.1730 0.0965
vn 0.9199 0.3814 0.0906
vn 0.7907 0.6072 0.0779
vn 0.6077 0.7919 0.0599
vn 0.3831 0.9229 0.0377
vn 0.1564 0.9876 0.0154
vn 0.9425 0.1730 0.2859
vn 0.8846 0.3814 0.2683
vn 0.7604 0.6072 0.2307
vn 0.5843 0.7919 0.1773
vn 0.3684 0.9229 0.1117
vn 0.1504 0.9876 0.0456
vn 0.7614 0.1730 0.6248
vn 0.7146 0.3814 0.5864
vn 0.6142 0.6072 0.5041
vn 0.4720 0.7919 0.3874
vn 0.2976 0.9229 0.2442
vn 0.1215 0.9876 0.0997
vn 0.6248 0.1730 0.7613
vn 0.5864 0.3815 0.7146
vn 0.5041 0.6072 0.6142
vn 0.3874 0.7919 0.4720
vn 0.2442 0.9229 0.2976
vn 0.0997 0.9876 0.1215
vn 0.2859 0.1730 0.9425
vn 0.2683 0.3815 0.8846
vn 0.2307 0.6072 0.7604
vn 0.1773 0.7919 0.5843
vn 0.1118 0.9229 0.3684
vn 0.0456 0.9876 0.1504
vn -0.2859 0.1730 0.9425
vn -0.2683 0.3814 0.8846
vn -0.2307 0.6072 0.7604
vn -0.1773 0.7919 0.5844
vn -0.1117 0.9229 0.3684
vn -0.0456 0.9876 0.1504
vn -0.4643 0.1730 0.8686
vn -0.4358 0.3814 0.8152
vn -0.3746 0.6072 0.7007
vn -0.2879 0.7919 0.5385
vn -0.1815 0.9229 0.3395
vn -0.0741 0.9876 0.1386
vn -0.7614 0.1730 0.6248
vn -0.7146 0.3814 0.5864
vn -0.6142 0.6072 0.5041
vn -0.4720 0.7919 0.3874
vn -0.2976 0.9229 0.2442
vn -0.1215 0.9876 0.0997
vn -0.9425 0.1730 0.2859
vn -0.8846 0.3814 0.2683
vn -0.7604 0.6072 0.2307
vn -0.5843 0.7919 0.1773
vn -0.3684 0.9229 0.1117
vn -0.1504 0.9876 0.0456
vn -0.9802 0.1730 0.0965
vn -0.9199 0.3814 0.0906
vn -0.7907 0.6072 0.0779
vn -0.6077 0.7919 0.0599
vn -0.3831 0.9229 0.0377
vn -0.1564 0.9876 0.0154
vn -0.9802 0.1730 -0.0965
vn -0.9199 0.3814 -0.0906
vn -0.7907 0.6072 -0.0779
vn -0.6077 0.7919 -0.0599
vn -0.3831 0.9229 -0.0377
vn -0.1564 0.9876 -0.0154
vn -0.8686 0.1730 -0.4643
vn -0.8152 0.3814 -0.4358
vn -0.7008 0.6072 -0.3746
vn -0.5385 0.7919 -0.2879
vn -0.3395 0.9229 -0.1815
vn -0.1386 0.9876 -0.0741
vn -0.6248 0.1730 -0.7614
vn -0.5864 0.3815 -0.7146
vn -0.5041 0.6072 -0.6142
vn -0.3874 0.7919 -0.4720
vn -0.2442 0.9229 -0.2976
vn -0.0997 0.9876 -0.1215
vn -0.2859 0.1730 -0.9425
vn -0.2683 0.3815 -0.8846
vn -0.2307 0.6072 -0.7604
vn -0.1773 0.7919 -0.5844
vn -0.1117 0.9229 -0.3684
vn -0.0456 0.9876 -0.1504
vn -0.0149 0.9883 0.1515
vn -0.0364 0.9284 0.3699
vn -0.0576 0.8090 0.5850
vn -0.0752 0.6420 0.7630
vn -0.0883 0.4348 0.8962
vn -0.0975 0.0991 0.9903
vn -0.0718 0.9883 0.1343
vn -0.1752 0.9284 0.3278
vn -0.2771 0.8090 0.5184
vn -0.3614 0.6420 0.6762
vn -0.4245 0.4348 0.7942
vn -0.4691 0.0991 0.8776
vn -0.1177 0.9883 0.0966
vn -0.2873 0.9284 0.2358
vn -0.4544 0.8090 0.3729
vn -0.5927 0.6420 0.4864
vn -0.6961 0.4348 0.5713
vn -0.7692 0.0991 0.6313
vn -0.1343 0.9883 0.0718
vn -0.3278 0.9284 0.1752
vn -0.5184 0.8090 0.2771
vn -0.6762 0.6420 0.3614
vn -0.7942 0.4348 0.4245
vn -0.8776 0.0991 0.4691
vn -0.1457 0.9883 0.0442
vn -0.3557 0.9284 0.1079
vn -0.5625 0.8090 0.1706
vn -0.7337 0.6420 0.2226
vn -0.8618 0.4348 0.2614
vn -0.9522 0.0991 0.2889
vn -0.1177 0.9883 -0.0966
vn -0.2873 0.9284 -0.2358
vn -0.4544 0.8090 -0.3729
vn -0.5927 0.6420 -0.4864
vn -0.6961 0.4348 -0.5713
vn -0.7692 0.0991 -0.6313
vn -0.0442 0.9883 -0.1457
vn -0.1079 0.9284 -0.3557
vn -0.1706 0.8090 -0.5625
vn -0.2226 0.6420 -0.7337
vn -0.2614 0.4348 -0.8618
vn -0.2889 0.0991 -0.9522
vn -0.0149 0.9883 -0.1515
vn -0.0364 0.9284 -0.3699
vn -0.0576 0.8090 -0.5850
vn -0.0752 0.6420 -0.7630
vn -0.0883 0.4348 -0.8962
vn -0.0975 0.0991 -0.9903
vn 0.0149 0.9883 -0.1515
vn 0.0364 0.9284 -0.3699
vn 0.0576 0.8090 -0.5850
vn 0.0752 0.6420 -0.7630
vn 0.0883 0.4348 -0.8962
vn 0.0975 0.0991 -0.9903
vn 0.0718 0.9883 -0.1343
vn 0.1752 0.9284 -0.3278
vn 0.2771 0.8090 -0.5184
vn 0.3614 0.6420 -0.6762
vn 0.4245 0.4348 -0.7942
vn 0.4691 0.0991 -0.8776
vn 0.0966 0.9883 -0.1177
vn 0.2358 0.9284 -0.2873
vn 0.3729 0.8090 -0.4544
vn 0.4864 0.6420 -0.5927
vn 0.5713 0.4348 -0.6961
vn 0.6313 0.0991 -0.7692
vn 0.1177 0.9883 -0.0966
vn 0.2873 0.9284 -0.2358
vn 0.4544 0.8090 -0.3729
vn 0.5927 0.6420 -0.4864
vn 0.6961 0.4348 -0.5713
vn 0.7692 0.0991 -0.6313
vn 0.1457 0.9883 -0.0442
vn 0.3557 0.9284 -0.1079
vn 0.5625 0.8090 -0.1706
vn 0.7337 0.6420 -0.2226
vn 0.8618 0.4348 -0.2614
vn 0.9522 0.0991 -0.2889
vn 0.1515 0.9883 0.0149
vn 0.3699 0.9284 0.0364
vn 0.5850 0.8090 0.0576
vn 0.7630 0.6420 0.0752
vn 0.8962 0.4348 0.0883
vn 0.9903 0.0991 0.0975
vn 0.1457 0.9883 0.0442
vn 0.3557 0.9284 0.1079
vn 0.5625 0.8090 0.1706
vn 0.7337 0.6420 0.2226
vn 0.8618 0.4348 0.2614
vn 0.9522 0.0991 0.2889
vn 0.1343 0.9883 0.0718
vn 0.3278 0.9284 0.1752
vn 0.5184 0.8090 0.2771
vn 0.6762 0.6420 0.3614
vn 0.7942 0.4348 0.4245
vn 0.8776 0.0991 0.4691
vn 0.1177 0.9883 0.0966
vn 0.2873 0.9284 0.2358
vn 0.4544 0.8090 0.3729
vn 0.5927 0.6420 0.4864
vn 0.6961 0.4348 0.5713
vn 0.7692 0.0991 0.6313
vn 0.0966 0.9883 0.1177
vn 0.2358 0.9284 0.2873
vn 0.3729 0.8090 0.4544
vn 0.4864 0.6420 0.5927
vn 0.5713 0.4348 0.6961
vn 0.6313 0.0991 0.7692
vn 0.0718 0.9883 0.1343
vn 0.1752 0.9284 0.3278
vn 0.2771 0.8090 0.5184
vn 0.3614 0.6420 0.6762
vn 0.4245 0.4348 0.7942
vn 0.4691 0.0991 0.8776
vn 0.0442 0.9883 0.1457
vn 0.1079 0.9284 0.3557
vn 0.1706 0.8090 0.5625
vn 0.2226 0.6420 0.7337
vn 0.2614 0.4348 0.8618
vn 0.2889 0.0991 0.9522
vn 0.0149 0.9883 0.1515
vn 0.0364 0.9284 0.3699
vn 0.0576 0.8090 0.5850
vn 0.0752 0.6420 0.7630
vn 0.0883 0.4348 0.8962
vn 0.0975 0.0991 0.9903
vn -0.3864 -0.8989 -0.2065
vn -0.2065 -0.8989 -0.3864
vn 0.4360 -0.8989 0.0429
vn -0.3387 -0.8989 -0.2779
vn 0.4192 -0.8989 0.1272
vn 0.0033 -1.0000 0.0018
vn 0.3864 -0.8989 0.2065
vn -0.2779 -0.8989 -0.3387
vn 0.3387 -0.8989 0.2779
vn -0.1272 -0.8989 -0.4192
vn 0.2779 -0.8989 0.3387
vn -0.0429 -0.8989 -0.4360
vn -0.1272 -0.8989 0.4192
vn 0.2065 -0.8989 0.3864
vn 0.0429 -0.8989 -0.4360
vn -0.2779 -0.8989 0.3387
vn 0.1272 -0.8989 0.4192
vn 0.1272 -0.8989 -0.4192
vn -0.3387 -0.8989 0.2779
vn 0.2065 -0.8989 -0.3864
vn -0.3864 -0.8989 0.2065
vn 0.2779 -0.8989 -0.3387
vn -0.4192 -0.8989 0.1272
vn 0.3387 -0.8989 -0.2779
vn -0.4360 -0.8989 0.0429
vn 0.3864 -0.8989 -0.2065
vn -0.4360 -0.8989 -0.0429
vn 0.4192 -0.8989 -0.1272
vn -0.4192 -0.8989 -0.1272
vn 0.4360 -0.8989 -0.0429
vn 0.0429 -0.8989 0.4360
vn 0.0011 -1.0000 -0.0036
vn -0.0011 -1.0000 -0.0036
vn 0.0011 -1.0000 0.0036
vn 0.0029 -1.0000 -0.0024
vn -0.0018 -1.0000 0.0033
vn 0.0037 -1.0000 0.0004
vn -0.2065 -0.8989 0.3864
vn -0.0085 -0.9962 0.0866
vn -0.0228 -0.9726 0.2314
vn -0.0363 -0.9290 0.3682
vn -0.0253 -0.9962 0.0833
vn -0.0675 -0.9726 0.2225
vn -0.1074 -0.9290 0.3541
vn -0.0410 -0.9962 0.0768
vn -0.1096 -0.9726 0.2051
vn -0.1744 -0.9290 0.3263
vn -0.0552 -0.9962 0.0673
vn -0.1475 -0.9726 0.1798
vn -0.2347 -0.9290 0.2860
vn -0.0673 -0.9962 0.0552
vn -0.1798 -0.9726 0.1475
vn -0.2860 -0.9290 0.2347
vn -0.0768 -0.9962 0.0410
vn -0.2051 -0.9726 0.1096
vn -0.3263 -0.9290 0.1744
vn -0.0833 -0.9962 0.0253
vn -0.2225 -0.9726 0.0675
vn -0.3541 -0.9290 0.1074
vn -0.0866 -0.9962 0.0085
vn -0.2314 -0.9726 0.0228
vn -0.3682 -0.9290 0.0363
vn -0.0866 -0.9962 -0.0085
vn -0.2314 -0.9726 -0.0228
vn -0.3682 -0.9290 -0.0363
vn -0.0833 -0.9962 -0.0253
vn -0.2225 -0.9726 -0.0675
vn -0.3541 -0.9290 -0.1074
vn -0.0768 -0.9962 -0.0410
vn -0.2051 -0.9726 -0.1096
vn -0.3263 -0.9290 -0.1744
vn -0.0673 -0.9962 -0.0552
vn -0.1798 -0.9726 -0.1475
vn -0.2860 -0.9290 -0.2347
vn -0.0552 -0.9962 -0.0673
vn -0.1475 -0.9726 -0.1798
vn -0.2347 -0.9290 -0.2860
vn -0.0410 -0.9962 -0.0768
vn -0.1096 -0.9726 -0.2051
vn -0.1744 -0.9290 -0.3263
vn -0.0253 -0.9962 -0.0833
vn -0.0675 -0.9726 -0.2225
vn -0.1074 -0.9290 -0.3541
vn -0.0085 -0.9962 -0.0866
vn -0.0228 -0.9726 -0.2314
vn -0.0363 -0.9290 -0.3682
vn 0.0085 -0.9962 -0.0866
vn 0.0228 -0.9726 -0.2314
vn 0.0363 -0.9290 -0.3682
vn 0.0253 -0.9962 -0.0833
vn 0.0675 -0.9726 -0.2225
vn 0.1074 -0.9290 -0.3541
vn 0.0410 -0.9962 -0.0768
vn 0.1096 -0.9726 -0.2051
vn 0.1744 -0.9290 -0.3263
vn 0.0552 -0.9962 -0.0673
vn 0.1475 -0.9726 -0.1798
vn 0.2347 -0.9290 -0.2860
vn 0.0673 -0.9962 -0.0552
vn 0.1798 -0.9726 -0.1475
vn 0.2860 -0.9290 -0.2347
vn 0.0768 -0.9962 -0.0410
vn 0.2051 -0.9726 -0.1096
vn 0.3263 -0.9290 -0.1744
vn 0.0833 -0.9962 -0.0253
vn 0.2225 -0.9726 -0.0675
vn 0.3541 -0.9290 -0.1074
vn 0.0866 -0.9962 -0.0085
vn 0.2314 -0.9726 -0.0228
vn 0.3682 -0.9290 -0.0363
vn 0.0866 -0.9962 0.0085
vn 0.2314 -0.9726 0.0228
vn 0.3682 -0.9290 0.0363
vn 0.0833 -0.9962 0.0253
vn 0.2225 -0.9726 0.0675
vn 0.3541 -0.9290 0.1074
vn 0.0768 -0.9962 0.0410
vn 0.2051 -0.9726 0.1096
vn 0.3263 -0.9290 0.1744
vn 0.0673 -0.9962 0.0552
vn 0.1798 -0.9726 0.1475
vn 0.2860 -0.9290 0.2347
vn 0.0552 -0.9962 0.0673
vn 0.1475 -0.9726 0.1798
vn 0.2347 -0.9290 0.2860
vn 0.0410 -0.9962 0.0768
vn 0.1096 -0.9726 0.2051
vn 0.1744 -0.9290 0.3263
vn 0.0253 -0.9962 0.0833
vn 0.0675 -0.9726 0.2225
vn 0.1074 -0.9290 0.3541
vn 0.0085 -0.9962 0.0866
vn 0.0228 -0.9726 0.2314
vn 0.0363 -0.9290 0.3682
vn -0.0000 -1.0000 -0.0000
vn -0.0360 -0.9300 0.3659
vn -0.0230 -0.9721 0.2333
vn -0.0017 -0.9998 0.0177
vn -0.1067 -0.9300 0.3518
vn -0.0680 -0.9721 0.2243
vn -0.0052 -0.9998 0.0171
vn -0.1733 -0.9300 0.3242
vn -0.1105 -0.9721 0.2067
vn -0.0084 -0.9998 0.0157
vn -0.2332 -0.9300 0.2842
vn -0.1487 -0.9721 0.1812
vn -0.0113 -0.9998 0.0138
vn -0.2842 -0.9300 0.2332
vn -0.1812 -0.9721 0.1487
vn -0.0138 -0.9998 0.0113
vn -0.3242 -0.9300 0.1733
vn -0.2067 -0.9721 0.1105
vn -0.0157 -0.9998 0.0084
vn -0.3518 -0.9300 0.1067
vn -0.2243 -0.9721 0.0680
vn -0.0171 -0.9998 0.0052
vn -0.3659 -0.9300 0.0360
vn -0.2333 -0.9721 0.0230
vn -0.0178 -0.9998 0.0017
vn -0.3659 -0.9300 -0.0360
vn -0.2333 -0.9721 -0.0230
vn -0.0177 -0.9998 -0.0017
vn -0.3518 -0.9300 -0.1067
vn -0.2243 -0.9721 -0.0680
vn -0.0171 -0.9998 -0.0052
vn -0.3242 -0.9300 -0.1733
vn -0.2067 -0.9721 -0.1105
vn -0.0157 -0.9998 -0.0084
vn -0.2842 -0.9300 -0.2332
vn -0.1812 -0.9721 -0.1487
vn -0.0138 -0.9998 -0.0113
vn -0.2332 -0.9300 -0.2842
vn -0.1487 -0.9721 -0.1812
vn -0.0113 -0.9998 -0.0138
vn -0.1733 -0.9300 -0.3242
vn -0.1105 -0.9721 -0.2067
vn -0.0084 -0.9998 -0.0157
vn -0.1067 -0.9300 -0.3518
vn -0.0680 -0.9721 -0.2243
vn -0.0052 -0.9998 -0.0171
vn -0.0360 -0.9300 -0.3659
vn -0.0230 -0.9721 -0.2333
vn -0.0017 -0.9998 -0.0178
vn 0.0360 -0.9300 -0.3659
vn 0.0230 -0.9721 -0.2333
vn 0.0017 -0.9998 -0.0178
vn 0.1067 -0.9300 -0.3518
vn 0.0680 -0.9721 -0.2243
vn 0.0052 -0.9998 -0.0171
vn 0.1733 -0.9300 -0.3242
vn 0.1105 -0.9721 -0.2067
vn 0.0084 -0.9998 -0.0157
vn 0.2332 -0.9300 -0.2842
vn 0.1487 -0.9721 -0.1812
vn 0.0113 -0.9998 -0.0138
vn 0.2842 -0.9300 -0.2332
vn 0.1812 -0.9721 -0.1487
vn 0.0138 -0.9998 -0.0113
vn 0.3242 -0.9300 -0.1733
vn 0.2067 -0.9721 -0.1105
vn 0.0157 -0.9998 -0.0084
vn 0.3518 -0.9300 -0.1067
vn 0.2243 -0.9721 -0.0680
vn 0.0171 -0.9998 -0.0052
vn 0.3659 -0.9300 -0.0360
vn 0.2333 -0.9721 -0.0230
vn 0.0177 -0.9998 -0.0017
vn 0.3659 -0.9300 0.0360
vn 0.2333 -0.9721 0.0230
vn 0.0177 -0.9998 0.0017
vn 0.3518 -0.9300 0.1067
vn 0.2243 -0.9721 0.0680
vn 0.0171 -0.9998 0.0052
vn 0.3242 -0.9300 0.1733
vn 0.2067 -0.9721 0.1105
vn 0.0157 -0.9998 0.0084
vn 0.2842 -0.9300 0.2332
vn 0.1812 -0.9721 0.1487
vn 0.0138 -0.9998 0.0113
vn 0.2332 -0.9300 0.2842
vn 0.1487 -0.9721 0.1812
vn 0.0113 -0.9998 0.0138
vn 0.1733 -0.9300 0.3242
vn 0.1105 -0.9721 0.2067
vn 0.0084 -0.9998 0.0157
vn 0.1067 -0.9300 0.3518
vn 0.0680 -0.9721 0.2243
vn 0.0052 -0.9998 0.0171
vn 0.0360 -0.9300 0.3659
vn 0.0230 -0.9721 0.2333
vn 0.0017 -0.9998 0.0178
vn -0.0429 -0.8989 0.4360
vn 0.0921 -0.3420 -0.9352
vn 0.0696 -0.7046 -0.7062
vn 0.0211 -0.9766 -0.2139
vn 0.2728 -0.3420 -0.8992
vn 0.2060 -0.7046 -0.6790
vn 0.0624 -0.9766 -0.2057
vn 0.4430 -0.3420 -0.8287
vn 0.3345 -0.7046 -0.6258
vn 0.1013 -0.9766 -0.1895
vn 0.9352 -0.3420 0.0921
vn 0.7062 -0.7046 0.0696
vn 0.2139 -0.9766 0.0211
vn -0.2728 -0.3420 0.8992
vn -0.2060 -0.7046 0.6791
vn -0.0624 -0.9766 0.2057
vn -0.4430 -0.3420 0.8287
vn -0.3345 -0.7046 0.6258
vn -0.1013 -0.9766 0.1895
vn -0.5961 -0.3420 0.7264
vn -0.4502 -0.7046 0.5485
vn -0.1363 -0.9766 0.1661
vn -0.7264 -0.3421 0.5961
vn -0.5485 -0.7046 0.4502
vn -0.1661 -0.9766 0.1363
vn -0.8287 -0.3420 0.4430
vn -0.6258 -0.7046 0.3345
vn -0.1895 -0.9766 0.1013
vn -0.8992 -0.3420 0.2728
vn -0.6790 -0.7046 0.2060
vn -0.2057 -0.9766 0.0624
vn -0.9352 -0.3420 0.0921
vn -0.7062 -0.7046 0.0696
vn -0.2139 -0.9766 0.0211
vn -0.9352 -0.3420 -0.0921
vn -0.7062 -0.7046 -0.0696
vn -0.2139 -0.9766 -0.0211
vn -0.8992 -0.3420 -0.2728
vn -0.6791 -0.7046 -0.2060
vn -0.2057 -0.9766 -0.0624
vn -0.8287 -0.3421 -0.4430
vn -0.6258 -0.7046 -0.3345
vn -0.1895 -0.9766 -0.1013
vn -0.2728 -0.3421 -0.8992
vn -0.2060 -0.7046 -0.6790
vn -0.0624 -0.9766 -0.2057
vn -0.0921 -0.3420 -0.9352
vn -0.0696 -0.7046 -0.7062
vn -0.0211 -0.9766 -0.2139
vn 0.7264 -0.3421 -0.5961
vn 0.5485 -0.7046 -0.4502
vn 0.1661 -0.9766 -0.1363
vn 0.8287 -0.3420 -0.4430
vn 0.6258 -0.7046 -0.3345
vn 0.1895 -0.9766 -0.1013
vn 0.8992 -0.3420 -0.2728
vn 0.6790 -0.7046 -0.2060
vn 0.2057 -0.9766 -0.0624
vn 0.5961 -0.3421 0.7264
vn 0.4502 -0.7046 0.5485
vn 0.1363 -0.9766 0.1661
vn 0.4430 -0.3420 0.8287
vn 0.3345 -0.7046 0.6258
vn 0.1013 -0.9766 0.1895
vn -0.5961 -0.3421 -0.7264
vn -0.4502 -0.7046 -0.5485
vn -0.1363 -0.9766 -0.1661
vn 0.5961 -0.3420 -0.7264
vn 0.4502 -0.7046 -0.5485
vn 0.1363 -0.9766 -0.1661
vn 0.9352 -0.3420 -0.0921
vn 0.7062 -0.7046 -0.0696
vn 0.2139 -0.9766 -0.0211
vn 0.8992 -0.3420 0.2728
vn 0.6790 -0.7046 0.2060
vn 0.2057 -0.9766 0.0624
vn 0.8287 -0.3421 0.4430
vn 0.6258 -0.7046 0.3345
vn 0.1895 -0.9766 0.1013
vn 0.7264 -0.3421 0.5961
vn 0.5485 -0.7046 0.4502
vn 0.1661 -0.9766 0.1363
vn 0.2728 -0.3420 0.8992
vn 0.2060 -0.7046 0.6791
vn 0.0624 -0.9766 0.2057
vn 0.0921 -0.3421 0.9352
vn 0.0696 -0.7046 0.7062
vn 0.0211 -0.9766 0.2139
vn -0.0921 -0.3421 0.9352
vn -0.0696 -0.7046 0.7062
vn -0.0211 -0.9766 0.2139
vn -0.7264 -0.3421 -0.5961
vn -0.5485 -0.7046 -0.4502
vn -0.1661 -0.9766 -0.1363
vn -0.4430 -0.3421 -0.8287
vn -0.3345 -0.7046 -0.6258
vn -0.1013 -0.9766 -0.1895
vn 0.0004 -1.0000 -0.0037
vn -0.0979 0.0522 0.9938
vn -0.0696 0.7045 0.7062
vn -0.0063 0.9979 0.0640
vn -0.2899 0.0522 0.9556
vn -0.2060 0.7045 0.6791
vn -0.0187 0.9979 0.0615
vn -0.4708 0.0522 0.8807
vn -0.3345 0.7045 0.6259
vn -0.0303 0.9979 0.0567
vn -0.6335 0.0522 0.7720
vn -0.4502 0.7045 0.5486
vn -0.0408 0.9979 0.0497
vn -0.7720 0.0522 0.6335
vn -0.5486 0.7045 0.4502
vn -0.0497 0.9979 0.0408
vn -0.8807 0.0522 0.4708
vn -0.6259 0.7045 0.3345
vn -0.0567 0.9979 0.0303
vn -0.9556 0.0522 0.2899
vn -0.6791 0.7045 0.2060
vn -0.0615 0.9979 0.0187
vn -0.9938 0.0522 0.0979
vn -0.7062 0.7045 0.0696
vn -0.0640 0.9979 0.0063
vn -0.9938 0.0522 -0.0979
vn -0.7062 0.7045 -0.0696
vn -0.0640 0.9979 -0.0063
vn -0.9556 0.0522 -0.2899
vn -0.6791 0.7045 -0.2060
vn -0.0615 0.9979 -0.0187
vn -0.8807 0.0522 -0.4708
vn -0.6259 0.7045 -0.3345
vn -0.0567 0.9979 -0.0303
vn -0.7720 0.0522 -0.6335
vn -0.5486 0.7045 -0.4502
vn -0.0497 0.9979 -0.0408
vn -0.6335 0.0522 -0.7720
vn -0.4502 0.7045 -0.5486
vn -0.0408 0.9979 -0.0497
vn -0.4708 0.0522 -0.8807
vn -0.3345 0.7045 -0.6259
vn -0.0303 0.9979 -0.0567
vn -0.2899 0.0522 -0.9556
vn -0.2060 0.7045 -0.6791
vn -0.0187 0.9979 -0.0615
vn -0.0979 0.0522 -0.9938
vn -0.0696 0.7045 -0.7062
vn -0.0063 0.9979 -0.0640
vn 0.0979 0.0522 -0.9938
vn 0.0696 0.7045 -0.7062
vn 0.0063 0.9979 -0.0640
vn 0.2899 0.0522 -0.9556
vn 0.2060 0.7045 -0.6791
vn 0.0187 0.9979 -0.0615
vn 0.4708 0.0522 -0.8807
vn 0.3345 0.7045 -0.6259
vn 0.0303 0.9979 -0.0567
vn 0.6335 0.0522 -0.7720
vn 0.4502 0.7045 -0.5486
vn 0.0408 0.9979 -0.0497
vn 0.7720 0.0522 -0.6335
vn 0.5486 0.7045 -0.4502
vn 0.0497 0.9979 -0.0408
vn 0.8807 0.0522 -0.4708
vn 0.6259 0.7045 -0.3345
vn 0.0567 0.9979 -0.0303
vn 0.9556 0.0522 -0.2899
vn 0.6791 0.7045 -0.2060
vn 0.0615 0.9979 -0.0187
vn 0.9938 0.0522 -0.0979
vn 0.7062 0.7045 -0.0696
vn 0.0640 0.9979 -0.0063
vn 0.9938 0.0522 0.0979
vn 0.7062 0.7045 0.0696
vn 0.0640 0.9979 0.0063
vn 0.9556 0.0522 0.2899
vn 0.6791 0.7045 0.2060
vn 0.0615 0.9979 0.0187
vn 0.8807 0.0522 0.4708
vn 0.6259 0.7045 0.3345
vn 0.0567 0.9979 0.0303
vn 0.7720 0.0522 0.6335
vn 0.5486 0.7045 0.4502
vn 0.0497 0.9979 0.0408
vn 0.6335 0.0522 0.7720
vn 0.4502 0.7045 0.5486
vn 0.0408 0.9979 0.0497
vn 0.4708 0.0522 0.8807
vn 0.3345 0.7045 0.6259
vn 0.0303 0.9979 0.0567
vn 0.2899 0.0522 0.9556
vn 0.2060 0.7045 0.6791
vn 0.0187 0.9979 0.0615
vn 0.0979 0.0522 0.9938
vn 0.0696 0.7045 0.7062
vn 0.0063 0.9979 0.0640
vt 0.038132 0.001160
vt 0.635936 0.981356
vt 0.616679 0.981356
vt 0.616677 0.020211
vt 0.635934 0.020211
vt 0.828509 0.981352
vt 0.809252 0.981352
vt 0.809247 0.020208
vt 0.828504 0.020207
vt 0.655193 0.981355
vt 0.655191 0.020211
vt 0.847766 0.981351
vt 0.847761 0.020207
vt 0.558907 0.981356
vt 0.539649 0.981356
vt 0.539649 0.020211
vt 0.558905 0.020211
vt 0.712965 0.981354
vt 0.693708 0.981355
vt 0.693705 0.020210
vt 0.712962 0.020210
vt 0.578164 0.981356
vt 0.578162 0.020211
vt 0.732223 0.981354
vt 0.732219 0.020209
vt 0.443362 0.981356
vt 0.424105 0.981356
vt 0.424106 0.020211
vt 0.443363 0.020211
vt 0.597421 0.981356
vt 0.597419 0.020211
vt 0.462620 0.981356
vt 0.462620 0.020211
vt 0.404848 0.981356
vt 0.385590 0.981356
vt 0.385592 0.020211
vt 0.404849 0.020211
vt 0.289304 0.981355
vt 0.270046 0.981355
vt 0.270050 0.020209
vt 0.289307 0.020210
vt 0.308561 0.981355
vt 0.308564 0.020210
vt 0.327819 0.981356
vt 0.327821 0.020211
vt 0.058215 0.981350
vt 0.038958 0.981349
vt 0.038966 0.020204
vt 0.058223 0.020204
vt 0.347076 0.981356
vt 0.347078 0.020211
vt 0.077473 0.981350
vt 0.077480 0.020205
vt 0.250789 0.981354
vt 0.231532 0.981354
vt 0.231536 0.020209
vt 0.250793 0.020209
vt -0.095843 0.981344
vt -0.115101 0.981342
vt -0.115100 0.884099
vt -0.103537 0.883720
vt -0.095842 0.882488
vt 0.944053 0.981348
vt 0.924796 0.981349
vt 0.924788 0.020205
vt 0.944045 0.020204
vt -0.076586 0.981345
vt -0.093782 0.882161
vt -0.082336 0.870799
vt -0.076585 0.858508
vt 0.963310 0.981347
vt 0.963302 0.020203
vt 0.212274 0.981354
vt 0.193017 0.981354
vt 0.193022 0.020208
vt 0.212279 0.020208
vt 1.059597 0.981344
vt 1.040340 0.981344
vt 1.040331 0.020200
vt 1.059587 0.020200
vt 0.520392 0.981356
vt 0.501134 0.981356
vt 0.501134 0.020211
vt 0.520392 0.020212
vt 1.078855 0.981342
vt 1.078845 0.020199
vt 1.078846 0.119654
vt 1.076285 0.136790
vt 1.075583 0.157047
vt 1.075544 0.179077
vt 1.075557 0.208718
vt 1.075770 0.225781
vt 1.078847 0.247290
vt 1.078852 0.728311
vt 1.074670 0.732226
vt 1.066495 0.753214
vt 1.065774 0.775808
vt 1.067294 0.801881
vt 1.070408 0.827598
vt 1.074667 0.849732
vt 1.078853 0.858506
vt 0.173760 0.981353
vt 0.154502 0.981352
vt 0.154508 0.020207
vt 0.173765 0.020207
vt 1.021083 0.981345
vt 1.001826 0.981346
vt 1.001817 0.020202
vt 1.021074 0.020201
vt 0.481877 0.981356
vt 0.481877 0.020212
vt 0.096730 0.981351
vt 0.096737 0.020205
vt 0.982568 0.981347
vt 0.982559 0.020203
vt 0.366333 0.981356
vt 0.366335 0.020211
vt 0.115988 0.981351
vt 0.115994 0.020206
vt 0.019701 0.981348
vt 0.000444 0.981348
vt 0.000452 0.020202
vt 0.019709 0.020203
vt 0.905539 0.981350
vt 0.886281 0.981350
vt 0.886275 0.020206
vt 0.905531 0.020205
vt 0.135245 0.981352
vt 0.135251 0.020206
vt -0.057329 0.981346
vt -0.072399 0.849736
vt -0.068140 0.827600
vt -0.065026 0.801883
vt -0.063505 0.775810
vt -0.064227 0.753216
vt -0.072401 0.729110
vt -0.076584 0.726643
vt -0.076579 0.247322
vt -0.073502 0.225782
vt -0.073289 0.208718
vt -0.073275 0.179078
vt -0.073323 0.157050
vt -0.074017 0.136790
vt -0.076577 0.120601
vt -0.076577 0.020199
vt -0.057320 0.020200
vt 0.789995 0.981353
vt 0.770737 0.981354
vt 0.770733 0.020209
vt 0.789990 0.020208
vt -0.018814 0.981347
vt -0.038071 0.981346
vt -0.038062 0.020200
vt -0.018805 0.020201
vt 0.751480 0.981354
vt 0.751475 0.020209
vt 1.098111 0.981342
vt 1.084604 0.870797
vt 1.096051 0.882160
vt 1.098110 0.882486
vt 1.117369 0.981341
vt 1.105806 0.883717
vt 1.117368 0.884097
vt 0.674451 0.981355
vt 0.674448 0.020210
vt 0.867024 0.981351
vt 0.867018 0.020207
vt 1.098109 0.716322
vt 1.096048 0.717070
vt 1.084937 0.722503
vt 1.094718 0.270967
vt 1.098104 0.273073
vt 1.098102 0.099877
vt 1.094716 0.100447
vt 1.087046 0.103606
vt 1.082208 0.109705
vt 1.098102 0.020198
vt -0.092450 0.270609
vt -0.095836 0.272815
vt -0.095836 0.262705
vt -0.079289 0.238452
vt -0.076585 0.854073
vt -0.068728 0.813458
vt -0.067434 0.802775
vt -0.066011 0.778373
vt -0.066637 0.758780
vt -0.076584 0.729551
vt -0.082668 0.722983
vt -0.093780 0.718267
vt -0.095841 0.717405
vt -0.079941 0.109705
vt -0.084778 0.103607
vt -0.092448 0.100463
vt -0.095834 0.099916
vt -0.095834 0.020198
vt -0.115098 0.709269
vt -0.115093 0.278375
vt -0.104547 0.278545
vt -0.102115 0.099541
vt -0.108501 0.099339
vt -0.115091 0.099154
vt -0.115090 0.020197
vt 1.098109 0.719732
vt 1.085466 0.725913
vt 1.078852 0.732194
vt 1.117366 0.709267
vt 1.106815 0.278544
vt 1.117361 0.278374
vt 1.081239 0.123975
vt 1.098102 0.102778
vt 1.090277 0.105999
vt 1.085115 0.112507
vt 1.117360 0.099154
vt 1.110769 0.099339
vt 1.104383 0.099541
vt 1.117359 0.020197
vt -0.079967 0.727553
vt -0.095841 0.720817
vt -0.115098 0.712680
vt 1.098110 0.879926
vt 1.104933 0.881008
vt 1.117368 0.881416
vt 1.078853 0.854070
vt 1.084798 0.866721
vt 1.098110 0.879926
vt -0.115100 0.881418
vt -0.102664 0.881010
vt -0.095842 0.879928
vt -0.115093 0.268464
vt -0.104872 0.268630
vt 1.098103 0.263005
vt 1.107093 0.268630
vt 1.117361 0.268464
vt -0.082531 0.866724
vt 1.081535 0.238364
vt 1.079121 0.139621
vt 1.078502 0.157832
vt 1.078469 0.176851
vt 1.078481 0.202173
vt 1.078672 0.217725
vt -0.095834 0.102792
vt -0.098224 0.102405
vt -0.103970 0.102084
vt -0.109431 0.101912
vt -0.115091 0.101753
vt 1.068944 0.757567
vt 1.068280 0.778372
vt 1.069703 0.802773
vt 1.070990 0.813401
vt 1.078853 0.854070
vt -0.076585 0.845077
vt -0.073304 0.828037
vt -0.072730 0.825057
vt -0.070316 0.805115
vt -0.069915 0.801803
vt -0.068742 0.781701
vt 1.088643 0.864990
vt 1.098110 0.874389
vt 1.071014 0.781746
vt 1.072183 0.801802
vt -0.085493 0.864117
vt -0.077679 0.847417
vt -0.095842 0.874391
vt -0.086372 0.864989
vt -0.077322 0.735560
vt -0.085794 0.730463
vt -0.115100 0.876142
vt -0.105171 0.875816
vt 1.075577 0.828057
vt 1.078853 0.845068
vt 1.088062 0.730029
vt 1.079319 0.738375
vt -0.096898 0.725753
vt -0.114745 0.718212
vt 1.107439 0.875814
vt 1.117368 0.876140
vt -0.069192 0.757800
vt -0.076164 0.737241
vt -0.086979 0.729960
vt -0.095841 0.726200
vt 1.078560 0.739569
vt 1.071461 0.757798
vt -0.068540 0.778228
vt -0.069097 0.760779
vt 1.098109 0.725117
vt 1.089157 0.729494
vt 1.079953 0.847421
vt 1.087762 0.864115
vt 1.071364 0.760829
vt 1.070808 0.778227
vt 1.072588 0.805146
vt 1.074998 0.825055
vt -0.104645 0.875799
vt -0.096119 0.874435
vt 1.117067 0.718171
vt 1.099193 0.724720
vt 1.117366 0.712679
vt 1.098389 0.874433
vt 1.106913 0.875797
vt 1.098102 0.109891
vt 1.092671 0.112129
vt 1.091570 0.112582
vt 1.088667 0.116243
vt 1.081839 0.202103
vt 1.081958 0.211811
vt -0.094386 0.252686
vt -0.082301 0.234954
vt -0.104191 0.109114
vt -0.109478 0.108948
vt -0.109623 0.108944
vt -0.115092 0.108790
vt -0.095834 0.109905
vt -0.098894 0.109406
vt -0.099133 0.109393
vt -0.104040 0.109119
vt 1.117360 0.108790
vt 1.111891 0.108944
vt 1.111699 0.101912
vt 1.117360 0.101753
vt 1.111746 0.108948
vt 1.106460 0.109114
vt 1.106238 0.102084
vt 1.098103 0.255118
vt 1.107712 0.261153
vt -0.115093 0.261427
vt -0.106297 0.261569
vt 1.081861 0.158096
vt 1.081835 0.172981
vt -0.078970 0.123976
vt -0.076852 0.139625
vt -0.080619 0.137592
vt -0.082045 0.127056
vt 1.087450 0.117776
vt 1.085217 0.124385
vt 1.084313 0.127056
vt 1.082887 0.137593
vt 1.082447 0.140843
vt 1.081981 0.154560
vt 1.081828 0.176858
vt 1.081837 0.196426
vt 1.082017 0.216635
vt 1.083987 0.230776
vt 1.084569 0.234954
vt 1.096647 0.252949
vt -0.081724 0.230809
vt -0.079749 0.216635
vt -0.076402 0.217729
vt -0.079690 0.211810
vt -0.079571 0.202103
vt -0.076212 0.202173
vt -0.079569 0.196425
vt -0.079560 0.176859
vt -0.076200 0.176849
vt -0.079568 0.172979
vt -0.079600 0.158099
vt -0.076241 0.157836
vt -0.079719 0.154563
vt -0.080179 0.140844
vt -0.082948 0.124385
vt -0.085182 0.117776
vt -0.082847 0.112507
vt -0.086396 0.116245
vt -0.089302 0.112582
vt -0.088011 0.105996
vt -0.090404 0.112131
vt -0.105411 0.261112
vt -0.095836 0.254813
vt 1.106308 0.109119
vt 1.101401 0.109393
vt 1.100464 0.102406
vt 1.101162 0.109406
vt 1.108566 0.261569
vt 1.117361 0.261427
vt 0.719869 1.681058
vt 0.721233 1.681058
vt 0.722598 1.681058
vt 0.801740 1.681058
vt 0.803105 1.681058
vt 0.804469 1.681058
vt 0.799011 1.681058
vt 0.800376 1.681058
vt 0.790824 1.637393
vt 0.789459 1.637393
vt 0.789459 1.637393
vt 0.788095 1.637393
vt 0.796282 1.681058
vt 0.797647 1.681058
vt 0.790824 1.681058
vt 0.792188 1.681058
vt 0.793553 1.681058
vt 0.785366 1.681058
vt 0.786730 1.681058
vt 0.788095 1.681058
vt 0.777179 1.681058
vt 0.778543 1.681058
vt 0.779908 1.681058
vt 0.782637 1.681058
vt 0.784001 1.681058
vt 0.784001 1.681058
vt 0.781272 1.681058
vt 0.768991 1.681058
vt 0.770356 1.681058
vt 0.771721 1.681058
vt 0.774450 1.681058
vt 0.775814 1.681058
vt 0.773085 1.681058
vt 0.747159 1.681058
vt 0.748524 1.681058
vt 0.748524 1.681058
vt 0.749888 1.681058
vt 0.763533 1.637393
vt 0.762169 1.637393
vt 0.760804 1.637393
vt 0.766262 1.681058
vt 0.767627 1.681058
vt 0.760804 1.681058
vt 0.762169 1.681058
vt 0.763533 1.681058
vt 0.758075 1.681058
vt 0.759440 1.681058
vt 0.749888 1.637393
vt 0.748524 1.637393
vt 0.748524 1.637393
vt 0.747159 1.637393
vt 0.755346 1.681058
vt 0.756711 1.681058
vt 0.751253 1.681058
vt 0.752617 1.681058
vt 0.730785 1.681058
vt 0.732149 1.681058
vt 0.733514 1.681058
vt 0.744430 1.681058
vt 0.745795 1.681058
vt 0.741701 1.681058
vt 0.743066 1.681058
vt 0.738972 1.681058
vt 0.740336 1.681058
vt 0.734878 1.681058
vt 0.736243 1.681058
vt 0.736243 1.681058
vt 0.804469 1.681058
vt 0.805834 1.681058
vt 0.805834 1.681058
vt 0.807198 1.681058
vt 0.807198 1.681058
vt 0.728056 1.681058
vt 0.729420 1.681058
vt 0.723962 1.681058
vt 0.725327 1.681058
vt 0.789459 1.681058
vt 0.789459 1.681058
vt 0.736243 1.637393
vt 0.734878 1.637393
vt 0.736243 1.637393
vt 0.733514 1.637393
vt 0.744430 1.637393
vt 0.743066 1.637393
vt 0.741701 1.637393
vt 0.777179 1.637393
vt 0.775814 1.637393
vt 0.774450 1.637393
vt 0.737607 1.681058
vt 0.759440 1.637393
vt 0.758075 1.637393
vt 0.738972 1.637393
vt 0.737607 1.637393
vt 0.728056 1.637393
vt 0.726691 1.637393
vt 0.725327 1.637393
vt 0.730785 1.637393
vt 0.729420 1.637393
vt 0.722598 1.637393
vt 0.721233 1.637393
vt 0.719869 1.637393
vt 0.732149 1.637393
vt 0.764898 1.681058
vt 0.793553 1.637393
vt 0.792188 1.637393
vt 0.726691 1.681058
vt 0.766262 1.637393
vt 0.764898 1.637393
vt 0.801740 1.637393
vt 0.800376 1.637393
vt 0.801740 1.637393
vt 0.799011 1.637393
vt 0.794918 1.681058
vt 0.794917 1.681058
vt 0.752617 1.637393
vt 0.751253 1.637393
vt 0.797647 1.637393
vt 0.796282 1.637393
vt 0.753982 1.681058
vt 0.782637 1.637393
vt 0.781272 1.637393
vt 0.779908 1.637393
vt 0.755346 1.637393
vt 0.753982 1.637393
vt 0.773085 1.637393
vt 0.771721 1.637393
vt 0.740336 1.637393
vt 0.786730 1.637393
vt 0.785366 1.637393
vt 0.745795 1.637393
vt 0.770356 1.637393
vt 0.768991 1.637393
vt 0.799011 1.681058
vt 0.766262 1.681058
vt 0.744944 1.631866
vt 0.743144 1.630216
vt 0.741701 1.615561
vt 0.745976 1.629653
vt 0.741701 1.632186
vt 0.740258 1.630216
vt 0.738458 1.631866
vt 0.737426 1.629653
vt 0.735339 1.630920
vt 0.734759 1.628548
vt 0.732465 1.629384
vt 0.732359 1.626944
vt 0.729946 1.627316
vt 0.730317 1.624903
vt 0.727878 1.624797
vt 0.728714 1.622503
vt 0.726342 1.621923
vt 0.727609 1.619836
vt 0.725396 1.618804
vt 0.727046 1.617004
vt 0.725076 1.615561
vt 0.727046 1.614118
vt 0.725396 1.612318
vt 0.727609 1.611286
vt 0.726342 1.609199
vt 0.728714 1.608619
vt 0.727878 1.606325
vt 0.730317 1.606219
vt 0.729946 1.603806
vt 0.732359 1.604177
vt 0.732465 1.601738
vt 0.734759 1.602574
vt 0.735339 1.600202
vt 0.737426 1.601469
vt 0.738458 1.599256
vt 0.740258 1.600906
vt 0.741701 1.598936
vt 0.743144 1.600906
vt 0.744944 1.599256
vt 0.745976 1.601469
vt 0.748063 1.600202
vt 0.748643 1.602574
vt 0.750937 1.601738
vt 0.751043 1.604177
vt 0.753456 1.603806
vt 0.753084 1.606219
vt 0.755524 1.606325
vt 0.754688 1.608619
vt 0.757060 1.609199
vt 0.755793 1.611286
vt 0.758006 1.612318
vt 0.756356 1.614118
vt 0.758326 1.615561
vt 0.756356 1.617004
vt 0.758006 1.618804
vt 0.755793 1.619836
vt 0.757060 1.621923
vt 0.754688 1.622503
vt 0.755524 1.624797
vt 0.753084 1.624903
vt 0.753456 1.627316
vt 0.751043 1.626944
vt 0.750937 1.629384
vt 0.748643 1.628548
vt 0.748063 1.630920
vt 0.796282 1.681058
vt 0.722598 1.681058
vt 0.721233 1.681058
vt 0.793553 1.680406
vt 0.794917 1.680406
vt 0.794917 1.680490
vt 0.793553 1.680490
vt 0.796282 1.680406
vt 0.796282 1.680490
vt 0.796282 1.680573
vt 0.794917 1.680573
vt 0.793553 1.680573
vt 0.794918 1.680573
vt 0.794917 1.680657
vt 0.793553 1.680657
vt 0.796282 1.680657
vt 0.796282 1.680760
vt 0.794918 1.680760
vt 0.793553 1.680760
vt 0.794917 1.680892
vt 0.793553 1.680892
vt 0.796282 1.680892
vt 0.796282 1.681004
vt 0.794918 1.681004
vt 0.793553 1.681004
vt 0.794917 1.681051
vt 0.793553 1.681051
vt 0.796282 1.681051
vt 0.763533 1.680406
vt 0.764898 1.680406
vt 0.764898 1.680490
vt 0.763533 1.680490
vt 0.766262 1.680406
vt 0.766262 1.680490
vt 0.766262 1.680573
vt 0.764898 1.680573
vt 0.763533 1.680573
vt 0.764898 1.680657
vt 0.763533 1.680657
vt 0.766262 1.680573
vt 0.766262 1.680657
vt 0.766262 1.680760
vt 0.764898 1.680760
vt 0.763533 1.680760
vt 0.764898 1.680892
vt 0.763533 1.680892
vt 0.766262 1.680892
vt 0.766262 1.681004
vt 0.764898 1.681004
vt 0.763533 1.681004
vt 0.764898 1.681051
vt 0.763533 1.681051
vt 0.766262 1.681051
vt 0.760804 1.680406
vt 0.762169 1.680406
vt 0.762169 1.680490
vt 0.760804 1.680490
vt 0.762169 1.680573
vt 0.760804 1.680573
vt 0.762169 1.680657
vt 0.760804 1.680657
vt 0.762169 1.680760
vt 0.760804 1.680760
vt 0.762169 1.680892
vt 0.760804 1.680892
vt 0.762169 1.681004
vt 0.760804 1.681004
vt 0.762169 1.681051
vt 0.760804 1.681051
vt 0.752617 1.680406
vt 0.753982 1.680406
vt 0.753982 1.680490
vt 0.752617 1.680490
vt 0.755346 1.680406
vt 0.755346 1.680490
vt 0.755346 1.680573
vt 0.753982 1.680573
vt 0.752617 1.680573
vt 0.753982 1.680657
vt 0.752617 1.680657
vt 0.755346 1.680657
vt 0.755346 1.680760
vt 0.753982 1.680760
vt 0.752617 1.680760
vt 0.753982 1.680892
vt 0.752617 1.680892
vt 0.755346 1.680892
vt 0.755346 1.681004
vt 0.753982 1.681004
vt 0.752617 1.681004
vt 0.753982 1.681051
vt 0.752617 1.681051
vt 0.755346 1.681051
vt 0.736243 1.680406
vt 0.737607 1.680406
vt 0.737607 1.680490
vt 0.736243 1.680490
vt 0.738972 1.680406
vt 0.738972 1.680490
vt 0.738972 1.680573
vt 0.737607 1.680573
vt 0.736243 1.680573
vt 0.736243 1.680573
vt 0.737607 1.680657
vt 0.736243 1.680657
vt 0.738972 1.680657
vt 0.738972 1.680760
vt 0.737607 1.680760
vt 0.736243 1.680760
vt 0.737607 1.680892
vt 0.736243 1.680892
vt 0.738972 1.680892
vt 0.738972 1.681004
vt 0.737607 1.681004
vt 0.736243 1.681004
vt 0.737607 1.681051
vt 0.736243 1.681051
vt 0.738972 1.681051
vt 0.725327 1.680406
vt 0.726691 1.680406
vt 0.726691 1.680490
vt 0.725327 1.680490
vt 0.728056 1.680406
vt 0.728056 1.680490
vt 0.728056 1.680573
vt 0.726691 1.680573
vt 0.725327 1.680573
vt 0.726691 1.680657
vt 0.725327 1.680657
vt 0.728056 1.680657
vt 0.728056 1.680760
vt 0.726691 1.680760
vt 0.725327 1.680760
vt 0.726691 1.680892
vt 0.725327 1.680892
vt 0.728056 1.680892
vt 0.728056 1.681004
vt 0.726691 1.681004
vt 0.725327 1.681004
vt 0.726691 1.681051
vt 0.725327 1.681051
vt 0.728056 1.681051
vt 0.804469 1.680406
vt 0.805834 1.680406
vt 0.805833 1.680490
vt 0.804469 1.680490
vt 0.807198 1.680406
vt 0.807197 1.680491
vt 0.807196 1.680575
vt 0.805833 1.680573
vt 0.804469 1.680573
vt 0.805831 1.680656
vt 0.804468 1.680657
vt 0.807194 1.680654
vt 0.807192 1.680732
vt 0.805830 1.680758
vt 0.804468 1.680760
vt 0.805828 1.680892
vt 0.804467 1.680892
vt 0.807188 1.680895
vt 0.807184 1.681058
vt 0.805828 1.681008
vt 0.804467 1.681004
vt 0.805830 1.681052
vt 0.804468 1.681051
vt 0.807191 1.681058
vt 0.805833 1.681058
vt 0.804469 1.681058
vt 0.805834 1.681058
vt 0.804469 1.681058
vt 0.788095 1.680406
vt 0.789459 1.680406
vt 0.789459 1.680490
vt 0.788095 1.680490
vt 0.790824 1.680406
vt 0.790824 1.680490
vt 0.790824 1.680573
vt 0.789459 1.680573
vt 0.788095 1.680573
vt 0.789459 1.680573
vt 0.789459 1.680657
vt 0.788095 1.680657
vt 0.790824 1.680657
vt 0.790824 1.680760
vt 0.789459 1.680760
vt 0.788095 1.680760
vt 0.789459 1.680892
vt 0.788095 1.680892
vt 0.790824 1.680892
vt 0.790824 1.681004
vt 0.789459 1.681004
vt 0.788095 1.681004
vt 0.789459 1.681051
vt 0.788095 1.681051
vt 0.790824 1.681051
vt 0.785366 1.680406
vt 0.786730 1.680406
vt 0.786730 1.680490
vt 0.785366 1.680490
vt 0.786730 1.680573
vt 0.785366 1.680573
vt 0.786730 1.680657
vt 0.785366 1.680657
vt 0.786730 1.680760
vt 0.785366 1.680760
vt 0.786730 1.680892
vt 0.785366 1.680892
vt 0.786730 1.681004
vt 0.785366 1.681004
vt 0.786730 1.681051
vt 0.785366 1.681051
vt 0.777179 1.680406
vt 0.778543 1.680406
vt 0.778543 1.680490
vt 0.777179 1.680490
vt 0.779908 1.680406
vt 0.779908 1.680490
vt 0.779908 1.680573
vt 0.778543 1.680573
vt 0.777179 1.680573
vt 0.778543 1.680657
vt 0.777179 1.680657
vt 0.779908 1.680657
vt 0.779908 1.680760
vt 0.778543 1.680760
vt 0.777179 1.680760
vt 0.778543 1.680892
vt 0.777179 1.680892
vt 0.779908 1.680892
vt 0.779908 1.681004
vt 0.778543 1.681004
vt 0.777179 1.681004
vt 0.778543 1.681051
vt 0.777179 1.681051
vt 0.779908 1.681051
vt 0.768991 1.680406
vt 0.770356 1.680406
vt 0.770356 1.680490
vt 0.768991 1.680490
vt 0.771721 1.680406
vt 0.771721 1.680490
vt 0.771721 1.680573
vt 0.770356 1.680573
vt 0.768991 1.680573
vt 0.770356 1.680657
vt 0.768991 1.680657
vt 0.771721 1.680657
vt 0.771721 1.680760
vt 0.770356 1.680760
vt 0.768991 1.680760
vt 0.770356 1.680892
vt 0.768991 1.680892
vt 0.771721 1.680892
vt 0.771721 1.681004
vt 0.770356 1.681004
vt 0.768991 1.681004
vt 0.770356 1.681051
vt 0.768991 1.681051
vt 0.771721 1.681051
vt 0.747159 1.680406
vt 0.748524 1.680406
vt 0.748524 1.680490
vt 0.747159 1.680490
vt 0.749888 1.680406
vt 0.749888 1.680490
vt 0.749888 1.680573
vt 0.748524 1.680573
vt 0.747159 1.680573
vt 0.748524 1.680573
vt 0.748524 1.680657
vt 0.747159 1.680657
vt 0.749888 1.680657
vt 0.749888 1.680760
vt 0.748524 1.680760
vt 0.747159 1.680760
vt 0.748524 1.680892
vt 0.747159 1.680892
vt 0.749888 1.680892
vt 0.749888 1.681004
vt 0.748524 1.681004
vt 0.747159 1.681004
vt 0.748524 1.681051
vt 0.747159 1.681051
vt 0.749888 1.681051
vt 0.730785 1.680406
vt 0.732149 1.680406
vt 0.732149 1.680490
vt 0.730785 1.680490
vt 0.733514 1.680406
vt 0.733514 1.680490
vt 0.733514 1.680573
vt 0.732149 1.680573
vt 0.730785 1.680573
vt 0.732149 1.680657
vt 0.730785 1.680657
vt 0.733514 1.680657
vt 0.733514 1.680760
vt 0.732149 1.680760
vt 0.730785 1.680760
vt 0.732149 1.680892
vt 0.730785 1.680892
vt 0.733514 1.680892
vt 0.733514 1.681004
vt 0.732149 1.681004
vt 0.730785 1.681004
vt 0.732149 1.681051
vt 0.730785 1.681051
vt 0.733514 1.681051
vt 0.719869 1.680406
vt 0.721233 1.680406
vt 0.721234 1.680490
vt 0.719869 1.680491
vt 0.722598 1.680406
vt 0.722598 1.680490
vt 0.722598 1.680573
vt 0.721234 1.680573
vt 0.719870 1.680575
vt 0.721235 1.680656
vt 0.719873 1.680654
vt 0.722598 1.680657
vt 0.722599 1.680760
vt 0.721237 1.680758
vt 0.719875 1.680732
vt 0.721238 1.680892
vt 0.719879 1.680895
vt 0.722599 1.680892
vt 0.722599 1.681004
vt 0.721239 1.681008
vt 0.719883 1.681058
vt 0.721237 1.681052
vt 0.719876 1.681058
vt 0.722599 1.681051
vt 0.722598 1.681058
vt 0.721234 1.681058
vt 0.721233 1.681058
vt 0.722598 1.681058
vt 0.804469 1.681058
vt 0.803105 1.681058
vt 0.804470 1.681058
vt 0.801740 1.681058
vt 0.804469 1.681058
vt 0.804469 1.681058
vt 0.801740 1.680406
vt 0.803105 1.680406
vt 0.803105 1.680490
vt 0.801740 1.680490
vt 0.803105 1.680573
vt 0.801740 1.680573
vt 0.803105 1.680657
vt 0.801740 1.680657
vt 0.803104 1.680760
vt 0.801740 1.680760
vt 0.803104 1.680892
vt 0.801740 1.680892
vt 0.803104 1.681004
vt 0.801740 1.681004
vt 0.803104 1.681051
vt 0.801740 1.681051
vt 0.803105 1.681058
vt 0.799011 1.680406
vt 0.800376 1.680406
vt 0.800376 1.680490
vt 0.799011 1.680490
vt 0.800376 1.680573
vt 0.799011 1.680573
vt 0.800376 1.680657
vt 0.799011 1.680657
vt 0.800376 1.680760
vt 0.799011 1.680760
vt 0.800376 1.680892
vt 0.799011 1.680892
vt 0.800376 1.681004
vt 0.799011 1.681004
vt 0.800376 1.681051
vt 0.799011 1.681051
vt 0.797647 1.680406
vt 0.797647 1.680490
vt 0.797647 1.680573
vt 0.797647 1.680657
vt 0.797647 1.680760
vt 0.797647 1.680892
vt 0.797647 1.681004
vt 0.797647 1.681051
vt 0.792188 1.680406
vt 0.792188 1.680490
vt 0.792188 1.680573
vt 0.792188 1.680657
vt 0.792188 1.680760
vt 0.792188 1.680892
vt 0.792188 1.681004
vt 0.792188 1.681051
vt 0.782637 1.680406
vt 0.784001 1.680406
vt 0.784001 1.680490
vt 0.782637 1.680490
vt 0.784001 1.680573
vt 0.782637 1.680573
vt 0.784001 1.680573
vt 0.784001 1.680657
vt 0.782637 1.680657
vt 0.784001 1.680760
vt 0.782637 1.680760
vt 0.784001 1.680892
vt 0.782637 1.680892
vt 0.784001 1.681004
vt 0.782637 1.681004
vt 0.784001 1.681051
vt 0.782637 1.681051
vt 0.781272 1.680406
vt 0.781272 1.680490
vt 0.781272 1.680573
vt 0.781272 1.680657
vt 0.781272 1.680760
vt 0.781272 1.680892
vt 0.781272 1.681004
vt 0.781272 1.681051
vt 0.774450 1.680406
vt 0.775814 1.680406
vt 0.775814 1.680490
vt 0.774450 1.680490
vt 0.775814 1.680573
vt 0.774450 1.680573
vt 0.775814 1.680657
vt 0.774450 1.680657
vt 0.775814 1.680760
vt 0.774450 1.680760
vt 0.775814 1.680892
vt 0.774450 1.680892
vt 0.775814 1.681004
vt 0.774450 1.681004
vt 0.775814 1.681051
vt 0.774450 1.681051
vt 0.773085 1.680406
vt 0.773085 1.680490
vt 0.773085 1.680573
vt 0.773085 1.680657
vt 0.773085 1.680760
vt 0.773085 1.680892
vt 0.773085 1.681004
vt 0.773085 1.681051
vt 0.767627 1.680406
vt 0.767627 1.680490
vt 0.767627 1.680573
vt 0.767627 1.680657
vt 0.767627 1.680760
vt 0.767627 1.680892
vt 0.767627 1.681004
vt 0.767627 1.681051
vt 0.758075 1.680406
vt 0.759440 1.680406
vt 0.759440 1.680490
vt 0.758075 1.680490
vt 0.759440 1.680573
vt 0.758075 1.680573
vt 0.759440 1.680657
vt 0.758075 1.680657
vt 0.759440 1.680760
vt 0.758075 1.680760
vt 0.759440 1.680892
vt 0.758075 1.680892
vt 0.759440 1.681004
vt 0.758075 1.681004
vt 0.759440 1.681051
vt 0.758075 1.681051
vt 0.756711 1.680406
vt 0.756711 1.680490
vt 0.756711 1.680573
vt 0.756711 1.680657
vt 0.756711 1.680760
vt 0.756711 1.680892
vt 0.756711 1.681004
vt 0.756711 1.681051
vt 0.751253 1.680406
vt 0.751253 1.680490
vt 0.751253 1.680573
vt 0.751253 1.680657
vt 0.751253 1.680760
vt 0.751253 1.680892
vt 0.751253 1.681004
vt 0.751253 1.681051
vt 0.744430 1.680406
vt 0.745795 1.680406
vt 0.745795 1.680490
vt 0.744430 1.680490
vt 0.745795 1.680573
vt 0.744430 1.680573
vt 0.745795 1.680657
vt 0.744430 1.680657
vt 0.745795 1.680760
vt 0.744430 1.680760
vt 0.745795 1.680892
vt 0.744430 1.680892
vt 0.745795 1.681004
vt 0.744430 1.681004
vt 0.745795 1.681051
vt 0.744430 1.681051
vt 0.741701 1.680406
vt 0.743066 1.680406
vt 0.743066 1.680490
vt 0.741701 1.680490
vt 0.743066 1.680573
vt 0.741701 1.680573
vt 0.743066 1.680657
vt 0.741701 1.680657
vt 0.743066 1.680760
vt 0.741701 1.680760
vt 0.743066 1.680892
vt 0.741701 1.680892
vt 0.743066 1.681004
vt 0.741701 1.681004
vt 0.743066 1.681051
vt 0.741701 1.681051
vt 0.740336 1.680406
vt 0.740336 1.680490
vt 0.740336 1.680573
vt 0.740336 1.680657
vt 0.740336 1.680760
vt 0.740336 1.680892
vt 0.740336 1.681004
vt 0.740336 1.681051
vt 0.734878 1.680406
vt 0.734878 1.680490
vt 0.734878 1.680573
vt 0.734878 1.680657
vt 0.734878 1.680760
vt 0.734878 1.680892
vt 0.734878 1.681004
vt 0.734878 1.681051
vt 0.729420 1.680406
vt 0.729420 1.680490
vt 0.729420 1.680573
vt 0.729420 1.680657
vt 0.729420 1.680760
vt 0.729420 1.680892
vt 0.729420 1.681004
vt 0.729420 1.681051
vt 0.723962 1.680406
vt 0.723962 1.680490
vt 0.723962 1.680573
vt 0.723962 1.680657
vt 0.723962 1.680760
vt 0.723962 1.680892
vt 0.723962 1.681004
vt 0.723962 1.681051
vt 0.723962 1.681058
vt 0.805834 1.681058
vt 0.805834 1.681058
vt 0.805835 1.681058
vt 0.807202 1.681058
vt 0.807205 1.681058
vt 0.805836 1.681058
vt 0.805836 1.681058
vt 0.807203 1.681058
vt 0.807200 1.681058
vt 0.805835 1.681058
vt 0.805834 1.681058
vt 0.807199 1.681058
vt 0.722597 1.681058
vt 0.723962 1.681058
vt 0.722597 1.681058
vt 0.722597 1.681058
vt 0.722597 1.681058
vt 0.722597 1.681058
vt 0.721233 1.681058
vt 0.721233 1.681058
vt 0.721231 1.681058
vt 0.719865 1.681058
vt 0.721230 1.681058
vt 0.719862 1.681058
vt 0.721231 1.681058
vt 0.719864 1.681058
vt 0.721232 1.681058
vt 0.719867 1.681058
vt 0.721233 1.681058
vt 0.719868 1.681058
vt 0.778543 1.637393
vt 0.778543 1.637393
vt 0.777178 1.637393
vt 0.778543 1.637393
vt 0.779908 1.637393
vt 0.768991 1.637393
vt 0.770356 1.637393
vt 0.771720 1.637393
vt 0.738972 1.637393
vt 0.740336 1.637393
vt 0.741701 1.637393
vt 0.774449 1.637393
vt 0.775814 1.637393
vt 0.737607 1.637393
vt 0.736243 1.637393
vt 0.737607 1.637393
vt 0.733514 1.637393
vt 0.734878 1.637393
vt 0.773085 1.637393
vt 0.773085 1.637393
vt 0.732149 1.637393
vt 0.730785 1.637393
vt 0.730785 1.637393
vt 0.732149 1.637393
vt 0.767627 1.637393
vt 0.767627 1.637393
vt 0.766262 1.637393
vt 0.766262 1.637393
vt 0.767627 1.637393
vt 0.728056 1.637393
vt 0.729420 1.637393
vt 0.763533 1.637393
vt 0.764898 1.637393
vt 0.804469 1.637393
vt 0.803105 1.637393
vt 0.804469 1.637393
vt 0.801740 1.637393
vt 0.803104 1.637393
vt 0.804469 1.637393
vt 0.726691 1.637393
vt 0.725327 1.637393
vt 0.725327 1.637393
vt 0.726691 1.637393
vt 0.762169 1.637393
vt 0.760804 1.637393
vt 0.760804 1.637393
vt 0.762169 1.637393
vt 0.796282 1.637393
vt 0.796282 1.637393
vt 0.797646 1.637393
vt 0.799011 1.637393
vt 0.723962 1.637393
vt 0.722597 1.637393
vt 0.723962 1.637393
vt 0.758075 1.637393
vt 0.759440 1.637393
vt 0.794917 1.637393
vt 0.793553 1.637393
vt 0.794917 1.637393
vt 0.756711 1.637393
vt 0.755346 1.637393
vt 0.755346 1.637393
vt 0.756711 1.637393
vt 0.792188 1.637393
vt 0.790824 1.637393
vt 0.790824 1.637393
vt 0.792188 1.637393
vt 0.752617 1.637393
vt 0.753982 1.637393
vt 0.788095 1.637393
vt 0.789459 1.637393
vt 0.749888 1.637393
vt 0.749888 1.637393
vt 0.751252 1.637393
vt 0.785366 1.637393
vt 0.785366 1.637393
vt 0.786730 1.637393
vt 0.747159 1.637393
vt 0.748523 1.637393
vt 0.784001 1.637393
vt 0.784001 1.637393
vt 0.782637 1.637393
vt 0.784001 1.637393
vt 0.744430 1.637393
vt 0.744430 1.637393
vt 0.745794 1.637393
vt 0.781272 1.637393
vt 0.743065 1.637393
vt 0.743065 1.637393
vt 0.800375 1.637393
vt 0.807198 1.637393
vt 0.805834 1.637393
vt 0.807198 1.637393
vt 0.805834 1.637393
vt 0.805834 1.637393
vt 0.807199 1.637393
vt 0.805834 1.637393
vt 0.807199 1.637393
vt 0.804469 1.637393
vt 0.722598 1.637393
vt 0.721233 1.637393
vt 0.721233 1.637393
vt 0.719868 1.637393
vt 0.719868 1.637393
vt 0.721233 1.637393
vt 0.721233 1.637393
vt 0.785366 1.632491
vt 0.786836 1.630489
vt 0.785366 1.615561
vt 0.783895 1.630489
vt 0.788669 1.632166
vt 0.789720 1.629916
vt 0.791845 1.631202
vt 0.792437 1.628790
vt 0.794772 1.629638
vt 0.794882 1.627156
vt 0.797337 1.627532
vt 0.796961 1.625077
vt 0.799443 1.624967
vt 0.798595 1.622632
vt 0.801007 1.622040
vt 0.799721 1.619915
vt 0.801971 1.618864
vt 0.800294 1.617031
vt 0.802296 1.615561
vt 0.800294 1.614091
vt 0.801971 1.612258
vt 0.799721 1.611206
vt 0.801007 1.609082
vt 0.798595 1.608490
vt 0.799443 1.606155
vt 0.796961 1.606045
vt 0.797337 1.603589
vt 0.794882 1.603965
vt 0.794772 1.601484
vt 0.792437 1.602332
vt 0.791845 1.599919
vt 0.789720 1.601206
vt 0.788669 1.598956
vt 0.786836 1.600633
vt 0.785366 1.598631
vt 0.783895 1.600633
vt 0.782063 1.598956
vt 0.781011 1.601206
vt 0.783895 1.600633
vt 0.778887 1.599919
vt 0.778295 1.602332
vt 0.775960 1.601484
vt 0.775849 1.603965
vt 0.773394 1.603589
vt 0.773770 1.606045
vt 0.771289 1.606155
vt 0.772136 1.608490
vt 0.769724 1.609082
vt 0.771011 1.611206
vt 0.768761 1.612258
vt 0.770437 1.614091
vt 0.768436 1.615561
vt 0.770437 1.617031
vt 0.768761 1.618864
vt 0.771011 1.619915
vt 0.769724 1.622040
vt 0.772136 1.622632
vt 0.771289 1.624967
vt 0.773770 1.625077
vt 0.773394 1.627532
vt 0.775849 1.627156
vt 0.775960 1.629638
vt 0.778295 1.628790
vt 0.778887 1.631202
vt 0.781011 1.629916
vt 0.782063 1.632166
vt 0.805834 1.637393
vt 0.805833 1.637393
vt 0.807198 1.637393
vt 0.804469 1.637393
vt 0.804468 1.637393
vt 0.805833 1.637393
vt 0.807197 1.637393
vt 0.807190 1.637393
vt 0.804476 1.637393
vt 0.804484 1.637393
vt 0.807183 1.637393
vt 0.785366 1.636293
vt 0.787388 1.636094
vt 0.787301 1.635207
vt 0.785366 1.635464
vt 0.789410 1.635895
vt 0.789249 1.635082
vt 0.803104 1.637393
vt 0.801740 1.637393
vt 0.801739 1.637393
vt 0.803104 1.637393
vt 0.803104 1.637393
vt 0.804461 1.637393
vt 0.801747 1.637393
vt 0.801755 1.637393
vt 0.804454 1.637393
vt 0.791355 1.635305
vt 0.791096 1.634452
vt 0.793300 1.634715
vt 0.792982 1.633949
vt 0.800375 1.637393
vt 0.799011 1.637393
vt 0.799010 1.637393
vt 0.800375 1.637393
vt 0.801732 1.637393
vt 0.799018 1.637393
vt 0.799026 1.637393
vt 0.801725 1.637393
vt 0.795092 1.633757
vt 0.794672 1.632971
vt 0.796884 1.632799
vt 0.796423 1.632110
vt 0.797646 1.637393
vt 0.796281 1.637393
vt 0.796281 1.637393
vt 0.797646 1.637393
vt 0.797646 1.637393
vt 0.799003 1.637393
vt 0.796289 1.637393
vt 0.796297 1.637393
vt 0.798996 1.637393
vt 0.798455 1.631510
vt 0.797889 1.630821
vt 0.800026 1.630221
vt 0.799440 1.629635
vt 0.794917 1.637393
vt 0.793552 1.637393
vt 0.793552 1.637393
vt 0.794917 1.637393
vt 0.796274 1.637393
vt 0.793560 1.637393
vt 0.793568 1.637393
vt 0.796267 1.637393
vt 0.801315 1.628650
vt 0.800626 1.628084
vt 0.802604 1.627079
vt 0.801915 1.626619
vt 0.792188 1.637393
vt 0.790823 1.637393
vt 0.790823 1.637393
vt 0.792188 1.637393
vt 0.792188 1.637393
vt 0.793545 1.637393
vt 0.790831 1.637393
vt 0.790839 1.637393
vt 0.793538 1.637393
vt 0.803562 1.625287
vt 0.802776 1.624867
vt 0.804520 1.623495
vt 0.803754 1.623178
vt 0.789459 1.637393
vt 0.788094 1.637393
vt 0.788094 1.637393
vt 0.789459 1.637393
vt 0.789459 1.637393
vt 0.790816 1.637393
vt 0.788102 1.637393
vt 0.788110 1.637393
vt 0.790809 1.637393
vt 0.805110 1.621550
vt 0.804257 1.621291
vt 0.805699 1.619606
vt 0.804887 1.619444
vt 0.786730 1.637393
vt 0.785365 1.637393
vt 0.785365 1.637393
vt 0.786730 1.637393
vt 0.788087 1.637393
vt 0.785373 1.637393
vt 0.785381 1.637393
vt 0.788080 1.637393
vt 0.805899 1.617583
vt 0.805012 1.617496
vt 0.806098 1.615561
vt 0.805269 1.615561
vt 0.784001 1.637393
vt 0.782637 1.637393
vt 0.782636 1.637393
vt 0.782636 1.637393
vt 0.784001 1.637393
vt 0.785358 1.637393
vt 0.782644 1.637393
vt 0.782652 1.637393
vt 0.785351 1.637393
vt 0.805899 1.613539
vt 0.805012 1.613626
vt 0.805699 1.611516
vt 0.804887 1.611678
vt 0.781272 1.637393
vt 0.779907 1.637393
vt 0.779907 1.637393
vt 0.781271 1.637393
vt 0.782629 1.637393
vt 0.779915 1.637393
vt 0.779922 1.637393
vt 0.782622 1.637393
vt 0.805110 1.609572
vt 0.804257 1.609830
vt 0.804520 1.607627
vt 0.803754 1.607944
vt 0.778543 1.637393
vt 0.777178 1.637393
vt 0.777178 1.637393
vt 0.778542 1.637393
vt 0.779900 1.637393
vt 0.777185 1.637393
vt 0.777193 1.637393
vt 0.779893 1.637393
vt 0.803562 1.605835
vt 0.802776 1.606255
vt 0.802604 1.604043
vt 0.801915 1.604503
vt 0.775814 1.637393
vt 0.774449 1.637393
vt 0.774449 1.637393
vt 0.775813 1.637393
vt 0.777171 1.637393
vt 0.774457 1.637393
vt 0.774464 1.637393
vt 0.777164 1.637393
vt 0.801315 1.602472
vt 0.800626 1.603037
vt 0.800026 1.600901
vt 0.799440 1.601487
vt 0.773085 1.637393
vt 0.771720 1.637393
vt 0.771719 1.637393
vt 0.773084 1.637393
vt 0.773085 1.637393
vt 0.774442 1.637393
vt 0.771727 1.637393
vt 0.771735 1.637393
vt 0.774435 1.637393
vt 0.798455 1.599612
vt 0.797889 1.600301
vt 0.796884 1.598323
vt 0.796423 1.599012
vt 0.770356 1.637393
vt 0.768991 1.637393
vt 0.768990 1.637393
vt 0.770355 1.637393
vt 0.771713 1.637393
vt 0.768998 1.637393
vt 0.769006 1.637393
vt 0.771706 1.637393
vt 0.795092 1.597365
vt 0.794672 1.598151
vt 0.793300 1.596407
vt 0.792982 1.597173
vt 0.767626 1.637393
vt 0.766262 1.637393
vt 0.766261 1.637393
vt 0.767626 1.637393
vt 0.767626 1.637393
vt 0.768984 1.637393
vt 0.766269 1.637393
vt 0.766277 1.637393
vt 0.768977 1.637393
vt 0.791355 1.595817
vt 0.791096 1.596670
vt 0.789410 1.595227
vt 0.789249 1.596040
vt 0.764898 1.637393
vt 0.764897 1.637393
vt 0.763533 1.637393
vt 0.763532 1.637393
vt 0.764897 1.637393
vt 0.766255 1.637393
vt 0.763540 1.637393
vt 0.763548 1.637393
vt 0.766248 1.637393
vt 0.787388 1.595028
vt 0.787301 1.595915
vt 0.785366 1.594829
vt 0.785366 1.595658
vt 0.762168 1.637393
vt 0.760804 1.637393
vt 0.760803 1.637393
vt 0.762168 1.637393
vt 0.762168 1.637393
vt 0.763525 1.637393
vt 0.760811 1.637393
vt 0.760819 1.637393
vt 0.763519 1.637393
vt 0.783343 1.595028
vt 0.783431 1.595915
vt 0.781321 1.595227
vt 0.781483 1.596040
vt 0.759439 1.637393
vt 0.758075 1.637393
vt 0.758074 1.637393
vt 0.759439 1.637393
vt 0.760796 1.637393
vt 0.758082 1.637393
vt 0.758090 1.637393
vt 0.760790 1.637393
vt 0.779377 1.595817
vt 0.779635 1.596670
vt 0.777432 1.596407
vt 0.777749 1.597173
vt 0.756710 1.637393
vt 0.755346 1.637393
vt 0.755345 1.637393
vt 0.756710 1.637393
vt 0.756710 1.637393
vt 0.758067 1.637393
vt 0.755353 1.637393
vt 0.755361 1.637393
vt 0.758061 1.637393
vt 0.775640 1.597365
vt 0.776060 1.598151
vt 0.773848 1.598323
vt 0.774308 1.599012
vt 0.753981 1.637393
vt 0.752617 1.637393
vt 0.752616 1.637393
vt 0.753981 1.637393
vt 0.755338 1.637393
vt 0.752624 1.637393
vt 0.752632 1.637393
vt 0.755331 1.637393
vt 0.772277 1.599612
vt 0.772842 1.600301
vt 0.770706 1.600901
vt 0.771292 1.601487
vt 0.751252 1.637393
vt 0.749888 1.637393
vt 0.749887 1.637393
vt 0.751252 1.637393
vt 0.752609 1.637393
vt 0.749895 1.637393
vt 0.749903 1.637393
vt 0.752602 1.637393
vt 0.769417 1.602472
vt 0.770106 1.603037
vt 0.768128 1.604043
vt 0.768817 1.604503
vt 0.748523 1.637393
vt 0.747159 1.637393
vt 0.747158 1.637393
vt 0.748523 1.637393
vt 0.749880 1.637393
vt 0.747166 1.637393
vt 0.747174 1.637393
vt 0.749873 1.637393
vt 0.767170 1.605835
vt 0.767956 1.606255
vt 0.766212 1.607627
vt 0.766978 1.607944
vt 0.745794 1.637393
vt 0.744429 1.637393
vt 0.744429 1.637393
vt 0.745794 1.637393
vt 0.747151 1.637393
vt 0.744437 1.637393
vt 0.744445 1.637393
vt 0.747144 1.637393
vt 0.765622 1.609572
vt 0.766475 1.609830
vt 0.765032 1.611516
vt 0.765845 1.611678
vt 0.743065 1.637393
vt 0.741700 1.637393
vt 0.741700 1.637393
vt 0.743065 1.637393
vt 0.743065 1.637393
vt 0.744422 1.637393
vt 0.741708 1.637393
vt 0.741716 1.637393
vt 0.744415 1.637393
vt 0.764833 1.613539
vt 0.765720 1.613626
vt 0.764634 1.615561
vt 0.765463 1.615561
vt 0.740336 1.637393
vt 0.738971 1.637393
vt 0.738971 1.637393
vt 0.740336 1.637393
vt 0.741693 1.637393
vt 0.738979 1.637393
vt 0.738987 1.637393
vt 0.741686 1.637393
vt 0.764833 1.617583
vt 0.765720 1.617496
vt 0.765032 1.619606
vt 0.765845 1.619444
vt 0.737607 1.637393
vt 0.736242 1.637393
vt 0.736242 1.637393
vt 0.737607 1.637393
vt 0.737607 1.637393
vt 0.738964 1.637393
vt 0.736250 1.637393
vt 0.736258 1.637393
vt 0.738957 1.637393
vt 0.765622 1.621550
vt 0.766475 1.621291
vt 0.766212 1.623495
vt 0.766978 1.623178
vt 0.734878 1.637393
vt 0.733513 1.637393
vt 0.733513 1.637393
vt 0.734878 1.637393
vt 0.736235 1.637393
vt 0.733521 1.637393
vt 0.733529 1.637393
vt 0.736228 1.637393
vt 0.767170 1.625287
vt 0.767956 1.624867
vt 0.768128 1.627079
vt 0.768817 1.626619
vt 0.732149 1.637393
vt 0.730784 1.637393
vt 0.730784 1.637393
vt 0.732149 1.637393
vt 0.732149 1.637393
vt 0.733506 1.637393
vt 0.730792 1.637393
vt 0.730800 1.637393
vt 0.733499 1.637393
vt 0.769417 1.628650
vt 0.770106 1.628084
vt 0.770706 1.630221
vt 0.771292 1.629635
vt 0.729420 1.637393
vt 0.728055 1.637393
vt 0.728055 1.637393
vt 0.729420 1.637393
vt 0.730777 1.637393
vt 0.728063 1.637393
vt 0.728070 1.637393
vt 0.730770 1.637393
vt 0.772277 1.631510
vt 0.772842 1.630821
vt 0.773848 1.632799
vt 0.774308 1.632110
vt 0.726691 1.637393
vt 0.725326 1.637393
vt 0.725326 1.637393
vt 0.726690 1.637393
vt 0.726691 1.637393
vt 0.728048 1.637393
vt 0.725334 1.637393
vt 0.725341 1.637393
vt 0.728041 1.637393
vt 0.775640 1.633757
vt 0.776060 1.632971
vt 0.777432 1.634715
vt 0.777749 1.633949
vt 0.723962 1.637393
vt 0.722597 1.637393
vt 0.722597 1.637393
vt 0.723961 1.637393
vt 0.725319 1.637393
vt 0.722605 1.637393
vt 0.722612 1.637393
vt 0.725312 1.637393
vt 0.779377 1.635305
vt 0.779635 1.634452
vt 0.781321 1.635895
vt 0.781483 1.635082
vt 0.719869 1.637393
vt 0.719870 1.637393
vt 0.722590 1.637393
vt 0.719876 1.637393
vt 0.719883 1.637393
vt 0.722583 1.637393
vt 0.783343 1.636094
vt 0.783431 1.635207
vt 0.807198 1.637617
vt 0.805834 1.637617
vt 0.805833 1.637561
vt 0.807197 1.637561
vt 0.804469 1.637617
vt 0.804469 1.637561
vt 0.804469 1.637505
vt 0.805833 1.637505
vt 0.807196 1.637505
vt 0.805833 1.637451
vt 0.807197 1.637449
vt 0.804469 1.637452
vt 0.804469 1.637412
vt 0.805833 1.637410
vt 0.805834 1.637395
vt 0.804469 1.637396
vt 0.803105 1.637617
vt 0.803105 1.637561
vt 0.801740 1.637617
vt 0.801740 1.637561
vt 0.801740 1.637505
vt 0.803105 1.637505
vt 0.803105 1.637452
vt 0.801740 1.637452
vt 0.801740 1.637412
vt 0.803105 1.637412
vt 0.803105 1.637396
vt 0.801740 1.637396
vt 0.800376 1.637617
vt 0.800376 1.637561
vt 0.799011 1.637617
vt 0.799011 1.637561
vt 0.799011 1.637505
vt 0.800376 1.637505
vt 0.800376 1.637452
vt 0.799011 1.637452
vt 0.799011 1.637412
vt 0.800376 1.637412
vt 0.800376 1.637396
vt 0.799011 1.637396
vt 0.785366 1.637617
vt 0.784001 1.637617
vt 0.784001 1.637561
vt 0.785366 1.637561
vt 0.782637 1.637617
vt 0.782637 1.637561
vt 0.782637 1.637505
vt 0.784001 1.637505
vt 0.785366 1.637505
vt 0.784001 1.637452
vt 0.785366 1.637452
vt 0.782637 1.637452
vt 0.782637 1.637412
vt 0.784001 1.637412
vt 0.785366 1.637412
vt 0.784001 1.637396
vt 0.785366 1.637396
vt 0.782637 1.637396
vt 0.760804 1.637617
vt 0.759440 1.637617
vt 0.759440 1.637561
vt 0.760804 1.637561
vt 0.758075 1.637617
vt 0.758075 1.637561
vt 0.758075 1.637505
vt 0.759440 1.637505
vt 0.760804 1.637505
vt 0.759440 1.637452
vt 0.760804 1.637452
vt 0.758075 1.637452
vt 0.758075 1.637412
vt 0.759440 1.637412
vt 0.760804 1.637412
vt 0.759440 1.637396
vt 0.760804 1.637396
vt 0.758075 1.637396
vt 0.756711 1.637617
vt 0.756711 1.637561
vt 0.755346 1.637617
vt 0.755346 1.637561
vt 0.755346 1.637505
vt 0.756711 1.637505
vt 0.756711 1.637452
vt 0.755346 1.637452
vt 0.755346 1.637412
vt 0.756711 1.637412
vt 0.756711 1.637396
vt 0.755346 1.637396
vt 0.753982 1.637617
vt 0.753982 1.637561
vt 0.752617 1.637617
vt 0.752617 1.637561
vt 0.752617 1.637505
vt 0.753982 1.637505
vt 0.753982 1.637452
vt 0.752617 1.637452
vt 0.752617 1.637412
vt 0.753982 1.637412
vt 0.753982 1.637396
vt 0.752617 1.637396
vt 0.751253 1.637617
vt 0.751253 1.637561
vt 0.749888 1.637617
vt 0.749888 1.637561
vt 0.749888 1.637505
vt 0.751253 1.637505
vt 0.751253 1.637452
vt 0.749888 1.637452
vt 0.749888 1.637412
vt 0.751253 1.637412
vt 0.751253 1.637396
vt 0.749888 1.637396
vt 0.748524 1.637617
vt 0.748524 1.637561
vt 0.747159 1.637617
vt 0.747159 1.637561
vt 0.747159 1.637505
vt 0.748524 1.637505
vt 0.748524 1.637505
vt 0.748524 1.637452
vt 0.747159 1.637452
vt 0.747159 1.637412
vt 0.748524 1.637412
vt 0.748524 1.637396
vt 0.747159 1.637396
vt 0.745795 1.637617
vt 0.745795 1.637561
vt 0.744430 1.637617
vt 0.744430 1.637561
vt 0.744430 1.637505
vt 0.745795 1.637505
vt 0.745795 1.637452
vt 0.744430 1.637452
vt 0.744430 1.637412
vt 0.745795 1.637412
vt 0.745795 1.637396
vt 0.744430 1.637396
vt 0.743066 1.637617
vt 0.743066 1.637561
vt 0.741701 1.637617
vt 0.741701 1.637561
vt 0.741701 1.637505
vt 0.743066 1.637505
vt 0.743066 1.637452
vt 0.741701 1.637452
vt 0.741701 1.637412
vt 0.743066 1.637412
vt 0.743066 1.637396
vt 0.741701 1.637396
vt 0.740336 1.637617
vt 0.740336 1.637561
vt 0.738972 1.637617
vt 0.738972 1.637561
vt 0.738972 1.637505
vt 0.740336 1.637505
vt 0.740336 1.637452
vt 0.738972 1.637452
vt 0.738972 1.637412
vt 0.740336 1.637412
vt 0.740336 1.637396
vt 0.738972 1.637396
vt 0.737607 1.637617
vt 0.737607 1.637561
vt 0.736243 1.637617
vt 0.736243 1.637561
vt 0.736243 1.637505
vt 0.737607 1.637505
vt 0.737607 1.637452
vt 0.736243 1.637452
vt 0.736243 1.637412
vt 0.737607 1.637412
vt 0.737607 1.637396
vt 0.736243 1.637396
vt 0.734878 1.637617
vt 0.734878 1.637561
vt 0.733514 1.637617
vt 0.733514 1.637561
vt 0.733514 1.637505
vt 0.734878 1.637505
vt 0.734878 1.637452
vt 0.733514 1.637452
vt 0.733514 1.637412
vt 0.734878 1.637412
vt 0.734878 1.637396
vt 0.733514 1.637396
vt 0.725327 1.637617
vt 0.723962 1.637617
vt 0.723962 1.637561
vt 0.725327 1.637561
vt 0.722598 1.637617
vt 0.722598 1.637561
vt 0.722598 1.637505
vt 0.723962 1.637505
vt 0.725327 1.637505
vt 0.723962 1.637452
vt 0.725327 1.637452
vt 0.722598 1.637452
vt 0.722598 1.637412
vt 0.723962 1.637412
vt 0.725327 1.637412
vt 0.723962 1.637396
vt 0.725327 1.637396
vt 0.722598 1.637396
vt 0.721233 1.637617
vt 0.721234 1.637561
vt 0.719869 1.637617
vt 0.719870 1.637561
vt 0.719871 1.637505
vt 0.721234 1.637505
vt 0.721234 1.637451
vt 0.719870 1.637449
vt 0.721233 1.637410
vt 0.721233 1.637395
vt 0.796282 1.637617
vt 0.794917 1.637617
vt 0.794917 1.637561
vt 0.796282 1.637561
vt 0.793553 1.637617
vt 0.793553 1.637561
vt 0.793553 1.637505
vt 0.794917 1.637505
vt 0.796282 1.637505
vt 0.794917 1.637452
vt 0.796282 1.637452
vt 0.793553 1.637452
vt 0.793553 1.637412
vt 0.794917 1.637412
vt 0.796282 1.637412
vt 0.794917 1.637396
vt 0.796282 1.637396
vt 0.793553 1.637396
vt 0.792188 1.637617
vt 0.792188 1.637561
vt 0.790824 1.637617
vt 0.790824 1.637561
vt 0.790824 1.637505
vt 0.792188 1.637505
vt 0.792188 1.637452
vt 0.790824 1.637452
vt 0.790824 1.637412
vt 0.792188 1.637412
vt 0.792188 1.637396
vt 0.790824 1.637396
vt 0.789459 1.637617
vt 0.789459 1.637561
vt 0.788095 1.637617
vt 0.788095 1.637561
vt 0.788095 1.637505
vt 0.789459 1.637505
vt 0.789459 1.637505
vt 0.789459 1.637452
vt 0.788095 1.637452
vt 0.788095 1.637412
vt 0.789459 1.637412
vt 0.789459 1.637396
vt 0.788095 1.637396
vt 0.774450 1.637617
vt 0.773085 1.637617
vt 0.773085 1.637561
vt 0.774450 1.637561
vt 0.771721 1.637617
vt 0.771721 1.637561
vt 0.771721 1.637505
vt 0.773085 1.637505
vt 0.774450 1.637505
vt 0.773085 1.637452
vt 0.774450 1.637452
vt 0.771721 1.637452
vt 0.771721 1.637412
vt 0.773085 1.637412
vt 0.774450 1.637412
vt 0.773085 1.637396
vt 0.774450 1.637396
vt 0.771721 1.637396
vt 0.770356 1.637617
vt 0.770356 1.637561
vt 0.768991 1.637617
vt 0.768991 1.637561
vt 0.768991 1.637505
vt 0.770356 1.637505
vt 0.770356 1.637452
vt 0.768991 1.637452
vt 0.768991 1.637412
vt 0.770356 1.637412
vt 0.770356 1.637396
vt 0.768991 1.637396
vt 0.730785 1.637617
vt 0.729420 1.637617
vt 0.729420 1.637561
vt 0.730785 1.637561
vt 0.728056 1.637617
vt 0.728056 1.637561
vt 0.728056 1.637505
vt 0.729420 1.637505
vt 0.730785 1.637505
vt 0.729420 1.637452
vt 0.730785 1.637452
vt 0.728056 1.637452
vt 0.728056 1.637412
vt 0.729420 1.637412
vt 0.730785 1.637412
vt 0.729420 1.637396
vt 0.730785 1.637396
vt 0.728056 1.637396
vt 0.797647 1.637617
vt 0.797647 1.637561
vt 0.797647 1.637505
vt 0.797647 1.637452
vt 0.797647 1.637412
vt 0.797647 1.637396
vt 0.786730 1.637617
vt 0.786730 1.637561
vt 0.786730 1.637505
vt 0.786730 1.637452
vt 0.786730 1.637412
vt 0.786730 1.637396
vt 0.781272 1.637617
vt 0.781272 1.637561
vt 0.779908 1.637617
vt 0.779908 1.637561
vt 0.779908 1.637505
vt 0.781272 1.637505
vt 0.781272 1.637452
vt 0.779908 1.637452
vt 0.779908 1.637412
vt 0.781272 1.637412
vt 0.781272 1.637396
vt 0.779908 1.637396
vt 0.778543 1.637617
vt 0.778543 1.637561
vt 0.777179 1.637617
vt 0.777179 1.637561
vt 0.777179 1.637505
vt 0.778543 1.637505
vt 0.778543 1.637452
vt 0.777179 1.637452
vt 0.777179 1.637412
vt 0.778543 1.637412
vt 0.778543 1.637396
vt 0.777179 1.637396
vt 0.775814 1.637617
vt 0.775814 1.637561
vt 0.775814 1.637505
vt 0.775814 1.637452
vt 0.775814 1.637412
vt 0.775814 1.637396
vt 0.767627 1.637617
vt 0.767627 1.637561
vt 0.766262 1.637617
vt 0.766262 1.637561
vt 0.766262 1.637505
vt 0.767627 1.637505
vt 0.767627 1.637452
vt 0.766262 1.637452
vt 0.766262 1.637412
vt 0.767627 1.637412
vt 0.767627 1.637396
vt 0.766262 1.637396
vt 0.764898 1.637617
vt 0.764898 1.637561
vt 0.763533 1.637617
vt 0.763533 1.637561
vt 0.763533 1.637505
vt 0.764898 1.637505
vt 0.764898 1.637452
vt 0.763533 1.637452
vt 0.763533 1.637412
vt 0.764898 1.637412
vt 0.764898 1.637396
vt 0.763533 1.637396
vt 0.762169 1.637617
vt 0.762169 1.637561
vt 0.762169 1.637505
vt 0.762169 1.637452
vt 0.762169 1.637412
vt 0.762169 1.637396
vt 0.732149 1.637617
vt 0.732149 1.637561
vt 0.732149 1.637505
vt 0.732149 1.637452
vt 0.732149 1.637412
vt 0.732149 1.637396
vt 0.726691 1.637617
vt 0.726691 1.637561
vt 0.726691 1.637505
vt 0.726691 1.637452
vt 0.726691 1.637412
vt 0.726691 1.637396
vt 0.804474 1.681058
vt 0.807194 1.681058
vt 0.807189 1.681058
vt 0.804478 1.681058
vt 0.804490 1.681058
vt 0.807177 1.681058
vt 0.807165 1.681058
vt 0.804502 1.681058
vt 0.745692 1.635624
vt 0.743696 1.635820
vt 0.743604 1.634885
vt 0.745520 1.634762
vt 0.741701 1.636017
vt 0.741701 1.635138
vt 0.801744 1.681058
vt 0.804465 1.681058
vt 0.804460 1.681058
vt 0.801749 1.681058
vt 0.801761 1.681058
vt 0.804448 1.681058
vt 0.804436 1.681058
vt 0.801773 1.681058
vt 0.749529 1.634460
vt 0.747610 1.635042
vt 0.747338 1.634142
vt 0.749193 1.633648
vt 0.799015 1.681058
vt 0.801736 1.681058
vt 0.801731 1.681058
vt 0.799020 1.681058
vt 0.799032 1.681058
vt 0.801719 1.681058
vt 0.801707 1.681058
vt 0.800376 1.681058
vt 0.799044 1.681058
vt 0.753066 1.632569
vt 0.751297 1.633515
vt 0.750854 1.632686
vt 0.752578 1.631839
vt 0.796286 1.681058
vt 0.799007 1.681058
vt 0.799002 1.681058
vt 0.796291 1.681058
vt 0.796303 1.681058
vt 0.798990 1.681058
vt 0.798978 1.681058
vt 0.796315 1.681058
vt 0.756166 1.630026
vt 0.754616 1.631297
vt 0.754019 1.630571
vt 0.755544 1.629404
vt 0.793557 1.681058
vt 0.796278 1.681058
vt 0.796273 1.681058
vt 0.793562 1.681058
vt 0.793574 1.681058
vt 0.796261 1.681058
vt 0.796249 1.681058
vt 0.793586 1.681058
vt 0.758710 1.626926
vt 0.757438 1.628476
vt 0.756711 1.627879
vt 0.757979 1.626438
vt 0.790828 1.681058
vt 0.793549 1.681058
vt 0.793544 1.681058
vt 0.790833 1.681058
vt 0.790845 1.681058
vt 0.793532 1.681058
vt 0.793520 1.681058
vt 0.790857 1.681058
vt 0.760600 1.623389
vt 0.759655 1.625157
vt 0.758826 1.624714
vt 0.759788 1.623053
vt 0.788099 1.681058
vt 0.790819 1.681058
vt 0.790815 1.681058
vt 0.788104 1.681058
vt 0.788116 1.681058
vt 0.790803 1.681058
vt 0.790791 1.681058
vt 0.788128 1.681058
vt 0.761764 1.619552
vt 0.761182 1.621470
vt 0.760282 1.621198
vt 0.760902 1.619380
vt 0.785370 1.681058
vt 0.788090 1.681058
vt 0.788086 1.681058
vt 0.785375 1.681058
vt 0.785387 1.681058
vt 0.788074 1.681058
vt 0.788062 1.681058
vt 0.785399 1.681058
vt 0.762157 1.615561
vt 0.761961 1.617556
vt 0.761025 1.617464
vt 0.761278 1.615561
vt 0.782641 1.681058
vt 0.785361 1.681058
vt 0.785357 1.681058
vt 0.782646 1.681058
vt 0.782658 1.681058
vt 0.785345 1.681058
vt 0.785333 1.681058
vt 0.782669 1.681058
vt 0.761764 1.611570
vt 0.761961 1.613566
vt 0.761025 1.613658
vt 0.760902 1.611742
vt 0.779912 1.681058
vt 0.782632 1.681058
vt 0.782628 1.681058
vt 0.779916 1.681058
vt 0.779928 1.681058
vt 0.782616 1.681058
vt 0.782604 1.681058
vt 0.779940 1.681058
vt 0.760600 1.607733
vt 0.761182 1.609651
vt 0.760282 1.609924
vt 0.759788 1.608069
vt 0.777183 1.681058
vt 0.779903 1.681058
vt 0.779899 1.681058
vt 0.777187 1.681058
vt 0.777199 1.681058
vt 0.779887 1.681058
vt 0.779875 1.681058
vt 0.777211 1.681058
vt 0.758710 1.604196
vt 0.759655 1.605964
vt 0.758826 1.606408
vt 0.757979 1.604684
vt 0.774454 1.681058
vt 0.777174 1.681058
vt 0.777170 1.681058
vt 0.774458 1.681058
vt 0.774470 1.681058
vt 0.777158 1.681058
vt 0.777146 1.681058
vt 0.774482 1.681058
vt 0.756166 1.601096
vt 0.757438 1.602646
vt 0.756711 1.603243
vt 0.755544 1.601718
vt 0.771725 1.681058
vt 0.774445 1.681058
vt 0.774441 1.681058
vt 0.771729 1.681058
vt 0.771741 1.681058
vt 0.774429 1.681058
vt 0.774417 1.681058
vt 0.771753 1.681058
vt 0.753066 1.598552
vt 0.754616 1.599824
vt 0.754019 1.600551
vt 0.752578 1.599283
vt 0.768996 1.681058
vt 0.771716 1.681058
vt 0.771712 1.681058
vt 0.769000 1.681058
vt 0.769012 1.681058
vt 0.771700 1.681058
vt 0.771688 1.681058
vt 0.769024 1.681058
vt 0.749529 1.596662
vt 0.751297 1.597607
vt 0.750854 1.598436
vt 0.749193 1.597474
vt 0.766267 1.681058
vt 0.768987 1.681058
vt 0.768983 1.681058
vt 0.766271 1.681058
vt 0.766283 1.681058
vt 0.768971 1.681058
vt 0.768959 1.681058
vt 0.766295 1.681058
vt 0.745692 1.595498
vt 0.747610 1.596080
vt 0.747338 1.596979
vt 0.745520 1.596360
vt 0.763538 1.681058
vt 0.766258 1.681058
vt 0.766254 1.681058
vt 0.763542 1.681058
vt 0.763554 1.681058
vt 0.766242 1.681058
vt 0.766230 1.681058
vt 0.763566 1.681058
vt 0.741701 1.595105
vt 0.743696 1.595301
vt 0.743604 1.596237
vt 0.741701 1.595983
vt 0.760809 1.681058
vt 0.763529 1.681058
vt 0.763525 1.681058
vt 0.760813 1.681058
vt 0.760825 1.681058
vt 0.763513 1.681058
vt 0.763501 1.681058
vt 0.760837 1.681058
vt 0.737710 1.595498
vt 0.739706 1.595301
vt 0.739798 1.596237
vt 0.737882 1.596360
vt 0.758080 1.681058
vt 0.760800 1.681058
vt 0.760796 1.681058
vt 0.758084 1.681058
vt 0.758096 1.681058
vt 0.760784 1.681058
vt 0.760772 1.681058
vt 0.758108 1.681058
vt 0.733873 1.596662
vt 0.735792 1.596080
vt 0.736064 1.596979
vt 0.734209 1.597474
vt 0.755351 1.681058
vt 0.758071 1.681058
vt 0.758066 1.681058
vt 0.755355 1.681058
vt 0.755367 1.681058
vt 0.758054 1.681058
vt 0.758043 1.681058
vt 0.755379 1.681058
vt 0.730336 1.598552
vt 0.732105 1.597607
vt 0.732548 1.598436
vt 0.730824 1.599283
vt 0.752622 1.681058
vt 0.755342 1.681058
vt 0.755337 1.681058
vt 0.752626 1.681058
vt 0.752638 1.681058
vt 0.755325 1.681058
vt 0.755314 1.681058
vt 0.752650 1.681058
vt 0.727236 1.601096
vt 0.728786 1.599824
vt 0.729383 1.600551
vt 0.727858 1.601718
vt 0.749893 1.681058
vt 0.752613 1.681058
vt 0.752608 1.681058
vt 0.749897 1.681058
vt 0.749909 1.681058
vt 0.752596 1.681058
vt 0.752584 1.681058
vt 0.749921 1.681058
vt 0.724692 1.604196
vt 0.725964 1.602646
vt 0.726691 1.603243
vt 0.725423 1.604684
vt 0.747163 1.681058
vt 0.749884 1.681058
vt 0.749879 1.681058
vt 0.747168 1.681058
vt 0.747180 1.681058
vt 0.749867 1.681058
vt 0.749855 1.681058
vt 0.747192 1.681058
vt 0.722802 1.607733
vt 0.723747 1.605964
vt 0.724576 1.606408
vt 0.723614 1.608069
vt 0.744434 1.681058
vt 0.747155 1.681058
vt 0.747150 1.681058
vt 0.744439 1.681058
vt 0.744451 1.681058
vt 0.747138 1.681058
vt 0.747126 1.681058
vt 0.744463 1.681058
vt 0.721638 1.611570
vt 0.722220 1.609651
vt 0.723119 1.609924
vt 0.722500 1.611742
vt 0.741705 1.681058
vt 0.744426 1.681058
vt 0.744421 1.681058
vt 0.741710 1.681058
vt 0.741722 1.681058
vt 0.744409 1.681058
vt 0.744397 1.681058
vt 0.741734 1.681058
vt 0.721245 1.615561
vt 0.721441 1.613566
vt 0.722377 1.613658
vt 0.722124 1.615561
vt 0.738976 1.681058
vt 0.741697 1.681058
vt 0.741692 1.681058
vt 0.738981 1.681058
vt 0.738993 1.681058
vt 0.741680 1.681058
vt 0.741668 1.681058
vt 0.739005 1.681058
vt 0.721638 1.619552
vt 0.721441 1.617556
vt 0.722377 1.617464
vt 0.722500 1.619380
vt 0.736247 1.681058
vt 0.738968 1.681058
vt 0.738963 1.681058
vt 0.736252 1.681058
vt 0.736264 1.681058
vt 0.738951 1.681058
vt 0.738939 1.681058
vt 0.736276 1.681058
vt 0.722802 1.623389
vt 0.722220 1.621470
vt 0.723119 1.621198
vt 0.723614 1.623053
vt 0.733518 1.681058
vt 0.736238 1.681058
vt 0.736234 1.681058
vt 0.733523 1.681058
vt 0.733535 1.681058
vt 0.736222 1.681058
vt 0.736210 1.681058
vt 0.733547 1.681058
vt 0.724692 1.626926
vt 0.723747 1.625157
vt 0.724576 1.624714
vt 0.725423 1.626438
vt 0.730789 1.681058
vt 0.733509 1.681058
vt 0.733505 1.681058
vt 0.730794 1.681058
vt 0.730806 1.681058
vt 0.733493 1.681058
vt 0.733481 1.681058
vt 0.730817 1.681058
vt 0.727236 1.630026
vt 0.725964 1.628476
vt 0.726691 1.627879
vt 0.727858 1.629404
vt 0.728060 1.681058
vt 0.730780 1.681058
vt 0.730776 1.681058
vt 0.728064 1.681058
vt 0.728077 1.681058
vt 0.730764 1.681058
vt 0.730752 1.681058
vt 0.728088 1.681058
vt 0.730336 1.632569
vt 0.728786 1.631297
vt 0.729383 1.630571
vt 0.730824 1.631839
vt 0.725331 1.681058
vt 0.728051 1.681058
vt 0.728047 1.681058
vt 0.725335 1.681058
vt 0.725347 1.681058
vt 0.728035 1.681058
vt 0.728023 1.681058
vt 0.725359 1.681058
vt 0.733873 1.634460
vt 0.732105 1.633515
vt 0.732548 1.632686
vt 0.734209 1.633648
vt 0.722602 1.681058
vt 0.725322 1.681058
vt 0.725318 1.681058
vt 0.722606 1.681058
vt 0.722618 1.681058
vt 0.725306 1.681058
vt 0.725294 1.681058
vt 0.722630 1.681058
vt 0.737710 1.635624
vt 0.735792 1.635042
vt 0.736064 1.634142
vt 0.737882 1.634762
vt 0.719873 1.681058
vt 0.722593 1.681058
vt 0.722589 1.681058
vt 0.719877 1.681058
vt 0.719889 1.681058
vt 0.722577 1.681058
vt 0.722565 1.681058
vt 0.719901 1.681058
vt 0.739706 1.635820
vt 0.739798 1.634885
s 1
usemtl Mug-Material
f 88/1/88 1196/1/1196 1204/1/1204 823/1/823
f 1195/1/1195 1201/1/1201 818/1/818 280/1/280
f 679/1/679 1194/1/1194 1207/1/1207 78/1/78
f 1218/1/1218 1238/1/1238 1102/1/1102 531/1/531
f 601/1/601 1202/1/1202 1209/1/1209 87/1/87
f 1207/1/1207 1215/1/1215 600/1/600 78/1/78
f 1221/1/1221 1242/1/1242 1106/1/1106 533/1/533
f 1197/1/1197 1214/1/1214 821/1/821 281/1/281
f 77/1/77 1210/1/1210 1208/1/1208 603/1/603
f 1222/1/1222 1241/1/1241 798/1/798 276/1/276
f 1220/1/1220 1233/1/1233 1104/1/1104 532/1/532
f 1205/1/1205 1195/1/1195 280/1/280 820/1/820
f 1219/1/1219 1239/1/1239 1109/1/1109 810/1/810 278/1/278
f 247/1/247 679/1/679 974/1/974 680/1/680
f 593/1/593 1185/1/1185 306/1/306 3/1/3
f 975/1/975 681/1/681 247/1/247 680/1/680
f 226/1/226 599/1/599 897/1/897 600/1/600
f 974/1/974 301/1/301 1/1/1 308/1/308
f 606/1/606 901/1/901 315/1/315 86/1/86
f 615/1/615 104/1/104 349/1/349 911/1/911
f 307/1/307 1/1/1 301/1/301 897/1/897
f 896/1/896 306/1/306 81/1/81 599/1/599
f 896/1/896 315/1/315 3/1/3 306/1/306
f 330/1/330 902/1/902 318/1/318 12/1/12
f 86/1/86 315/1/315 896/1/896 598/1/598
f 600/1/600 897/1/897 301/1/301 78/1/78
f 247/1/247 1213/1/1213 1194/1/1194 679/1/679
f 81/1/81 307/1/307 897/1/897 599/1/599
f 1118/1/1118 300/1/300 5/1/5 313/1/313
f 79/1/79 303/1/303 1193/1/1193 894/1/894
f 77/1/77 818/1/818 1201/1/1201 1210/1/1210
f 1172/1/1172 589/1/589 4/1/4 312/1/312
f 602/1/602 227/1/227 601/1/601 898/1/898
f 916/1/916 319/1/319 18/1/18 342/1/342
f 87/1/87 316/1/316 898/1/898 601/1/601
f 900/1/900 605/1/605 228/1/228 604/1/604
f 303/1/303 79/1/79 602/1/602 898/1/898
f 2/1/2 303/1/303 898/1/898 316/1/316
f 597/1/597 1193/1/1193 303/1/303 2/1/2
f 5/1/5 300/1/300 899/1/899 302/1/302
f 78/1/78 301/1/301 974/1/974 679/1/679
f 5/1/5 302/1/302 1192/1/1192 586/1/586
f 299/1/299 894/1/894 1193/1/1193 895/1/895
f 300/1/300 77/1/77 603/1/603 899/1/899
f 79/1/79 302/1/302 899/1/899 602/1/602
f 1118/1/1118 818/1/818 77/1/77 300/1/300
f 256/1/256 716/1/716 1011/1/1011 717/1/717
f 12/1/12 318/1/318 915/1/915 324/1/324
f 823/1/823 1121/1/1121 317/1/317 88/1/88
f 228/1/228 605/1/605 901/1/901 606/1/606
f 546/1/546 70/1/70 585/1/585 1167/1/1167
f 608/1/608 903/1/903 354/1/354 107/1/107
f 80/1/80 304/1/304 1181/1/1181 882/1/882
f 1212/1/1212 1205/1/1205 820/1/820 85/1/85
f 1115/1/1115 321/1/321 7/1/7 327/1/327
f 330/1/330 12/1/12 552/1/552 1123/1/1123
f 827/1/827 1122/1/1122 824/1/824 282/1/282
f 900/1/900 604/1/604 88/1/88 317/1/317
f 900/1/900 304/1/304 80/1/80 605/1/605
f 6/1/6 304/1/304 900/1/900 317/1/317
f 903/1/903 608/1/608 229/1/229 607/1/607
f 1123/1/1123 824/1/824 95/1/95 330/1/330
f 610/1/610 902/1/902 607/1/607 229/1/229
f 1180/1/1180 593/1/593 3/1/3 305/1/305
f 224/1/224 595/1/595 1184/1/1184 885/1/885
f 80/1/80 305/1/305 901/1/901 605/1/605
f 229/1/229 609/1/609 905/1/905 610/1/610
f 330/1/330 95/1/95 607/1/607 902/1/902
f 901/1/901 305/1/305 3/1/3 315/1/315
f 282/1/282 825/1/825 1124/1/1124 826/1/826
f 547/1/547 200/1/200 868/1/868 1166/1/1166
f 1004/1/1004 713/1/713 107/1/107 354/1/354
f 1122/1/1122 551/1/551 10/1/10 331/1/331
f 904/1/904 609/1/609 229/1/229 608/1/608
f 95/1/95 331/1/331 903/1/903 607/1/607
f 824/1/824 1122/1/1122 331/1/331 95/1/95
f 393/1/393 126/1/126 801/1/801 1095/1/1095
f 354/1/354 903/1/903 331/1/331 10/1/10
f 89/1/89 318/1/318 902/1/902 610/1/610
f 949/1/949 653/1/653 115/1/115 371/1/371
f 651/1/651 103/1/103 346/1/346 947/1/947
f 614/1/614 906/1/906 611/1/611 230/1/230
f 203/1/203 553/1/553 1124/1/1124 825/1/825
f 376/1/376 949/1/949 371/1/371 20/1/20
f 255/1/255 710/1/710 1005/1/1005 711/1/711
f 348/1/348 104/1/104 615/1/615 910/1/910
f 96/1/96 333/1/333 1005/1/1005 710/1/710
f 616/1/616 911/1/911 334/1/334 97/1/97
f 16/1/16 349/1/349 904/1/904 355/1/355
f 107/1/107 355/1/355 904/1/904 608/1/608
f 349/1/349 104/1/104 609/1/609 904/1/904
f 663/1/663 100/1/100 341/1/341 959/1/959
f 948/1/948 379/1/379 19/1/19 370/1/370
f 916/1/916 620/1/620 89/1/89 319/1/319
f 662/1/662 957/1/957 361/1/361 110/1/110
f 1007/1/1007 712/1/712 105/1/105 350/1/350
f 319/1/319 89/1/89 610/1/610 905/1/905
f 230/1/230 613/1/613 909/1/909 614/1/614
f 104/1/104 348/1/348 905/1/905 609/1/609
f 18/1/18 319/1/319 905/1/905 348/1/348
f 934/1/934 642/1/642 97/1/97 334/1/334
f 978/1/978 362/1/362 26/1/26 387/1/387
f 327/1/327 7/1/7 556/1/556 1127/1/1127
f 906/1/906 363/1/363 20/1/20 371/1/371
f 371/1/371 115/1/115 611/1/611 906/1/906
f 115/1/115 370/1/370 907/1/907 611/1/611
f 392/1/392 908/1/908 361/1/361 25/1/25
f 948/1/948 370/1/370 115/1/115 653/1/653
f 426/1/426 26/1/26 393/1/393 1095/1/1095
f 111/1/111 363/1/363 906/1/906 614/1/614
f 631/1/631 116/1/116 373/1/373 927/1/927
f 907/1/907 612/1/612 230/1/230 611/1/611
f 350/1/350 934/1/934 334/1/334 16/1/16
f 801/1/801 126/1/126 392/1/392 1096/1/1096
f 907/1/907 370/1/370 19/1/19 360/1/360
f 907/1/907 360/1/360 110/1/110 612/1/612
f 18/1/18 338/1/338 931/1/931 342/1/342
f 908/1/908 613/1/613 230/1/230 612/1/612
f 392/1/392 126/1/126 613/1/613 908/1/908
f 110/1/110 361/1/361 908/1/908 612/1/612
f 243/1/243 665/1/665 961/1/961 666/1/666
f 154/1/154 448/1/448 995/1/995 700/1/700
f 978/1/978 683/1/683 111/1/111 362/1/362
f 932/1/932 339/1/339 24/1/24 366/1/366
f 1098/1/1098 804/1/804 277/1/277 803/1/803
f 362/1/362 111/1/111 614/1/614 909/1/909
f 126/1/126 393/1/393 909/1/909 613/1/613
f 655/1/655 117/1/117 375/1/375 951/1/951
f 26/1/26 362/1/362 909/1/909 393/1/393
f 703/1/703 997/1/997 382/1/382 121/1/121
f 231/1/231 617/1/617 913/1/913 618/1/618
f 910/1/910 338/1/338 18/1/18 348/1/348
f 931/1/931 338/1/338 99/1/99 636/1/636
f 937/1/937 335/1/335 97/1/97 642/1/642
f 373/1/373 912/1/912 335/1/335 22/1/22
f 937/1/937 374/1/374 22/1/22 335/1/335
f 910/1/910 615/1/615 231/1/231 618/1/618
f 405/1/405 24/1/24 372/1/372 926/1/926
f 555/1/555 1143/1/1143 325/1/325 9/1/9
f 99/1/99 338/1/338 910/1/910 618/1/618
f 1143/1/1143 844/1/844 92/1/92 325/1/325
f 619/1/619 232/1/232 622/1/622 914/1/914
f 16/1/16 334/1/334 911/1/911 349/1/349
f 373/1/373 116/1/116 617/1/617 912/1/912
f 97/1/97 335/1/335 912/1/912 616/1/616
f 958/1/958 380/1/380 17/1/17 340/1/340
f 131/1/131 403/1/403 956/1/956 660/1/660
f 322/1/322 91/1/91 643/1/643 938/1/938
f 932/1/932 636/1/636 99/1/99 339/1/339
f 279/1/279 813/1/813 1113/1/1113 814/1/814
f 913/1/913 339/1/339 99/1/99 618/1/618
f 116/1/116 372/1/372 913/1/913 617/1/617
f 24/1/24 339/1/339 913/1/913 372/1/372
f 635/1/635 101/1/101 342/1/342 931/1/931
f 353/1/353 9/1/9 325/1/325 914/1/914
f 205/1/205 557/1/557 1128/1/1128 829/1/829
f 541/1/541 67/1/67 575/1/575 1163/1/1163
f 325/1/325 92/1/92 619/1/619 914/1/914
f 353/1/353 106/1/106 813/1/813 1112/1/1112
f 232/1/232 621/1/621 917/1/917 622/1/622
f 92/1/92 324/1/324 915/1/915 619/1/619
f 844/1/844 1142/1/1142 324/1/324 92/1/92
f 106/1/106 353/1/353 914/1/914 622/1/622
f 326/1/326 93/1/93 828/1/828 1126/1/1126
f 916/1/916 621/1/621 232/1/232 620/1/620
f 233/1/233 623/1/623 919/1/919 624/1/624
f 1115/1/1115 815/1/815 90/1/90 321/1/321
f 545/1/545 66/1/66 579/1/579 1159/1/1159
f 916/1/916 342/1/342 101/1/101 621/1/621
f 233/1/233 625/1/625 921/1/921 626/1/626
f 946/1/946 377/1/377 14/1/14 347/1/347
f 367/1/367 113/1/113 690/1/690 984/1/984
f 352/1/352 106/1/106 622/1/622 917/1/917
f 101/1/101 343/1/343 917/1/917 621/1/621
f 366/1/366 24/1/24 405/1/405 985/1/985
f 556/1/556 7/1/7 328/1/328 1138/1/1138
f 947/1/947 378/1/378 119/1/119 652/1/652
f 279/1/279 815/1/815 1115/1/1115 816/1/816
f 917/1/917 343/1/343 15/1/15 352/1/352
f 918/1/918 328/1/328 7/1/7 321/1/321
f 321/1/321 90/1/90 623/1/623 918/1/918
f 346/1/346 13/1/13 378/1/378 947/1/947
f 328/1/328 94/1/94 840/1/840 1138/1/1138
f 90/1/90 320/1/320 919/1/919 623/1/623
f 356/1/356 920/1/920 347/1/347 14/1/14
f 1114/1/1114 320/1/320 90/1/90 815/1/815
f 402/1/402 955/1/955 368/1/368 21/1/21
f 623/1/623 233/1/233 626/1/626 918/1/918
f 94/1/94 328/1/328 918/1/918 626/1/626
f 102/1/102 345/1/345 1114/1/1114 814/1/814
f 630/1/630 922/1/922 627/1/627 234/1/234
f 346/1/346 919/1/919 320/1/320 13/1/13
f 1114/1/1114 345/1/345 13/1/13 320/1/320
f 346/1/346 103/1/103 624/1/624 919/1/919
f 920/1/920 356/1/356 108/1/108 625/1/625
f 103/1/103 347/1/347 920/1/920 624/1/624
f 959/1/959 377/1/377 118/1/118 664/1/664
f 912/1/912 617/1/617 231/1/231 616/1/616
f 341/1/341 100/1/100 645/1/645 940/1/940
f 1139/1/1139 840/1/840 94/1/94 329/1/329
f 933/1/933 336/1/336 98/1/98 638/1/638
f 422/1/422 999/1/999 420/1/420 34/1/34
f 329/1/329 94/1/94 626/1/626 921/1/921
f 108/1/108 357/1/357 921/1/921 625/1/625
f 8/1/8 329/1/329 921/1/921 357/1/357
f 235/1/235 631/1/631 927/1/927 632/1/632
f 207/1/207 561/1/561 1132/1/1132 833/1/833
f 922/1/922 378/1/378 13/1/13 345/1/345
f 920/1/920 625/1/625 233/1/233 624/1/624
f 923/1/923 628/1/628 234/1/234 627/1/627
f 923/1/923 344/1/344 15/1/15 337/1/337
f 345/1/345 102/1/102 627/1/627 922/1/922
f 98/1/98 337/1/337 930/1/930 638/1/638
f 234/1/234 629/1/629 925/1/925 630/1/630
f 102/1/102 344/1/344 923/1/923 627/1/627
f 368/1/368 924/1/924 336/1/336 21/1/21
f 1113/1/1113 344/1/344 102/1/102 814/1/814
f 119/1/119 378/1/378 922/1/922 630/1/630
f 130/1/130 401/1/401 950/1/950 658/1/658
f 923/1/923 337/1/337 98/1/98 628/1/628
f 659/1/659 114/1/114 368/1/368 955/1/955
f 231/1/231 615/1/615 911/1/911 616/1/616
f 98/1/98 336/1/336 924/1/924 628/1/628
f 15/1/15 344/1/344 1113/1/1113 352/1/352
f 369/1/369 114/1/114 659/1/659 954/1/954
f 924/1/924 368/1/368 114/1/114 629/1/629
f 237/1/237 639/1/639 935/1/935 640/1/640
f 956/1/956 661/1/661 242/1/242 660/1/660
f 948/1/948 652/1/652 119/1/119 379/1/379
f 957/1/957 662/1/662 242/1/242 661/1/661
f 379/1/379 119/1/119 630/1/630 925/1/925
f 114/1/114 369/1/369 925/1/925 629/1/629
f 675/1/675 125/1/125 390/1/390 971/1/971
f 958/1/958 663/1/663 243/1/243 666/1/666
f 686/1/686 127/1/127 395/1/395 981/1/981
f 925/1/925 369/1/369 19/1/19 379/1/379
f 241/1/241 655/1/655 951/1/951 656/1/656
f 985/1/985 405/1/405 132/1/132 691/1/691
f 953/1/953 400/1/400 130/1/130 658/1/658
f 394/1/394 127/1/127 686/1/686 980/1/980
f 631/1/631 235/1/235 634/1/634 926/1/926
f 986/1/986 388/1/388 124/1/124 692/1/692
f 423/1/423 981/1/981 395/1/395 28/1/28
f 375/1/375 23/1/23 398/1/398 951/1/951
f 429/1/429 30/1/30 394/1/394 980/1/980
f 394/1/394 30/1/30 404/1/404 929/1/929
f 132/1/132 405/1/405 926/1/926 634/1/634
f 396/1/396 128/1/128 702/1/702 996/1/996
f 984/1/984 690/1/690 250/1/250 693/1/693
f 130/1/130 400/1/400 928/1/928 632/1/632
f 693/1/693 987/1/987 403/1/403 131/1/131
f 927/1/927 401/1/401 130/1/130 632/1/632
f 986/1/986 691/1/691 132/1/132 404/1/404
f 142/1/142 425/1/425 972/1/972 676/1/676
f 395/1/395 127/1/127 633/1/633 928/1/928
f 28/1/28 395/1/395 928/1/928 400/1/400
f 955/1/955 660/1/660 242/1/242 659/1/659
f 973/1/973 678/1/678 246/1/246 677/1/677
f 929/1/929 404/1/404 132/1/132 634/1/634
f 127/1/127 394/1/394 929/1/929 633/1/633
f 981/1/981 687/1/687 249/1/249 686/1/686
f 690/1/690 113/1/113 366/1/366 985/1/985
f 236/1/236 637/1/637 933/1/933 638/1/638
f 236/1/236 635/1/635 931/1/931 636/1/636
f 1041/1/1041 477/1/477 37/1/37 439/1/439
f 930/1/930 635/1/635 236/1/236 638/1/638
f 1007/1/1007 350/1/350 16/1/16 355/1/355
f 932/1/932 637/1/637 236/1/236 636/1/636
f 932/1/932 366/1/366 113/1/113 637/1/637
f 934/1/934 639/1/639 237/1/237 642/1/642
f 113/1/113 367/1/367 933/1/933 637/1/637
f 639/1/639 934/1/934 350/1/350 105/1/105
f 237/1/237 641/1/641 937/1/937 642/1/642
f 1006/1/1006 359/1/359 17/1/17 351/1/351
f 105/1/105 351/1/351 935/1/935 639/1/639
f 380/1/380 935/1/935 351/1/351 17/1/17
f 560/1/560 1131/1/1131 322/1/322 11/1/11
f 374/1/374 117/1/117 655/1/655 950/1/950
f 973/1/973 677/1/677 137/1/137 415/1/415
f 1142/1/1142 552/1/552 12/1/12 324/1/324
f 935/1/935 380/1/380 120/1/120 640/1/640
f 358/1/358 11/1/11 322/1/322 938/1/938
f 23/1/23 375/1/375 936/1/936 381/1/381
f 936/1/936 641/1/641 237/1/237 640/1/640
f 120/1/120 381/1/381 936/1/936 640/1/640
f 375/1/375 117/1/117 641/1/641 936/1/936
f 340/1/340 100/1/100 663/1/663 958/1/958
f 244/1/244 669/1/669 965/1/965 670/1/670
f 938/1/938 643/1/643 238/1/238 646/1/646
f 950/1/950 401/1/401 22/1/22 374/1/374
f 117/1/117 374/1/374 937/1/937 641/1/641
f 991/1/991 434/1/434 41/1/41 409/1/409
f 1131/1/1131 832/1/832 91/1/91 322/1/322
f 1132/1/1132 834/1/834 284/1/284 833/1/833
f 839/1/839 1137/1/1137 561/1/561 207/1/207
f 1130/1/1130 559/1/559 8/1/8 323/1/323
f 238/1/238 645/1/645 941/1/941 646/1/646
f 91/1/91 323/1/323 939/1/939 643/1/643
f 832/1/832 1130/1/1130 323/1/323 91/1/91
f 444/1/444 152/1/152 671/1/671 966/1/966
f 1005/1/1005 358/1/358 109/1/109 711/1/711
f 739/1/739 136/1/136 412/1/412 1034/1/1034
f 109/1/109 358/1/358 938/1/938 646/1/646
f 999/1/999 704/1/704 140/1/140 420/1/420
f 650/1/650 942/1/942 647/1/647 239/1/239
f 1139/1/1139 559/1/559 206/1/206 841/1/841
f 323/1/323 8/1/8 357/1/357 939/1/939
f 341/1/341 14/1/14 377/1/377 959/1/959
f 940/1/940 645/1/645 238/1/238 644/1/644
f 1006/1/1006 711/1/711 109/1/109 359/1/359
f 943/1/943 648/1/648 239/1/239 647/1/647
f 14/1/14 341/1/341 940/1/940 356/1/356
f 329/1/329 8/1/8 559/1/559 1139/1/1139
f 991/1/991 409/1/409 134/1/134 697/1/697
f 359/1/359 109/1/109 646/1/646 941/1/941
f 100/1/100 340/1/340 941/1/941 645/1/645
f 445/1/445 41/1/41 473/1/473 967/1/967
f 1002/1/1002 411/1/411 135/1/135 708/1/708
f 662/1/662 954/1/954 659/1/659 242/1/242
f 1027/1/1027 406/1/406 40/1/40 443/1/443
f 1026/1/1026 419/1/419 34/1/34 407/1/407
f 359/1/359 941/1/941 340/1/340 17/1/17
f 134/1/134 409/1/409 944/1/944 648/1/648
f 420/1/420 942/1/942 407/1/407 34/1/34
f 942/1/942 420/1/420 140/1/140 647/1/647
f 1026/1/1026 407/1/407 133/1/133 732/1/732
f 239/1/239 649/1/649 945/1/945 650/1/650
f 140/1/140 421/1/421 943/1/943 647/1/647
f 445/1/445 944/1/944 409/1/409 41/1/41
f 421/1/421 140/1/140 704/1/704 998/1/998
f 671/1/671 152/1/152 445/1/445 967/1/967
f 133/1/133 407/1/407 942/1/942 650/1/650
f 418/1/418 139/1/139 731/1/731 1025/1/1025
f 943/1/943 408/1/408 134/1/134 648/1/648
f 982/1/982 688/1/688 249/1/249 687/1/687
f 470/1/470 1018/1/1018 435/1/435 38/1/38
f 943/1/943 421/1/421 35/1/35 408/1/408
f 995/1/995 701/1/701 252/1/252 700/1/700
f 944/1/944 649/1/649 239/1/239 648/1/648
f 445/1/445 152/1/152 649/1/649 944/1/944
f 440/1/440 37/1/37 477/1/477 1021/1/1021
f 153/1/153 447/1/447 964/1/964 668/1/668
f 991/1/991 697/1/697 251/1/251 696/1/696
f 1033/1/1033 739/1/739 262/1/262 742/1/742
f 1027/1/1027 732/1/732 133/1/133 406/1/406
f 262/1/262 739/1/739 1034/1/1034 740/1/740
f 406/1/406 133/1/133 650/1/650 945/1/945
f 152/1/152 444/1/444 945/1/945 649/1/649
f 25/1/25 384/1/384 1096/1/1096 392/1/392
f 40/1/40 406/1/406 945/1/945 444/1/444
f 240/1/240 653/1/653 949/1/949 654/1/654
f 930/1/930 337/1/337 15/1/15 343/1/343
f 651/1/651 240/1/240 654/1/654 946/1/946
f 118/1/118 377/1/377 946/1/946 654/1/654
f 129/1/129 398/1/398 976/1/976 685/1/685
f 948/1/948 653/1/653 240/1/240 652/1/652
f 654/1/654 949/1/949 376/1/376 118/1/118
f 702/1/702 128/1/128 397/1/397 997/1/997
f 979/1/979 399/1/399 129/1/129 685/1/685
f 950/1/950 655/1/655 241/1/241 658/1/658
f 1001/1/1001 387/1/387 26/1/26 426/1/426
f 952/1/952 657/1/657 241/1/241 656/1/656
f 951/1/951 398/1/398 129/1/129 656/1/656
f 29/1/29 397/1/397 952/1/952 399/1/399
f 996/1/996 423/1/423 28/1/28 396/1/396
f 129/1/129 399/1/399 952/1/952 656/1/656
f 235/1/235 633/1/633 929/1/929 634/1/634
f 928/1/928 633/1/633 235/1/235 632/1/632
f 397/1/397 128/1/128 657/1/657 952/1/952
f 248/1/248 682/1/682 977/1/977 683/1/683
f 976/1/976 682/1/682 248/1/248 685/1/685
f 689/1/689 980/1/980 686/1/686 249/1/249
f 241/1/241 657/1/657 953/1/953 658/1/658
f 971/1/971 390/1/390 27/1/27 424/1/424
f 128/1/128 396/1/396 953/1/953 657/1/657
f 396/1/396 28/1/28 400/1/400 953/1/953
f 391/1/391 125/1/125 675/1/675 970/1/970
f 955/1/955 402/1/402 131/1/131 660/1/660
f 27/1/27 390/1/390 956/1/956 403/1/403
f 389/1/389 124/1/124 714/1/714 1008/1/1008
f 956/1/956 390/1/390 125/1/125 661/1/661
f 972/1/972 677/1/677 246/1/246 676/1/676
f 973/1/973 415/1/415 31/1/31 385/1/385
f 246/1/246 675/1/675 971/1/971 676/1/676
f 125/1/125 391/1/391 957/1/957 661/1/661
f 1096/1/1096 384/1/384 122/1/122 802/1/802
f 364/1/364 112/1/112 682/1/682 976/1/976
f 960/1/960 665/1/665 243/1/243 664/1/664
f 20/1/20 365/1/365 960/1/960 376/1/376
f 979/1/979 685/1/685 248/1/248 684/1/684
f 976/1/976 398/1/398 23/1/23 364/1/364
f 742/1/742 1036/1/1036 447/1/447 153/1/153
f 365/1/365 112/1/112 665/1/665 960/1/960
f 682/1/682 112/1/112 365/1/365 977/1/977
f 670/1/670 962/1/962 667/1/667 244/1/244
f 112/1/112 364/1/364 961/1/961 665/1/665
f 364/1/364 23/1/23 381/1/381 961/1/961
f 747/1/747 149/1/149 438/1/438 1042/1/1042
f 453/1/453 31/1/31 415/1/415 962/1/962
f 1107/1/1107 505/1/505 182/1/182 809/1/809
f 963/1/963 668/1/668 244/1/244 667/1/667
f 270/1/270 771/1/771 1066/1/1066 772/1/772
f 415/1/415 137/1/137 667/1/667 962/1/962
f 153/1/153 446/1/446 1033/1/1033 742/1/742
f 137/1/137 414/1/414 963/1/963 667/1/667
f 972/1/972 414/1/414 137/1/137 677/1/677
f 252/1/252 698/1/698 993/1/993 699/1/699
f 156/1/156 453/1/453 962/1/962 670/1/670
f 166/1/166 473/1/473 1017/1/1017 726/1/726
f 1097/1/1097 416/1/416 138/1/138 803/1/803
f 40/1/40 433/1/433 1030/1/1030 443/1/443
f 446/1/446 963/1/963 414/1/414 33/1/33
f 972/1/972 425/1/425 33/1/33 414/1/414
f 964/1/964 669/1/669 244/1/244 668/1/668
f 446/1/446 153/1/153 668/1/668 963/1/963
f 39/1/39 438/1/438 964/1/964 447/1/447
f 966/1/966 433/1/433 40/1/40 444/1/444
f 264/1/264 749/1/749 1044/1/1044 750/1/750
f 1082/1/1082 486/1/486 51/1/51 527/1/527
f 964/1/964 438/1/438 149/1/149 669/1/669
f 993/1/993 698/1/698 156/1/156 452/1/452
f 730/1/730 1024/1/1024 441/1/441 150/1/150
f 1031/1/1031 432/1/432 46/1/46 467/1/467
f 142/1/142 424/1/424 1008/1/1008 717/1/717
f 452/1/452 156/1/156 670/1/670 965/1/965
f 149/1/149 439/1/439 965/1/965 669/1/669
f 430/1/430 39/1/39 437/1/437 1053/1/1053
f 751/1/751 164/1/164 469/1/469 1046/1/1046
f 150/1/150 441/1/441 994/1/994 699/1/699
f 452/1/452 965/1/965 439/1/439 37/1/37
f 994/1/994 700/1/700 252/1/252 699/1/699
f 258/1/258 723/1/723 1018/1/1018 724/1/724
f 1030/1/1030 433/1/433 146/1/146 736/1/736
f 1020/1/1020 472/1/472 166/1/166 726/1/726
f 468/1/468 164/1/164 751/1/751 1045/1/1045
f 966/1/966 671/1/671 245/1/245 674/1/674
f 146/1/146 433/1/433 966/1/966 674/1/674
f 166/1/166 472/1/472 968/1/968 672/1/672
f 967/1/967 473/1/473 166/1/166 672/1/672
f 748/1/748 1042/1/1042 430/1/430 145/1/145
f 731/1/731 260/1/260 734/1/734 1025/1/1025
f 469/1/469 164/1/164 673/1/673 968/1/968
f 47/1/47 469/1/469 968/1/968 472/1/472
f 725/1/725 258/1/258 724/1/724 1019/1/1019
f 500/1/500 46/1/46 468/1/468 1045/1/1045
f 969/1/969 432/1/432 146/1/146 674/1/674
f 164/1/164 468/1/468 969/1/969 673/1/673
f 1031/1/1031 736/1/736 146/1/146 432/1/432
f 46/1/46 432/1/432 969/1/969 468/1/468
f 970/1/970 384/1/384 25/1/25 391/1/391
f 970/1/970 675/1/675 246/1/246 678/1/678
f 122/1/122 384/1/384 970/1/970 678/1/678
f 1189/1/1189 308/1/308 1/1/1 595/1/595
f 971/1/971 424/1/424 142/1/142 676/1/676
f 678/1/678 973/1/973 385/1/385 122/1/122
f 1012/1/1012 490/1/490 175/1/175 718/1/718
f 1184/1/1184 307/1/307 81/1/81 886/1/886
f 974/1/974 308/1/308 82/1/82 680/1/680
f 1009/1/1009 429/1/429 144/1/144 715/1/715
f 223/1/223 593/1/593 1180/1/1180 881/1/881
f 82/1/82 309/1/309 975/1/975 680/1/680
f 248/1/248 683/1/683 978/1/978 684/1/684
f 731/1/731 139/1/139 419/1/419 1026/1/1026
f 978/1/978 387/1/387 123/1/123 684/1/684
f 123/1/123 386/1/386 979/1/979 684/1/684
f 386/1/386 29/1/29 399/1/399 979/1/979
f 253/1/253 702/1/702 997/1/997 703/1/703
f 999/1/999 422/1/422 141/1/141 705/1/705
f 1010/1/1010 412/1/412 136/1/136 716/1/716
f 451/1/451 36/1/36 418/1/418 1025/1/1025
f 418/1/418 36/1/36 428/1/428 983/1/983
f 144/1/144 429/1/429 980/1/980 689/1/689
f 1008/1/1008 714/1/714 256/1/256 717/1/717
f 141/1/141 422/1/422 982/1/982 687/1/687
f 981/1/981 423/1/423 141/1/141 687/1/687
f 256/1/256 714/1/714 1009/1/1009 715/1/715
f 134/1/134 408/1/408 988/1/988 697/1/697
f 419/1/419 139/1/139 688/1/688 982/1/982
f 254/1/254 706/1/706 1001/1/1001 707/1/707
f 34/1/34 419/1/419 982/1/982 422/1/422
f 983/1/983 428/1/428 144/1/144 689/1/689
f 1013/1/1013 719/1/719 257/1/257 718/1/718
f 139/1/139 418/1/418 983/1/983 688/1/688
f 1010/1/1010 715/1/715 144/1/144 428/1/428
f 250/1/250 692/1/692 987/1/987 693/1/693
f 714/1/714 124/1/124 388/1/388 1009/1/1009
f 989/1/989 695/1/695 251/1/251 694/1/694
f 986/1/986 692/1/692 250/1/250 691/1/691
f 30/1/30 388/1/388 986/1/986 404/1/404
f 413/1/413 136/1/136 739/1/739 1033/1/1033
f 697/1/697 988/1/988 694/1/694 251/1/251
f 1008/1/1008 424/1/424 27/1/27 389/1/389
f 124/1/124 389/1/389 987/1/987 692/1/692
f 694/1/694 988/1/988 410/1/410 135/1/135
f 987/1/987 389/1/389 27/1/27 403/1/403
f 1003/1/1003 708/1/708 135/1/135 410/1/410
f 1002/1/1002 427/1/427 32/1/32 411/1/411
f 150/1/150 440/1/440 1021/1/1021 730/1/730
f 135/1/135 411/1/411 989/1/989 694/1/694
f 448/1/448 989/1/989 411/1/411 32/1/32
f 700/1/700 994/1/994 449/1/449 154/1/154
f 434/1/434 147/1/147 723/1/723 1017/1/1017
f 723/1/723 147/1/147 435/1/435 1018/1/1018
f 989/1/989 448/1/448 154/1/154 695/1/695
f 1003/1/1003 410/1/410 35/1/35 383/1/383
f 453/1/453 992/1/992 416/1/416 31/1/31
f 1038/1/1038 744/1/744 263/1/263 743/1/743
f 1024/1/1024 470/1/470 38/1/38 441/1/441
f 990/1/990 695/1/695 154/1/154 449/1/449
f 435/1/435 147/1/147 696/1/696 990/1/990
f 38/1/38 435/1/435 990/1/990 449/1/449
f 1020/1/1020 726/1/726 258/1/258 725/1/725
f 1017/1/1017 473/1/473 41/1/41 434/1/434
f 147/1/147 434/1/434 991/1/991 696/1/696
f 162/1/162 464/1/464 1057/1/1057 766/1/766
f 1098/1/1098 803/1/803 138/1/138 417/1/417
f 698/1/698 252/1/252 701/1/701 992/1/992
f 449/1/449 994/1/994 441/1/441 38/1/38
f 138/1/138 416/1/416 992/1/992 701/1/701
f 37/1/37 440/1/440 993/1/993 452/1/452
f 993/1/993 440/1/440 150/1/150 699/1/699
f 1029/1/1029 442/1/442 151/1/151 735/1/735
f 701/1/701 995/1/995 417/1/417 138/1/138
f 995/1/995 448/1/448 32/1/32 417/1/417
f 1098/1/1098 417/1/417 32/1/32 427/1/427
f 551/1/551 1135/1/1135 332/1/332 10/1/10
f 253/1/253 704/1/704 999/1/999 705/1/705
f 709/1/709 1003/1/1003 383/1/383 121/1/121
f 996/1/996 702/1/702 253/1/253 705/1/705
f 421/1/421 998/1/998 383/1/383 35/1/35
f 29/1/29 382/1/382 997/1/997 397/1/397
f 121/1/121 383/1/383 998/1/998 703/1/703
f 240/1/240 651/1/651 947/1/947 652/1/652
f 804/1/804 1098/1/1098 427/1/427 143/1/143
f 1000/1/1000 706/1/706 254/1/254 709/1/709
f 1002/1/1002 708/1/708 254/1/254 707/1/707
f 1001/1/1001 426/1/426 143/1/143 707/1/707
f 535/1/535 1248/1/1248 1228/1/1228 1094/1/1094
f 143/1/143 427/1/427 1002/1/1002 707/1/707
f 1004/1/1004 710/1/710 255/1/255 713/1/713
f 1134/1/1134 560/1/560 11/1/11 333/1/333
f 1004/1/1004 354/1/354 10/1/10 332/1/332
f 710/1/710 1004/1/1004 332/1/332 96/1/96
f 255/1/255 712/1/712 1007/1/1007 713/1/713
f 333/1/333 11/1/11 358/1/358 1005/1/1005
f 1006/1/1006 351/1/351 105/1/105 712/1/712
f 1006/1/1006 712/1/712 255/1/255 711/1/711
f 412/1/412 36/1/36 451/1/451 1034/1/1034
f 1105/1/1105 516/1/516 188/1/188 808/1/808
f 1010/1/1010 716/1/716 256/1/256 715/1/715
f 496/1/496 1073/1/1073 490/1/490 54/1/54
f 1104/1/1104 807/1/807 189/1/189 519/1/519
f 36/1/36 412/1/412 1010/1/1010 428/1/428
f 437/1/437 148/1/148 759/1/759 1053/1/1053
f 1073/1/1073 778/1/778 175/1/175 490/1/490
f 722/1/722 1012/1/1012 718/1/718 257/1/257
f 1033/1/1033 446/1/446 33/1/33 413/1/413
f 136/1/136 413/1/413 1011/1/1011 716/1/716
f 439/1/439 149/1/149 747/1/747 1041/1/1041
f 1011/1/1011 413/1/413 33/1/33 425/1/425
f 1012/1/1012 523/1/523 54/1/54 490/1/490
f 1104/1/1104 519/1/519 60/1/60 532/1/532
f 52/1/52 491/1/491 1072/1/1072 501/1/501
f 194/1/194 528/1/528 1087/1/1087 797/1/797
f 257/1/257 721/1/721 1016/1/1016 722/1/722
f 191/1/191 523/1/523 1012/1/1012 722/1/722
f 529/1/529 60/1/60 519/1/519 1014/1/1014
f 165/1/165 470/1/470 1024/1/1024 729/1/729
f 1013/1/1013 491/1/491 52/1/52 528/1/528
f 719/1/719 1013/1/1013 528/1/528 194/1/194
f 175/1/175 491/1/491 1013/1/1013 718/1/718
f 518/1/518 61/1/61 517/1/517 1015/1/1015
f 1116/1/1116 817/1/817 1247/1/1247 1246/1/1246
f 519/1/519 189/1/189 720/1/720 1014/1/1014
f 1106/1/1106 808/1/808 188/1/188 517/1/517
f 458/1/458 159/1/159 755/1/755 1049/1/1049
f 194/1/194 529/1/529 1014/1/1014 719/1/719
f 517/1/517 188/1/188 721/1/721 1015/1/1015
f 1063/1/1063 504/1/504 182/1/182 769/1/769
f 189/1/189 518/1/518 1015/1/1015 720/1/720
f 516/1/516 63/1/63 522/1/522 1016/1/1016
f 522/1/522 191/1/191 722/1/722 1016/1/1016
f 188/1/188 516/1/516 1016/1/1016 721/1/721
f 1017/1/1017 723/1/723 258/1/258 726/1/726
f 260/1/260 731/1/731 1026/1/1026 732/1/732
f 755/1/755 159/1/159 459/1/459 1050/1/1050
f 1018/1/1018 470/1/470 165/1/165 724/1/724
f 1041/1/1041 750/1/750 168/1/168 477/1/477
f 1049/1/1049 495/1/495 47/1/47 458/1/458
f 1019/1/1019 724/1/724 165/1/165 471/1/471
f 969/1/969 674/1/674 245/1/245 673/1/673
f 968/1/968 673/1/673 245/1/245 672/1/672
f 459/1/459 159/1/159 725/1/725 1019/1/1019
f 44/1/44 459/1/459 1019/1/1019 471/1/471
f 1084/1/1084 790/1/790 274/1/274 789/1/789
f 260/1/260 733/1/733 1028/1/1028 734/1/734
f 727/1/727 259/1/259 730/1/730 1021/1/1021
f 159/1/159 458/1/458 1020/1/1020 725/1/725
f 458/1/458 47/1/47 472/1/472 1020/1/1020
f 482/1/482 171/1/171 780/1/780 1074/1/1074
f 727/1/727 1021/1/1021 477/1/477 168/1/168
f 1024/1/1024 730/1/730 259/1/259 729/1/729
f 450/1/450 1028/1/1028 442/1/442 42/1/42
f 168/1/168 476/1/476 1022/1/1022 727/1/727
f 1022/1/1022 476/1/476 43/1/43 464/1/464
f 1043/1/1043 749/1/749 264/1/264 748/1/748
f 1044/1/1044 476/1/476 168/1/168 750/1/750
f 1053/1/1053 762/1/762 145/1/145 430/1/430
f 464/1/464 162/1/162 728/1/728 1022/1/1022
f 1023/1/1023 729/1/729 259/1/259 728/1/728
f 261/1/261 737/1/737 1032/1/1032 738/1/738
f 162/1/162 465/1/465 1023/1/1023 728/1/728
f 471/1/471 1023/1/1023 465/1/465 44/1/44
f 1035/1/1035 436/1/436 148/1/148 741/1/741
f 261/1/261 735/1/735 1030/1/1030 736/1/736
f 1034/1/1034 451/1/451 155/1/155 740/1/740
f 735/1/735 151/1/151 443/1/443 1030/1/1030
f 466/1/466 48/1/48 474/1/474 1032/1/1032
f 155/1/155 451/1/451 1025/1/1025 734/1/734
f 1027/1/1027 733/1/733 260/1/260 732/1/732
f 467/1/467 46/1/46 500/1/500 1071/1/1071
f 118/1/118 376/1/376 960/1/960 664/1/664
f 1027/1/1027 443/1/443 151/1/151 733/1/733
f 466/1/466 163/1/163 776/1/776 1070/1/1070
f 1035/1/1035 740/1/740 155/1/155 450/1/450
f 1028/1/1028 450/1/450 155/1/155 734/1/734
f 1055/1/1055 460/1/460 160/1/160 761/1/761
f 151/1/151 442/1/442 1028/1/1028 733/1/733
f 1054/1/1054 475/1/475 167/1/167 760/1/760
f 776/1/776 163/1/163 467/1/467 1071/1/1071
f 1029/1/1029 735/1/735 261/1/261 738/1/738
f 497/1/497 48/1/48 466/1/466 1070/1/1070
f 167/1/167 475/1/475 1029/1/1029 738/1/738
f 264/1/264 747/1/747 1042/1/1042 748/1/748
f 1031/1/1031 737/1/737 261/1/261 736/1/736
f 756/1/756 1050/1/1050 454/1/454 157/1/157
f 1031/1/1031 467/1/467 163/1/163 737/1/737
f 1055/1/1055 760/1/760 167/1/167 474/1/474
f 1032/1/1032 474/1/474 167/1/167 738/1/738
f 163/1/163 466/1/466 1032/1/1032 737/1/737
f 262/1/262 741/1/741 1036/1/1036 742/1/742
f 759/1/759 148/1/148 436/1/436 1054/1/1054
f 436/1/436 42/1/42 475/1/475 1054/1/1054
f 499/1/499 179/1/179 763/1/763 1057/1/1057
f 487/1/487 173/1/173 792/1/792 1086/1/1086
f 1035/1/1035 741/1/741 262/1/262 740/1/740
f 1078/1/1078 456/1/456 45/1/45 461/1/461
f 42/1/42 436/1/436 1035/1/1035 450/1/450
f 461/1/461 160/1/160 784/1/784 1078/1/1078
f 463/1/463 43/1/43 476/1/476 1044/1/1044
f 173/1/173 486/1/486 1082/1/1082 792/1/792
f 746/1/746 1037/1/1037 743/1/743 263/1/263
f 148/1/148 437/1/437 1036/1/1036 741/1/741
f 267/1/267 761/1/761 1056/1/1056 762/1/762
f 990/1/990 696/1/696 251/1/251 695/1/695
f 1036/1/1036 437/1/437 39/1/39 447/1/447
f 1037/1/1037 462/1/462 45/1/45 456/1/456
f 1078/1/1078 787/1/787 158/1/158 456/1/456
f 273/1/273 784/1/784 1079/1/1079 785/1/785
f 743/1/743 1037/1/1037 456/1/456 158/1/158
f 263/1/263 745/1/745 1040/1/1040 746/1/746
f 743/1/743 158/1/158 457/1/457 1038/1/1038
f 1039/1/1039 487/1/487 49/1/49 498/1/498
f 787/1/787 1081/1/1081 457/1/457 158/1/158
f 161/1/161 462/1/462 1037/1/1037 746/1/746
f 1094/1/1094 800/1/800 184/1/184 508/1/508
f 457/1/457 51/1/51 486/1/486 1038/1/1038
f 1038/1/1038 486/1/486 173/1/173 744/1/744
f 1039/1/1039 745/1/745 263/1/263 744/1/744
f 1039/1/1039 498/1/498 179/1/179 745/1/745
f 173/1/173 487/1/487 1039/1/1039 744/1/744
f 1059/1/1059 765/1/765 268/1/268 764/1/764
f 174/1/174 488/1/488 1065/1/1065 775/1/775
f 1044/1/1044 749/1/749 161/1/161 463/1/463
f 1056/1/1056 461/1/461 45/1/45 431/1/431
f 1060/1/1060 766/1/766 268/1/268 765/1/765
f 463/1/463 161/1/161 746/1/746 1040/1/1040
f 179/1/179 499/1/499 1040/1/1040 745/1/745
f 271/1/271 778/1/778 1073/1/1073 779/1/779
f 43/1/43 463/1/463 1040/1/1040 499/1/499
f 1041/1/1041 747/1/747 264/1/264 750/1/750
f 462/1/462 1043/1/1043 431/1/431 45/1/45
f 53/1/53 479/1/479 1088/1/1088 493/1/493
f 39/1/39 430/1/430 1042/1/1042 438/1/438
f 145/1/145 431/1/431 1043/1/1043 748/1/748
f 266/1/266 755/1/755 1050/1/1050 756/1/756
f 1071/1/1071 500/1/500 180/1/180 777/1/777
f 1052/1/1052 494/1/494 177/1/177 758/1/758
f 1072/1/1072 777/1/777 180/1/180 501/1/501
f 751/1/751 265/1/265 754/1/754 1045/1/1045
f 528/1/528 52/1/52 492/1/492 1087/1/1087
f 492/1/492 52/1/52 501/1/501 1048/1/1048
f 180/1/180 500/1/500 1045/1/1045 754/1/754
f 176/1/176 493/1/493 1088/1/1088 793/1/793
f 1060/1/1060 765/1/765 157/1/157 454/1/454
f 177/1/177 494/1/494 1047/1/1047 752/1/752
f 784/1/784 160/1/160 460/1/460 1079/1/1079
f 1046/1/1046 495/1/495 177/1/177 752/1/752
f 753/1/753 1047/1/1047 493/1/493 176/1/176
f 53/1/53 493/1/493 1047/1/1047 494/1/494
f 267/1/267 759/1/759 1054/1/1054 760/1/760
f 275/1/275 794/1/794 1089/1/1089 795/1/795
f 1048/1/1048 501/1/501 180/1/180 754/1/754
f 176/1/176 492/1/492 1048/1/1048 753/1/753
f 492/1/492 176/1/176 793/1/793 1087/1/1087
f 465/1/465 1060/1/1060 454/1/454 44/1/44
f 266/1/266 757/1/757 1052/1/1052 758/1/758
f 483/1/483 1051/1/1051 455/1/455 50/1/50
f 1049/1/1049 755/1/755 266/1/266 758/1/758
f 765/1/765 1059/1/1059 455/1/455 157/1/157
f 44/1/44 454/1/454 1050/1/1050 459/1/459
f 780/1/780 171/1/171 483/1/483 1075/1/1075
f 483/1/483 171/1/171 757/1/757 1051/1/1051
f 1051/1/1051 756/1/756 157/1/157 455/1/455
f 772/1/772 1066/1/1066 506/1/506 183/1/183
f 1081/1/1081 786/1/786 172/1/172 485/1/485
f 1108/1/1108 504/1/504 63/1/63 534/1/534
f 171/1/171 482/1/482 1052/1/1052 757/1/757
f 482/1/482 53/1/53 494/1/494 1052/1/1052
f 460/1/460 48/1/48 497/1/497 1079/1/1079
f 1053/1/1053 759/1/759 267/1/267 762/1/762
f 488/1/488 49/1/49 525/1/525 1065/1/1065
f 1055/1/1055 761/1/761 267/1/267 760/1/760
f 48/1/48 460/1/460 1055/1/1055 474/1/474
f 160/1/160 461/1/461 1056/1/1056 761/1/761
f 273/1/273 786/1/786 1081/1/1081 787/1/787
f 462/1/462 161/1/161 749/1/749 1043/1/1043
f 268/1/268 763/1/763 1058/1/1058 764/1/764
f 61/1/61 518/1/518 1103/1/1103 533/1/533
f 182/1/182 504/1/504 1108/1/1108 809/1/809
f 1057/1/1057 763/1/763 268/1/268 766/1/766
f 271/1/271 776/1/776 1071/1/1071 777/1/777
f 775/1/775 1069/1/1069 489/1/489 174/1/174
f 49/1/49 488/1/488 1058/1/1058 498/1/498
f 1068/1/1068 774/1/774 270/1/270 773/1/773
f 1058/1/1058 488/1/488 174/1/174 764/1/764
f 524/1/524 192/1/192 791/1/791 1085/1/1085
f 1074/1/1074 780/1/780 272/1/272 783/1/783
f 1059/1/1059 764/1/764 174/1/174 489/1/489
f 274/1/274 788/1/788 1083/1/1083 789/1/789
f 767/1/767 269/1/269 770/1/770 1061/1/1061
f 1061/1/1061 527/1/527 51/1/51 485/1/485
f 485/1/485 172/1/172 767/1/767 1061/1/1061
f 527/1/527 193/1/193 788/1/788 1082/1/1082
f 269/1/269 769/1/769 1064/1/1064 770/1/770
f 172/1/172 484/1/484 1062/1/1062 767/1/767
f 1080/1/1080 484/1/484 172/1/172 786/1/786
f 59/1/59 505/1/505 1107/1/1107 535/1/535
f 193/1/193 527/1/527 1061/1/1061 770/1/770
f 1076/1/1076 481/1/481 58/1/58 503/1/503
f 54/1/54 484/1/484 1080/1/1080 496/1/496
f 523/1/523 1062/1/1062 484/1/484 54/1/54
f 1063/1/1063 769/1/769 269/1/269 768/1/768
f 1083/1/1083 788/1/788 193/1/193 526/1/526
f 63/1/63 504/1/504 1063/1/1063 522/1/522
f 1092/1/1092 536/1/536 55/1/55 511/1/511
f 1075/1/1075 480/1/480 170/1/170 781/1/781
f 526/1/526 193/1/193 770/1/770 1064/1/1064
f 512/1/512 57/1/57 507/1/507 1110/1/1110
f 182/1/182 505/1/505 1064/1/1064 769/1/769
f 510/1/510 56/1/56 509/1/509 1093/1/1093
f 170/1/170 481/1/481 1076/1/1076 781/1/781
f 183/1/183 506/1/506 1111/1/1111 811/1/811
f 1064/1/1064 505/1/505 59/1/59 526/1/526
f 1086/1/1086 791/1/791 192/1/192 525/1/525
f 524/1/524 55/1/55 506/1/506 1066/1/1066
f 771/1/771 1065/1/1065 525/1/525 192/1/192
f 771/1/771 270/1/270 775/1/775 1065/1/1065
f 1069/1/1069 775/1/775 270/1/270 774/1/774
f 511/1/511 185/1/185 799/1/799 1092/1/1092
f 507/1/507 183/1/183 811/1/811 1110/1/1110
f 531/1/531 1102/1/1102 515/1/515 64/1/64
f 192/1/192 524/1/524 1066/1/1066 771/1/771
f 513/1/513 58/1/58 481/1/481 1068/1/1068
f 506/1/506 55/1/55 536/1/536 1111/1/1111
f 507/1/507 57/1/57 512/1/512 1067/1/1067
f 773/1/773 1067/1/1067 512/1/512 186/1/186
f 1109/1/1109 1239/1/1239 1227/1/1227 537/1/537
f 1070/1/1070 776/1/776 271/1/271 779/1/779
f 1075/1/1075 483/1/483 50/1/50 480/1/480
f 1246/1/1246 1225/1/1225 530/1/530 1116/1/1116
f 181/1/181 503/1/503 1117/1/1117 817/1/817
f 183/1/183 507/1/507 1067/1/1067 772/1/772
f 1110/1/1110 810/1/810 186/1/186 512/1/512
f 1092/1/1092 799/1/799 276/1/276 798/1/798
f 481/1/481 170/1/170 774/1/774 1068/1/1068
f 489/1/489 1069/1/1069 480/1/480 50/1/50
f 178/1/178 496/1/496 1080/1/1080 785/1/785
f 186/1/186 513/1/513 1068/1/1068 773/1/773
f 170/1/170 480/1/480 1069/1/1069 774/1/774
f 272/1/272 780/1/780 1075/1/1075 781/1/781
f 1079/1/1079 497/1/497 178/1/178 785/1/785
f 272/1/272 782/1/782 1077/1/1077 783/1/783
f 178/1/178 497/1/497 1070/1/1070 779/1/779
f 271/1/271 777/1/777 1072/1/1072 778/1/778
f 779/1/779 1073/1/1073 496/1/496 178/1/178
f 729/1/729 1023/1/1023 471/1/471 165/1/165
f 1116/1/1116 502/1/502 181/1/181 817/1/817
f 1089/1/1089 478/1/478 62/1/62 521/1/521
f 1074/1/1074 479/1/479 53/1/53 482/1/482
f 259/1/259 727/1/727 1022/1/1022 728/1/728
f 479/1/479 169/1/169 794/1/794 1088/1/1088
f 1117/1/1117 503/1/503 58/1/58 537/1/537
f 1116/1/1116 530/1/530 62/1/62 502/1/502
f 169/1/169 479/1/479 1074/1/1074 783/1/783
f 1047/1/1047 753/1/753 265/1/265 752/1/752
f 1076/1/1076 782/1/782 272/1/272 781/1/781
f 1089/1/1089 794/1/794 169/1/169 478/1/478
f 1076/1/1076 503/1/503 181/1/181 782/1/782
f 62/1/62 478/1/478 1077/1/1077 502/1/502
f 1077/1/1077 478/1/478 169/1/169 783/1/783
f 181/1/181 502/1/502 1077/1/1077 782/1/782
f 1078/1/1078 784/1/784 273/1/273 787/1/787
f 1094/1/1094 508/1/508 59/1/59 535/1/535
f 1080/1/1080 786/1/786 273/1/273 785/1/785
f 59/1/59 508/1/508 1083/1/1083 526/1/526
f 185/1/185 510/1/510 1093/1/1093 799/1/799
f 530/1/530 1100/1/1100 521/1/521 62/1/62
f 1099/1/1099 531/1/531 64/1/64 520/1/520
f 788/1/788 274/1/274 792/1/792 1082/1/1082
f 1237/1/1237 1219/1/1219 278/1/278 812/1/812
f 509/1/509 184/1/184 800/1/800 1093/1/1093
f 790/1/790 1084/1/1084 510/1/510 185/1/185
f 1083/1/1083 508/1/508 184/1/184 789/1/789
f 510/1/510 1084/1/1084 509/1/509 56/1/56
f 536/1/536 195/1/195 812/1/812 1111/1/1111
f 184/1/184 509/1/509 1084/1/1084 789/1/789
f 1085/1/1085 511/1/511 55/1/55 524/1/524
f 185/1/185 511/1/511 1085/1/1085 790/1/790
f 1087/1/1087 793/1/793 275/1/275 797/1/797
f 1091/1/1091 797/1/797 275/1/275 796/1/796
f 795/1/795 1089/1/1089 521/1/521 190/1/190
f 190/1/190 521/1/521 1100/1/1100 805/1/805
f 1101/1/1101 532/1/532 60/1/60 514/1/514
f 1090/1/1090 520/1/520 64/1/64 515/1/515
f 515/1/515 187/1/187 796/1/796 1090/1/1090
f 529/1/529 1091/1/1091 514/1/514 60/1/60
f 276/1/276 799/1/799 1093/1/1093 800/1/800
f 190/1/190 520/1/520 1090/1/1090 795/1/795
f 187/1/187 514/1/514 1091/1/1091 796/1/796
f 1126/1/1126 555/1/555 9/1/9 326/1/326
f 195/1/195 536/1/536 1092/1/1092 798/1/798
f 513/1/513 186/1/186 810/1/810 1109/1/1109
f 1224/1/1224 1223/1/1223 1099/1/1099 805/1/805
f 1095/1/1095 801/1/801 277/1/277 804/1/804
f 277/1/277 802/1/802 1097/1/1097 803/1/803
f 1232/1/1232 1234/1/1234 1103/1/1103 807/1/807
f 1223/1/1223 1218/1/1218 531/1/531 1099/1/1099
f 1233/1/1233 1232/1/1232 807/1/807 1104/1/1104
f 1229/1/1229 1248/1/1248 535/1/535 1107/1/1107
f 1235/1/1235 1220/1/1220 532/1/532 1101/1/1101
f 1245/1/1245 1230/1/1230 1108/1/1108 534/1/534
f 1234/1/1234 1221/1/1221 533/1/533 1103/1/1103
f 817/1/817 1117/1/1117 1226/1/1226 1247/1/1247
f 1249/1/1249 1105/1/1105 808/1/808 1231/1/1231
f 1225/1/1225 1243/1/1243 1100/1/1100 530/1/530
f 1249/1/1249 1245/1/1245 534/1/534 1105/1/1105
f 66/1/66 539/1/539 1150/1/1150 579/1/579
f 578/1/578 1153/1/1153 563/1/563 72/1/72
f 278/1/278 810/1/810 1110/1/1110 811/1/811
f 537/1/537 1227/1/1227 1226/1/1226 1117/1/1117
f 813/1/813 279/1/279 816/1/816 1112/1/1112
f 1112/1/1112 326/1/326 9/1/9 353/1/353
f 1127/1/1127 828/1/828 93/1/93 327/1/327
f 93/1/93 326/1/326 1112/1/1112 816/1/816
f 279/1/279 814/1/814 1114/1/1114 815/1/815
f 816/1/816 1115/1/1115 327/1/327 93/1/93
f 848/1/848 198/1/198 543/1/543 1147/1/1147
f 287/1/287 846/1/846 1145/1/1145 847/1/847
f 939/1/939 357/1/357 108/1/108 644/1/644
f 586/1/586 1173/1/1173 313/1/313 5/1/5
f 86/1/86 1211/1/1211 1200/1/1200 606/1/606
f 1173/1/1173 874/1/874 84/1/84 313/1/313
f 1200/1/1200 1199/1/1199 228/1/228 606/1/606
f 85/1/85 314/1/314 1120/1/1120 821/1/821
f 820/1/820 1119/1/1119 314/1/314 85/1/85
f 1119/1/1119 820/1/820 280/1/280 819/1/819
f 83/1/83 311/1/311 1177/1/1177 878/1/878
f 313/1/313 84/1/84 819/1/819 1118/1/1118
f 1217/1/1217 1213/1/1213 247/1/247 681/1/681
f 314/1/314 1119/1/1119 312/1/312 4/1/4
f 1172/1/1172 312/1/312 84/1/84 874/1/874
f 1121/1/1121 823/1/823 281/1/281 822/1/822
f 84/1/84 312/1/312 1119/1/1119 819/1/819
f 1177/1/1177 311/1/311 4/1/4 589/1/589
f 1206/1/1206 1216/1/1216 598/1/598 226/1/226
f 6/1/6 310/1/310 1176/1/1176 591/1/591
f 915/1/915 318/1/318 89/1/89 620/1/620
f 1184/1/1184 595/1/595 1/1/1 307/1/307
f 314/1/314 4/1/4 311/1/311 1120/1/1120
f 222/1/222 591/1/591 1176/1/1176 877/1/877
f 822/1/822 1120/1/1120 311/1/311 83/1/83
f 1176/1/1176 310/1/310 83/1/83 878/1/878
f 1121/1/1121 310/1/310 6/1/6 317/1/317
f 542/1/542 198/1/198 848/1/848 1146/1/1146
f 83/1/83 310/1/310 1121/1/1121 822/1/822
f 283/1/283 828/1/828 1127/1/1127 829/1/829
f 977/1/977 363/1/363 111/1/111 683/1/683
f 205/1/205 556/1/556 1138/1/1138 843/1/843
f 1125/1/1125 827/1/827 282/1/282 826/1/826
f 1136/1/1136 548/1/548 201/1/201 838/1/838
f 202/1/202 551/1/551 1122/1/1122 827/1/827
f 864/1/864 197/1/197 541/1/541 1163/1/1163
f 868/1/868 200/1/200 546/1/546 1167/1/1167
f 552/1/552 203/1/203 825/1/825 1123/1/1123
f 1147/1/1147 849/1/849 288/1/288 848/1/848
f 70/1/70 546/1/546 1124/1/1124 553/1/553
f 571/1/571 212/1/212 876/1/876 1174/1/1174
f 1124/1/1124 546/1/546 200/1/200 826/1/826
f 221/1/221 588/1/588 1174/1/1174 879/1/879
f 1136/1/1136 837/1/837 202/1/202 550/1/550
f 851/1/851 1146/1/1146 848/1/848 288/1/288
f 550/1/550 202/1/202 827/1/827 1125/1/1125
f 200/1/200 547/1/547 1125/1/1125 826/1/826
f 284/1/284 832/1/832 1131/1/1131 833/1/833
f 1125/1/1125 547/1/547 68/1/68 550/1/550
f 1129/1/1129 831/1/831 283/1/283 830/1/830
f 1143/1/1143 555/1/555 204/1/204 845/1/845
f 1141/1/1141 557/1/557 205/1/205 843/1/843
f 828/1/828 283/1/283 831/1/831 1126/1/1126
f 541/1/541 197/1/197 846/1/846 1144/1/1144
f 1147/1/1147 543/1/543 65/1/65 576/1/576
f 542/1/542 67/1/67 554/1/554 1129/1/1129
f 204/1/204 555/1/555 1126/1/1126 831/1/831
f 860/1/860 199/1/199 545/1/545 1159/1/1159
f 1128/1/1128 830/1/830 283/1/283 829/1/829
f 1127/1/1127 556/1/556 205/1/205 829/1/829
f 65/1/65 543/1/543 1128/1/1128 557/1/557
f 538/1/538 69/1/69 580/1/580 1151/1/1151
f 543/1/543 198/1/198 830/1/830 1128/1/1128
f 1133/1/1133 835/1/835 284/1/284 834/1/834
f 1144/1/1144 845/1/845 204/1/204 554/1/554
f 575/1/575 67/1/67 542/1/542 1146/1/1146
f 1129/1/1129 554/1/554 204/1/204 831/1/831
f 198/1/198 542/1/542 1129/1/1129 830/1/830
f 217/1/217 580/1/580 1154/1/1154 859/1/859
f 539/1/539 196/1/196 852/1/852 1150/1/1150
f 549/1/549 201/1/201 856/1/856 1154/1/1154
f 852/1/852 196/1/196 538/1/538 1151/1/1151
f 832/1/832 284/1/284 835/1/835 1130/1/1130
f 545/1/545 199/1/199 842/1/842 1140/1/1140
f 206/1/206 559/1/559 1130/1/1130 835/1/835
f 560/1/560 207/1/207 833/1/833 1131/1/1131
f 69/1/69 538/1/538 1132/1/1132 561/1/561
f 1153/1/1153 855/1/855 289/1/289 854/1/854
f 293/1/293 868/1/868 1167/1/1167 869/1/869
f 538/1/538 196/1/196 834/1/834 1132/1/1132
f 1152/1/1152 854/1/854 289/1/289 853/1/853
f 1140/1/1140 841/1/841 206/1/206 558/1/558
f 558/1/558 206/1/206 835/1/835 1133/1/1133
f 196/1/196 539/1/539 1133/1/1133 834/1/834
f 1159/1/1159 579/1/579 216/1/216 861/1/861
f 285/1/285 838/1/838 1137/1/1137 839/1/839
f 1133/1/1133 539/1/539 66/1/66 558/1/558
f 836/1/836 285/1/285 839/1/839 1134/1/1134
f 286/1/286 842/1/842 1141/1/1141 843/1/843
f 1136/1/1136 838/1/838 285/1/285 837/1/837
f 1154/1/1154 580/1/580 69/1/69 549/1/549
f 68/1/68 548/1/548 1136/1/1136 550/1/550
f 1156/1/1156 858/1/858 290/1/290 857/1/857
f 201/1/201 549/1/549 1137/1/1137 838/1/838
f 573/1/573 213/1/213 872/1/872 1170/1/1170
f 290/1/290 858/1/858 1157/1/1157 859/1/859
f 1137/1/1137 549/1/549 69/1/69 561/1/561
f 544/1/544 199/1/199 860/1/860 1158/1/1158
f 1138/1/1138 840/1/840 286/1/286 843/1/843
f 1140/1/1140 842/1/842 286/1/286 841/1/841
f 1158/1/1158 576/1/576 65/1/65 544/1/544
f 66/1/66 545/1/545 1140/1/1140 558/1/558
f 582/1/582 68/1/68 547/1/547 1166/1/1166
f 217/1/217 581/1/581 1152/1/1152 853/1/853
f 876/1/876 212/1/212 570/1/570 1175/1/1175
f 199/1/199 544/1/544 1141/1/1141 842/1/842
f 544/1/544 65/1/65 557/1/557 1141/1/1141
f 540/1/540 197/1/197 864/1/864 1162/1/1162
f 1142/1/1142 844/1/844 287/1/287 847/1/847
f 564/1/564 209/1/209 880/1/880 1178/1/1178
f 215/1/215 576/1/576 1158/1/1158 863/1/863
f 1144/1/1144 846/1/846 287/1/287 845/1/845
f 1162/1/1162 585/1/585 70/1/70 540/1/540
f 67/1/67 541/1/541 1144/1/1144 554/1/554
f 215/1/215 577/1/577 1148/1/1148 849/1/849
f 1163/1/1163 575/1/575 214/1/214 865/1/865
f 197/1/197 540/1/540 1145/1/1145 846/1/846
f 884/1/884 210/1/210 567/1/567 1183/1/1183
f 289/1/289 852/1/852 1151/1/1151 853/1/853
f 540/1/540 70/1/70 553/1/553 1145/1/1145
f 291/1/291 860/1/860 1159/1/1159 861/1/861
f 1161/1/1161 577/1/577 215/1/215 863/1/863
f 565/1/565 209/1/209 866/1/866 1164/1/1164
f 566/1/566 210/1/210 884/1/884 1182/1/1182
f 566/1/566 73/1/73 574/1/574 1149/1/1149
f 214/1/214 575/1/575 1146/1/1146 851/1/851
f 1148/1/1148 850/1/850 288/1/288 849/1/849
f 1147/1/1147 576/1/576 215/1/215 849/1/849
f 290/1/290 856/1/856 1155/1/1155 857/1/857
f 1179/1/1179 565/1/565 73/1/73 592/1/592
f 71/1/71 567/1/567 1148/1/1148 577/1/577
f 218/1/218 582/1/582 1166/1/1166 871/1/871
f 562/1/562 75/1/75 587/1/587 1191/1/1191
f 567/1/567 210/1/210 850/1/850 1148/1/1148
f 1189/1/1189 891/1/891 298/1/298 890/1/890
f 1164/1/1164 865/1/865 214/1/214 574/1/574
f 1162/1/1162 864/1/864 292/1/292 867/1/867
f 592/1/592 73/1/73 566/1/566 1182/1/1182
f 1149/1/1149 574/1/574 214/1/214 851/1/851
f 210/1/210 566/1/566 1149/1/1149 850/1/850
f 596/1/596 72/1/72 563/1/563 1190/1/1190
f 1185/1/1185 887/1/887 297/1/297 886/1/886
f 563/1/563 208/1/208 892/1/892 1190/1/1190
f 1150/1/1150 852/1/852 289/1/289 855/1/855
f 569/1/569 211/1/211 862/1/862 1160/1/1160
f 216/1/216 579/1/579 1150/1/1150 855/1/855
f 892/1/892 208/1/208 562/1/562 1191/1/1191
f 1151/1/1151 580/1/580 217/1/217 853/1/853
f 1187/1/1187 569/1/569 72/1/72 596/1/596
f 75/1/75 562/1/562 1152/1/1152 581/1/581
f 1152/1/1152 562/1/562 208/1/208 854/1/854
f 1160/1/1160 861/1/861 216/1/216 578/1/578
f 578/1/578 216/1/216 855/1/855 1153/1/1153
f 208/1/208 563/1/563 1153/1/1153 854/1/854
f 1154/1/1154 856/1/856 290/1/290 859/1/859
f 888/1/888 211/1/211 569/1/569 1187/1/1187
f 872/1/872 213/1/213 572/1/572 1171/1/1171
f 1155/1/1155 582/1/582 218/1/218 857/1/857
f 74/1/74 572/1/572 1156/1/1156 583/1/583
f 1170/1/1170 587/1/587 75/1/75 573/1/573
f 218/1/218 583/1/583 1156/1/1156 857/1/857
f 1173/1/1173 875/1/875 294/1/294 874/1/874
f 1156/1/1156 572/1/572 213/1/213 858/1/858
f 1172/1/1172 874/1/874 294/1/294 873/1/873
f 213/1/213 573/1/573 1157/1/1157 858/1/858
f 1191/1/1191 587/1/587 220/1/220 893/1/893
f 1157/1/1157 573/1/573 75/1/75 581/1/581
f 568/1/568 211/1/211 888/1/888 1186/1/1186
f 564/1/564 76/1/76 584/1/584 1165/1/1165
f 1158/1/1158 860/1/860 291/1/291 863/1/863
f 292/1/292 866/1/866 1165/1/1165 867/1/867
f 1160/1/1160 862/1/862 291/1/291 861/1/861
f 1186/1/1186 594/1/594 71/1/71 568/1/568
f 72/1/72 569/1/569 1160/1/1160 578/1/578
f 1168/1/1168 570/1/570 212/1/212 870/1/870
f 211/1/211 568/1/568 1161/1/1161 862/1/862
f 568/1/568 71/1/71 577/1/577 1161/1/1161
f 1167/1/1167 585/1/585 219/1/219 869/1/869
f 880/1/880 209/1/209 565/1/565 1179/1/1179
f 590/1/590 76/1/76 564/1/564 1178/1/1178
f 219/1/219 585/1/585 1162/1/1162 867/1/867
f 220/1/220 586/1/586 1192/1/1192 893/1/893
f 1164/1/1164 866/1/866 292/1/292 865/1/865
f 219/1/219 584/1/584 1168/1/1168 869/1/869
f 73/1/73 565/1/565 1164/1/1164 574/1/574
f 1165/1/1165 584/1/584 219/1/219 867/1/867
f 209/1/209 564/1/564 1165/1/1165 866/1/866
f 293/1/293 870/1/870 1169/1/1169 871/1/871
f 1181/1/1181 883/1/883 296/1/296 882/1/882
f 1166/1/1166 868/1/868 293/1/293 871/1/871
f 1168/1/1168 870/1/870 293/1/293 869/1/869
f 76/1/76 570/1/570 1168/1/1168 584/1/584
f 1176/1/1176 878/1/878 295/1/295 877/1/877
f 1174/1/1174 588/1/588 74/1/74 571/1/571
f 212/1/212 571/1/571 1169/1/1169 870/1/870
f 295/1/295 878/1/878 1177/1/1177 879/1/879
f 1169/1/1169 571/1/571 74/1/74 583/1/583
f 295/1/295 876/1/876 1175/1/1175 877/1/877
f 1170/1/1170 872/1/872 294/1/294 875/1/875
f 220/1/220 587/1/587 1170/1/1170 875/1/875
f 1171/1/1171 588/1/588 221/1/221 873/1/873
f 875/1/875 1173/1/1173 586/1/586 220/1/220
f 221/1/221 589/1/589 1172/1/1172 873/1/873
f 1003/1/1003 709/1/709 254/1/254 708/1/708
f 1174/1/1174 876/1/876 295/1/295 879/1/879
f 223/1/223 592/1/592 1182/1/1182 887/1/887
f 1175/1/1175 590/1/590 222/1/222 877/1/877
f 243/1/243 663/1/663 959/1/959 664/1/664
f 120/1/120 380/1/380 958/1/958 666/1/666
f 823/1/823 1204/1/1204 1197/1/1197 281/1/281
f 887/1/887 1185/1/1185 593/1/593 223/1/223
f 1178/1/1178 880/1/880 296/1/296 883/1/883
f 224/1/224 594/1/594 1186/1/1186 891/1/891
f 1180/1/1180 882/1/882 296/1/296 881/1/881
f 1179/1/1179 592/1/592 223/1/223 881/1/881
f 286/1/286 840/1/840 1139/1/1139 841/1/841
f 285/1/285 836/1/836 1135/1/1135 837/1/837
f 891/1/891 1189/1/1189 595/1/595 224/1/224
f 1182/1/1182 884/1/884 297/1/297 887/1/887
f 1236/1/1236 1235/1/1235 1101/1/1101 806/1/806
f 1230/1/1230 1244/1/1244 809/1/809 1108/1/1108
f 225/1/225 596/1/596 1190/1/1190 895/1/895
f 1242/1/1242 1231/1/1231 808/1/808 1106/1/1106
f 1184/1/1184 886/1/886 297/1/297 885/1/885
f 537/1/537 58/1/58 513/1/513 1109/1/1109
f 1183/1/1183 594/1/594 224/1/224 885/1/885
f 1090/1/1090 796/1/796 275/1/275 795/1/795
f 177/1/177 495/1/495 1049/1/1049 758/1/758
f 275/1/275 793/1/793 1088/1/1088 794/1/794
f 1209/1/1209 1217/1/1217 681/1/681 87/1/87
f 895/1/895 1193/1/1193 597/1/597 225/1/225
f 1081/1/1081 485/1/485 51/1/51 457/1/457
f 1186/1/1186 888/1/888 298/1/298 891/1/891
f 143/1/143 426/1/426 1095/1/1095 804/1/804
f 1188/1/1188 890/1/890 298/1/298 889/1/889
f 1187/1/1187 596/1/596 225/1/225 889/1/889
f 141/1/141 423/1/423 996/1/996 705/1/705
f 225/1/225 597/1/597 1188/1/1188 889/1/889
f 110/1/110 360/1/360 954/1/954 662/1/662
f 333/1/333 96/1/96 836/1/836 1134/1/1134
f 975/1/975 309/1/309 2/1/2 316/1/316
f 1113/1/1113 813/1/813 106/1/106 352/1/352
f 856/1/856 201/1/201 548/1/548 1155/1/1155
f 1135/1/1135 551/1/551 202/1/202 837/1/837
f 1190/1/1190 892/1/892 299/1/299 895/1/895
f 1192/1/1192 894/1/894 299/1/299 893/1/893
f 316/1/316 87/1/87 681/1/681 975/1/975
f 203/1/203 552/1/552 1142/1/1142 847/1/847
f 281/1/281 821/1/821 1120/1/1120 822/1/822
f 713/1/713 1007/1/1007 355/1/355 107/1/107
f 1188/1/1188 309/1/309 82/1/82 890/1/890
f 1198/1/1198 1196/1/1196 88/1/88 604/1/604
f 899/1/899 603/1/603 227/1/227 602/1/602
f 1215/1/1215 1206/1/1206 226/1/226 600/1/600
f 1181/1/1181 304/1/304 6/1/6 591/1/591
f 386/1/386 123/1/123 706/1/706 1000/1/1000
f 1185/1/1185 886/1/886 81/1/81 306/1/306
f 896/1/896 599/1/599 226/1/226 598/1/598
f 280/1/280 818/1/818 1118/1/1118 819/1/819
f 1189/1/1189 890/1/890 82/1/82 308/1/308
f 302/1/302 79/1/79 894/1/894 1192/1/1192
f 603/1/603 1208/1/1208 1203/1/1203 227/1/227
f 343/1/343 101/1/101 635/1/635 930/1/930
f 1145/1/1145 553/1/553 203/1/203 847/1/847
f 1180/1/1180 305/1/305 80/1/80 882/1/882
f 238/1/238 643/1/643 939/1/939 644/1/644
f 347/1/347 103/1/103 651/1/651 946/1/946
f 232/1/232 619/1/619 915/1/915 620/1/620
f 961/1/961 381/1/381 120/1/120 666/1/666
f 529/1/529 194/1/194 797/1/797 1091/1/1091
f 1238/1/1238 1236/1/1236 806/1/806 1102/1/1102
f 388/1/388 30/1/30 429/1/429 1009/1/1009
f 1086/1/1086 525/1/525 49/1/49 487/1/487
f 245/1/245 671/1/671 967/1/967 672/1/672
f 1059/1/1059 489/1/489 50/1/50 455/1/455
f 1067/1/1067 773/1/773 270/1/270 772/1/772
f 1102/1/1102 806/1/806 187/1/187 515/1/515
f 1099/1/1099 520/1/520 190/1/190 805/1/805
f 1103/1/1103 518/1/518 189/1/189 807/1/807
f 1106/1/1106 517/1/517 61/1/61 533/1/533
f 269/1/269 767/1/767 1062/1/1062 768/1/768
f 1155/1/1155 548/1/548 68/1/68 582/1/582
f 1175/1/1175 570/1/570 76/1/76 590/1/590
f 1086/1/1086 792/1/792 274/1/274 791/1/791
f 1123/1/1123 825/1/825 282/1/282 824/1/824
f 1135/1/1135 836/1/836 96/1/96 332/1/332
f 957/1/957 391/1/391 25/1/25 361/1/361
f 287/1/287 844/1/844 1143/1/1143 845/1/845
f 372/1/372 116/1/116 631/1/631 926/1/926
f 933/1/933 367/1/367 21/1/21 336/1/336
f 984/1/984 402/1/402 21/1/21 367/1/367
f 131/1/131 402/1/402 984/1/984 693/1/693
f 453/1/453 156/1/156 698/1/698 992/1/992
f 495/1/495 1046/1/1046 469/1/469 47/1/47
f 706/1/706 123/1/123 387/1/387 1001/1/1001
f 277/1/277 801/1/801 1096/1/1096 802/1/802
f 1000/1/1000 709/1/709 121/1/121 382/1/382
f 1062/1/1062 523/1/523 191/1/191 768/1/768
f 265/1/265 751/1/751 1046/1/1046 752/1/752
f 257/1/257 719/1/719 1014/1/1014 720/1/720
f 274/1/274 790/1/790 1085/1/1085 791/1/791
f 1243/1/1243 1224/1/1224 805/1/805 1100/1/1100
f 207/1/207 560/1/560 1134/1/1134 839/1/839
f 572/1/572 74/1/74 588/1/588 1171/1/1171
f 292/1/292 864/1/864 1163/1/1163 865/1/865
f 222/1/222 590/1/590 1178/1/1178 883/1/883
f 294/1/294 872/1/872 1171/1/1171 873/1/873
f 296/1/296 880/1/880 1179/1/1179 881/1/881
f 297/1/297 884/1/884 1183/1/1183 885/1/885
f 298/1/298 888/1/888 1187/1/1187 889/1/889
f 299/1/299 892/1/892 1191/1/1191 893/1/893
f 1188/1/1188 597/1/597 2/1/2 309/1/309
f 227/1/227 1203/1/1203 1202/1/1202 601/1/601
f 821/1/821 1214/1/1214 1212/1/1212 85/1/85
f 1216/1/1216 1211/1/1211 86/1/86 598/1/598
f 20/1/20 363/1/363 977/1/977 365/1/365
f 108/1/108 356/1/356 940/1/940 644/1/644
f 924/1/924 629/1/629 234/1/234 628/1/628
f 373/1/373 22/1/22 401/1/401 927/1/927
f 360/1/360 19/1/19 369/1/369 954/1/954
f 250/1/250 690/1/690 985/1/985 691/1/691
f 122/1/122 385/1/385 1097/1/1097 802/1/802
f 717/1/717 1011/1/1011 425/1/425 142/1/142
f 249/1/249 688/1/688 983/1/983 689/1/689
f 998/1/998 704/1/704 253/1/253 703/1/703
f 408/1/408 35/1/35 410/1/410 988/1/988
f 382/1/382 29/1/29 386/1/386 1000/1/1000
f 385/1/385 31/1/31 416/1/416 1097/1/1097
f 475/1/475 42/1/42 442/1/442 1029/1/1029
f 766/1/766 1060/1/1060 465/1/465 162/1/162
f 762/1/762 1056/1/1056 431/1/431 145/1/145
f 464/1/464 43/1/43 499/1/499 1057/1/1057
f 763/1/763 179/1/179 498/1/498 1058/1/1058
f 1051/1/1051 757/1/757 266/1/266 756/1/756
f 1072/1/1072 491/1/491 175/1/175 778/1/778
f 1101/1/1101 514/1/514 187/1/187 806/1/806
f 265/1/265 753/1/753 1048/1/1048 754/1/754
f 1240/1/1240 1237/1/1237 812/1/812 195/1/195
f 278/1/278 811/1/811 1111/1/1111 812/1/812
f 291/1/291 862/1/862 1161/1/1161 863/1/863
f 191/1/191 522/1/522 1063/1/1063 768/1/768
f 63/1/63 516/1/516 1105/1/1105 534/1/534
f 1015/1/1015 721/1/721 257/1/257 720/1/720
f 859/1/859 1157/1/1157 581/1/581 217/1/217
f 1149/1/1149 851/1/851 288/1/288 850/1/850
f 871/1/871 1169/1/1169 583/1/583 218/1/218
f 883/1/883 1181/1/1181 591/1/591 222/1/222
f 879/1/879 1177/1/1177 589/1/589 221/1/221
f 1183/1/1183 567/1/567 71/1/71 594/1/594
f 1199/1/1199 1198/1/1198 604/1/604 228/1/228
f 798/1/798 1241/1/1241 1240/1/1240 195/1/195
f 1228/1/1228 1222/1/1222 276/1/276 800/1/800 1094/1/1094
f 1244/1/1244 1229/1/1229 1107/1/1107 809/1/809
f 1303/2/1303 1273/3/1273 1337/4/1273 1367/5/1303
f 1290/6/1290 1270/7/1270 1334/8/1270 1354/9/1290
f 1254/10/1254 1303/2/1303 1367/5/1303 1318/11/1254
f 1269/12/1269 1290/6/1290 1354/9/1290 1333/13/1269
f 1304/14/1304 1255/15/1255 1319/16/1255 1368/17/1304
f 1291/18/1291 1272/19/1272 1336/20/1272 1355/21/1291
f 1274/22/1274 1304/14/1304 1368/17/1304 1338/23/1274
f 1271/24/1271 1291/18/1291 1355/21/1291 1335/25/1271
f 1305/26/1305 1275/27/1275 1339/28/1275 1369/29/1305
f 1292/30/1292 1274/22/1274 1338/23/1274 1356/31/1292
f 1257/32/1257 1305/26/1305 1369/29/1305 1321/33/1257
f 1273/3/1273 1292/30/1292 1356/31/1292 1337/4/1273
f 1306/34/1306 1258/35/1258 1322/36/1258 1370/37/1306
f 1293/38/1293 1277/39/1277 1341/40/1277 1357/41/1293
f 1275/27/1275 1306/34/1306 1370/37/1306 1339/28/1275
f 1276/42/1276 1293/38/1293 1357/41/1293 1340/43/1276
f 1307/44/1307 1276/42/1276 1340/43/1276 1371/45/1307
f 1294/46/1294 1280/47/1280 1344/48/1280 1358/49/1294
f 1259/50/1259 1307/44/1307 1371/45/1307 1323/51/1259
f 1279/52/1279 1294/46/1294 1358/49/1294 1343/53/1279
f 1308/54/1308 1260/55/1260 1324/56/1260 1372/57/1308
f 1295/58/1295 1266/59/1266 1386/60/1266 1436/61/1328 1397/62/1295
f 1282/63/1282 1252/64/1252 1316/65/1252 1346/66/1282
f 1277/39/1277 1308/54/1308 1372/57/1308 1341/40/1277
f 1281/67/1281 1295/58/1295 1397/62/1295 1431/68/1326 1428/69/1326 1393/70/1281
f 1251/71/1251 1282/63/1282 1346/66/1282 1315/72/1251
f 1309/73/1309 1278/74/1278 1342/75/1278 1373/76/1309
f 1296/77/1296 1250/78/1250 1314/79/1250 1360/80/1296
f 1283/81/1283 1256/82/1256 1320/83/1256 1347/84/1283
f 1260/55/1260 1309/73/1309 1373/76/1309 1324/56/1260
f 1265/85/1265 1296/77/1296 1360/80/1296 1329/86/1265 1382/87/1315 1423/88/1325 1424/89/1325 1425/90/1325 1426/91/1325 1427/92/1325 1383/93/1316 1384/94/1265 1417/95/1324 1418/96/1324 1419/97/1324 1420/98/1324 1421/99/1324 1422/100/1324 1385/101/1265
f 1255/15/1255 1283/81/1283 1347/84/1283 1319/16/1255
f 1310/102/1310 1261/103/1261 1325/104/1261 1374/105/1310
f 1297/106/1297 1267/107/1267 1331/108/1267 1361/109/1297
f 1284/110/1284 1257/32/1257 1321/33/1257 1348/111/1284
f 1278/74/1278 1310/102/1310 1374/105/1310 1342/75/1278
f 1250/78/1250 1297/106/1297 1361/109/1297 1314/79/1250
f 1256/82/1256 1284/110/1284 1348/111/1284 1320/83/1256
f 1311/112/1311 1279/52/1279 1343/53/1279 1375/113/1311
f 1298/114/1298 1251/71/1251 1315/72/1251 1362/115/1298
f 1285/116/1285 1259/50/1259 1323/51/1259 1349/117/1285
f 1262/118/1262 1311/112/1311 1375/113/1311 1326/119/1262
f 1267/107/1267 1298/114/1298 1362/115/1298 1331/108/1267
f 1258/35/1258 1285/116/1285 1349/117/1285 1322/36/1258
f 1312/120/1312 1263/121/1263 1327/122/1263 1376/123/1312
f 1299/124/1299 1268/125/1268 1332/126/1268 1363/127/1299
f 1286/128/1286 1262/118/1262 1326/119/1262 1350/129/1286
f 1280/47/1280 1312/120/1312 1376/123/1312 1344/48/1280
f 1252/64/1252 1299/124/1299 1363/127/1299 1316/65/1252
f 1261/103/1261 1286/128/1286 1350/129/1286 1325/104/1261
f 1313/130/1313 1281/67/1281 1393/70/1281 1398/131/1320 1399/132/1320 1400/133/1320 1401/134/1320 1402/135/1320 1403/136/1320 1392/137/1281 1391/138/1318 1404/139/1321 1405/140/1321 1406/141/1321 1407/142/1321 1408/143/1321 1390/144/1317 1345/145/1281 1377/146/1313
f 1300/147/1300 1253/148/1253 1317/149/1253 1364/150/1300
f 1287/151/1287 1264/152/1264 1328/153/1264 1351/154/1287
f 1264/152/1264 1313/130/1313 1377/146/1313 1328/153/1264
f 1270/7/1270 1300/147/1300 1364/150/1300 1334/8/1270
f 1263/121/1263 1287/151/1287 1351/154/1287 1327/122/1263
f 1301/155/1301 1271/24/1271 1335/25/1271 1365/156/1301
f 1288/157/1288 1265/85/1265 1385/101/1265 1411/158/1322 1412/159/1322 1381/160/1288
f 1253/148/1253 1301/155/1301 1365/156/1301 1317/149/1253
f 1266/161/1266 1288/157/1288 1381/160/1288 1440/162/1329 1386/163/1266
f 1302/164/1302 1254/10/1254 1318/11/1254 1366/165/1302
f 1289/166/1289 1269/12/1269 1333/13/1269 1353/167/1289
f 1272/19/1272 1302/164/1302 1366/165/1302 1336/20/1272
f 1268/125/1268 1289/166/1289 1353/167/1289 1332/126/1268
f 1380/168/1288 1409/169/1322 1410/170/1322 1384/94/1265 1383/93/1316 1416/171/1323 1379/172/1314
f 1378/173/1288 1413/174/1322 1414/175/1322 1415/176/1322 1382/87/1315 1329/86/1265 1352/177/1288
f 1391/138/1318 1432/178/1326 1395/179/1295 1500/180/1386 1513/181/1399
f 1392/137/1281 1403/136/1320 1402/135/1320 1401/134/1320 1400/133/1320 1399/132/1320 1398/131/1320 1393/70/1281 1448/182/1334 1453/183/1339 1455/184/1341 1457/185/1343 1478/186/1364 1488/187/1374
f 1392/137/1281 1429/188/1326 1430/189/1326 1396/190/1295 1395/179/1295 1432/178/1326 1391/138/1318
f 1390/144/1317 1433/191/1327 1434/192/1327 1435/193/1327 1394/194/1319 1359/195/1295 1345/145/1281
f 1396/190/1295 1387/196/1266 1388/197/1266 1439/198/1328 1395/179/1295
f 1394/194/1319 1437/199/1328 1438/200/1328 1389/201/1266 1330/202/1266 1359/195/1295
f 1444/203/1330 1482/204/1368 1491/205/1377 1384/94/1265 1410/170/1322 1409/169/1322 1380/168/1288
f 1387/206/1266 1380/168/1288 1379/172/1314 1443/207/1329 1388/208/1266
f 1542/209/1428 1382/87/1315 1415/176/1322 1414/175/1322 1413/174/1322 1378/173/1288 1492/210/1378 1503/211/1389 1505/212/1391
f 1389/213/1266 1441/214/1329 1442/215/1329 1378/173/1288 1352/177/1288 1330/216/1266
f 1488/187/1374 1468/217/1354 1486/218/1372 1396/190/1295 1430/189/1326 1429/188/1326 1392/137/1281
f 1486/218/1372 1471/219/1357 1387/196/1266 1396/190/1295
f 1386/163/1266 1440/162/1329 1381/160/1288 1447/220/1333 1466/221/1352 1480/222/1366
f 1381/160/1288 1412/159/1322 1411/158/1322 1385/101/1265 1477/223/1363 1458/224/1344 1447/225/1333
f 1397/62/1295 1436/61/1328 1386/60/1266 1480/226/1366 1484/227/1370 1450/228/1336
f 1395/179/1295 1439/198/1328 1388/197/1266 1536/229/1422 1538/230/1424 1500/180/1386
f 1388/208/1266 1443/207/1329 1379/172/1314 1494/231/1380 1531/232/1417 1536/233/1422
f 1393/70/1281 1428/69/1326 1431/68/1326 1397/62/1295 1450/228/1336 1464/234/1350 1448/182/1334
f 1534/235/1420 1383/93/1316 1427/92/1325 1426/91/1325 1425/90/1325 1424/89/1325 1423/88/1325 1382/87/1315 1542/209/1428 1507/236/1393 1548/237/1434 1550/238/1436 1508/239/1394 1511/240/1397
f 1498/241/1384 1525/242/1411 1520/243/1406 1523/244/1409 1497/245/1383 1389/201/1266 1438/200/1328 1437/199/1328 1394/194/1319
f 1385/101/1265 1422/100/1324 1421/99/1324 1420/98/1324 1419/97/1324 1418/96/1324 1417/95/1324 1384/94/1265 1491/205/1377 1474/246/1360 1460/247/1346 1463/248/1349 1472/249/1358 1477/250/1363
f 1449/251/1335 1452/252/1338 1453/183/1339 1448/182/1334
f 1452/253/1338 1454/254/1340 1455/184/1341 1453/183/1339
f 1454/255/1340 1456/256/1342 1457/185/1343 1455/184/1341
f 1459/257/1345 1446/258/1332 1447/225/1333 1458/224/1344
f 1461/259/1347 1462/260/1348 1463/248/1349 1460/247/1346
f 1465/261/1351 1449/262/1335 1448/182/1334 1464/234/1350
f 1451/263/1337 1465/264/1351 1464/234/1350 1450/228/1336
f 1468/217/1354 1488/187/1374 1489/265/1375 1469/266/1355
f 1481/267/1367 1485/268/1371 1484/227/1370 1480/226/1366
f 1473/269/1359 1476/270/1362 1477/250/1363 1472/249/1358
f 1491/205/1377 1482/204/1368 1483/271/1369 1490/272/1376
f 1471/219/1357 1486/218/1372 1487/273/1373 1470/274/1356
f 1467/275/1353 1481/276/1367 1480/222/1366 1466/221/1352
f 1488/187/1374 1478/186/1364 1479/277/1365 1489/278/1375
f 1486/218/1372 1468/217/1354 1469/279/1355 1487/280/1373
f 1474/246/1360 1491/205/1377 1490/281/1376 1475/282/1361
f 1456/283/1342 1479/284/1365 1478/186/1364 1457/185/1343
f 1445/285/1331 1483/286/1369 1482/204/1368 1444/203/1330
f 1476/287/1362 1459/288/1345 1458/224/1344 1477/223/1363
f 1475/289/1361 1461/290/1347 1460/247/1346 1474/246/1360
f 1462/291/1348 1473/292/1359 1472/249/1358 1463/248/1349
f 1485/293/1371 1451/294/1337 1450/228/1336 1484/227/1370
f 1470/295/1356 1445/296/1331 1444/203/1330 1471/297/1357
f 1446/298/1332 1467/299/1353 1466/221/1352 1447/220/1333
f 1471/297/1357 1444/203/1330 1380/168/1288 1387/206/1266
f 1493/300/1379 1502/301/1388 1503/211/1389 1492/210/1378
f 1502/302/1388 1504/303/1390 1505/212/1391 1503/211/1389
f 1509/304/1395 1510/305/1396 1511/240/1397 1508/239/1394
f 1501/306/1387 1512/307/1398 1513/181/1399 1500/180/1386
f 1521/308/1407 1522/309/1408 1523/244/1409 1520/243/1406
f 1522/310/1408 1496/311/1382 1497/245/1383 1523/244/1409
f 1499/312/1385 1524/313/1410 1525/242/1411 1498/241/1384
f 1524/314/1410 1521/315/1407 1520/243/1406 1525/242/1411
f 1496/316/1382 1526/317/1412 1527/318/1413 1497/319/1383
f 1526/320/1412 1528/321/1414 1529/322/1415 1527/318/1413
f 1495/323/1381 1530/324/1416 1531/232/1417 1494/231/1380
f 1537/325/1423 1539/326/1425 1538/230/1424 1536/229/1422
f 1550/238/1436 1548/237/1434 1549/327/1435 1551/328/1437
f 1554/329/1440 1546/330/1432 1547/331/1433 1555/332/1441
f 1504/333/1390 1543/334/1429 1542/209/1428 1505/212/1391
f 1543/335/1429 1506/336/1392 1507/236/1393 1542/209/1428
f 1506/337/1392 1549/338/1435 1548/237/1434 1507/236/1393
f 1551/339/1437 1509/340/1395 1508/239/1394 1550/238/1436
f 1510/341/1396 1535/342/1421 1534/235/1420 1511/240/1397
f 1535/343/1421 1495/344/1381 1494/231/1380 1534/235/1420
f 1512/345/1398 1553/346/1439 1552/347/1438 1513/181/1399
f 1553/348/1439 1514/349/1400 1515/350/1401 1552/347/1438
f 1514/351/1400 1545/352/1431 1544/353/1430 1515/350/1401
f 1545/354/1431 1516/355/1402 1517/356/1403 1544/353/1430
f 1516/357/1402 1547/358/1433 1546/330/1432 1517/356/1403
f 1555/359/1441 1518/360/1404 1519/361/1405 1554/329/1440
f 1518/362/1404 1541/363/1427 1540/364/1426 1519/361/1405
f 1541/365/1427 1499/312/1385 1498/241/1384 1540/364/1426
f 1539/366/1425 1501/367/1387 1500/180/1386 1538/230/1424
f 1528/368/1414 1533/369/1419 1532/370/1418 1529/322/1415
f 1533/371/1419 1493/300/1379 1492/210/1378 1532/370/1418
f 1530/372/1416 1537/373/1423 1536/233/1422 1531/232/1417
f 1497/319/1383 1527/318/1413 1529/322/1415 1532/370/1418 1492/210/1378 1378/173/1288 1442/215/1329 1441/214/1329 1389/213/1266
f 1701/374/1587 2827/375/2713 4468/375/4322 3442/374/3328
f 2827/375/2713 1806/376/1692 3441/376/3327 4468/375/4322
f 4468/375/4322 3441/376/3327 1974/376/1860 3405/375/3291
f 3442/374/3328 4468/375/4322 3405/375/3291 1812/374/1698
f 1588/377/1474 3025/378/2911 4469/378/4323 3413/377/3299
f 3025/378/2911 1693/379/1579 3414/379/3300 4469/378/4323
f 4469/378/4323 3414/379/3300 1896/379/1782 2906/378/2792
f 3413/377/3299 4469/378/4323 2906/378/2792 1904/377/1790
f 1707/380/1593 3038/381/2924 4470/381/4324 3412/380/3298
f 3038/381/2924 1588/377/1474 3413/377/3299 4470/381/4324
f 4470/381/4324 3413/377/3299 1904/377/1790 3194/381/3080
f 3412/380/3298 4470/381/4324 3194/381/3080 1980/380/1866
f 2385/382/2271 4100/383/3986 4471/384/4325 4210/382/4096
f 4100/383/3986 2389/385/2275 4188/385/4074 4471/384/4325
f 4471/384/4325 4188/385/4074 2064/385/1950 3521/383/3407
f 4210/382/4096 4471/384/4325 3521/383/3407 2060/382/1946
f 1596/386/1482 3045/387/2931 4472/387/4326 3415/386/3301
f 3045/387/2931 1707/380/1593 3412/380/3298 4472/387/4326
f 4472/387/4326 3412/380/3298 1980/380/1866 2976/387/2862
f 3415/386/3301 4472/387/4326 2976/387/2862 1988/386/1874
f 1715/388/1601 3052/389/2938 4473/389/4327 3417/388/3303
f 3052/389/2938 1602/390/1488 3416/390/3302 4473/389/4327
f 4473/389/4327 3416/390/3302 1911/390/1797 3215/389/3101
f 3417/388/3303 4473/389/4327 3215/389/3101 1995/388/1881
f 1728/391/1614 2738/392/2624 4474/392/4328 3420/391/3306
f 2738/392/2624 1721/393/1607 3443/393/3329 4474/392/4328
f 4474/392/4328 3443/393/3329 1819/393/1705 2829/392/2715
f 3420/391/3306 4474/392/4328 2829/392/2715 1827/391/1713
f 1742/394/1628 2757/395/2643 4475/395/4329 3423/394/3309
f 2757/395/2643 1736/396/1622 3418/396/3304 4475/395/4329
f 4475/395/4329 3418/396/3304 1841/396/1727 2874/395/2760
f 3423/394/3309 4475/395/4329 2874/395/2760 1848/394/1734
f 1609/397/1495 3065/398/2951 4476/399/4330 3419/397/3305
f 3065/398/2951 1728/391/1614 3420/391/3306 4476/399/4330
f 4476/399/4330 3420/391/3306 1827/391/1713 2848/398/2734
f 3419/397/3305 4476/399/4330 2848/398/2734 1834/397/1720
f 1736/396/1622 3072/400/2958 4477/400/4331 3418/396/3304
f 3072/400/2958 1609/397/1495 3419/397/3305 4477/400/4331
f 4477/400/4331 3419/397/3305 1834/397/1720 2861/400/2747
f 3418/396/3304 4477/400/4331 2861/400/2747 1841/396/1727
f 1756/401/1642 2776/402/2662 4478/402/4332 3425/401/3311
f 2776/402/2662 1750/403/1636 3421/403/3307 4478/402/4332
f 4478/402/4332 3421/403/3307 1925/403/1811 2944/402/2830
f 3425/401/3311 4478/402/4332 2944/402/2830 1932/401/1818
f 1616/404/1502 3085/405/2971 4479/405/4333 3422/404/3308
f 3085/405/2971 1742/394/1628 3423/394/3309 4479/405/4333
f 4479/405/4333 3423/394/3309 1848/394/1734 3234/405/3120
f 3422/404/3308 4479/405/4333 3234/405/3120 1917/404/1803
f 1750/403/1636 3092/406/2978 4480/406/4334 3421/403/3307
f 3092/406/2978 1616/404/1502 3422/404/3308 4480/406/4334
f 4480/406/4334 3422/404/3308 1917/404/1803 2925/406/2811
f 3421/403/3307 4480/406/4334 2925/406/2811 1925/403/1811
f 1777/407/1663 2795/408/2681 4481/409/4335 3434/407/3320
f 2795/408/2681 1771/410/1657 3431/410/3317 4481/409/4335
f 4481/409/4335 3431/410/3317 1868/410/1754 2887/408/2773
f 3434/407/3320 4481/409/4335 2887/408/2773 1876/407/1762
f 2409/411/2295 4171/412/4057 4482/412/4336 4193/411/4079
f 4171/412/4057 2324/413/2210 4195/413/4081 4482/412/4336
f 4482/412/4336 4195/413/4081 2104/413/1990 3591/412/3477
f 4193/411/4079 4482/412/4336 3591/412/3477 2100/411/1986
f 1624/414/1510 3099/415/2985 4483/415/4337 3424/414/3310
f 3099/415/2985 1756/401/1642 3425/401/3311 4483/415/4337
f 4483/415/4337 3425/401/3311 1932/401/1818 3242/415/3128
f 3424/414/3310 4483/415/4337 3242/415/3128 1855/414/1741
f 1637/416/1523 2630/417/2516 4484/417/4338 3427/416/3313
f 2630/417/2516 1630/418/1516 3426/418/3312 4484/417/4338
f 4484/417/4338 3426/418/3312 2002/418/1888 3267/417/3153
f 3427/416/3313 4484/417/4338 3267/417/3153 1938/416/1824
f 1763/419/1649 3112/420/2998 4485/420/4339 3428/419/3314
f 3112/420/2998 1637/416/1523 3427/416/3313 4485/420/4339
f 4485/420/4339 3427/416/3313 1938/416/1824 2957/420/2843
f 3428/419/3314 4485/420/4339 2957/420/2843 1946/419/1832
f 2341/421/2227 4027/422/3913 4486/423/4340 4199/421/4085
f 4027/422/3913 2345/424/2231 4200/424/4086 4486/423/4340
f 4486/423/4340 4200/424/4086 2124/424/2010 3626/422/3512
f 4199/421/4085 4486/423/4340 3626/422/3512 2120/421/2006
f 1645/425/1531 3119/426/3005 4487/426/4341 3429/425/3315
f 3119/426/3005 1763/419/1649 3428/419/3314 4487/426/4341
f 4487/426/4341 3428/419/3314 1946/419/1832 3275/426/3161
f 3429/425/3315 4487/426/4341 3275/426/3161 1862/425/1748
f 1771/410/1657 3126/427/3012 4488/427/4342 3431/410/3317
f 3126/427/3012 1651/428/1537 3430/428/3316 4488/427/4342
f 4488/427/4342 3430/428/3316 1953/428/1839 3300/427/3186
f 3431/410/3317 4488/427/4342 3300/427/3186 1868/410/1754
f 1798/429/1684 2814/430/2700 4489/430/4343 3439/429/3325
f 2814/430/2700 1792/431/1678 3437/431/3323 4489/430/4343
f 4489/430/4343 3437/431/3323 2023/431/1909 3354/430/3240
f 3439/429/3325 4489/430/4343 3354/430/3240 1890/429/1776
f 1658/432/1544 3139/433/3025 4490/433/4344 3433/432/3319
f 3139/433/3025 1777/407/1663 3434/407/3320 4490/433/4344
f 4490/433/4344 3434/407/3320 1876/407/1762 3307/433/3193
f 3433/432/3319 4490/433/4344 3307/433/3193 2008/432/1894
f 1784/434/1670 3152/435/3038 4491/435/4345 3432/434/3318
f 3152/435/3038 1658/432/1544 3433/432/3319 4491/435/4345
f 4491/435/4345 3433/432/3319 2008/432/1894 2995/435/2881
f 3432/434/3318 4491/435/4345 2995/435/2881 2016/434/1902
f 1666/436/1552 3159/437/3045 4492/437/4346 3435/436/3321
f 3159/437/3045 1784/434/1670 3432/434/3318 4492/437/4346
f 4492/437/4346 3432/434/3318 2016/434/1902 3315/437/3201
f 3435/436/3321 4492/437/4346 3315/437/3201 1960/436/1846
f 1792/431/1678 3166/438/3052 4493/438/4347 3437/431/3323
f 3166/438/3052 1672/439/1558 3436/440/3322 4493/438/4347
f 4493/438/4347 3436/440/3322 1883/439/1769 3341/438/3227
f 3437/431/3323 4493/438/4347 3341/438/3227 2023/431/1909
f 1897/441/1783 3193/442/3079 4494/443/4348 3444/379/3330
f 3193/442/3079 1813/444/1699 3445/445/3331 4494/443/4348
f 4494/443/4348 3445/445/3331 1559/444/1445 2559/443/2445
f 3444/379/3330 4494/443/4348 2559/443/2445 1579/379/1465
f 1680/446/1566 3173/447/3059 4495/447/4349 3438/446/3324
f 3173/447/3059 1798/429/1684 3439/429/3325 4495/447/4349
f 4495/447/4349 3439/429/3325 1890/429/1776 3367/447/3253
f 3438/446/3324 4495/447/4349 3367/447/3253 1967/446/1853
f 1806/376/1692 3180/448/3066 4496/448/4350 3441/376/3327
f 3180/448/3066 1686/449/1572 3440/449/3326 4496/448/4350
f 4496/448/4350 3440/449/3326 2030/449/1916 3393/448/3279
f 3441/376/3327 4496/448/4350 3393/448/3279 1974/376/1860
f 1721/393/1607 2725/450/2611 4497/451/4351 3443/393/3329
f 2725/450/2611 1715/388/1601 3417/388/3303 4497/451/4351
f 4497/451/4351 3417/388/3303 1995/388/1881 3227/450/3113
f 3443/393/3329 4497/451/4351 3227/450/3113 1819/393/1705
f 2361/452/2247 4062/453/3948 4498/453/4352 4204/454/4090
f 4062/453/3948 2365/455/2251 4205/455/4091 4498/453/4352
f 4498/453/4352 4205/455/4091 2144/455/2030 3661/453/3547
f 4204/454/4090 4498/453/4352 3661/453/3547 2140/452/2026
f 2349/456/2235 4041/457/3927 4499/457/4353 4201/456/4087
f 4041/457/3927 2353/458/2239 4202/458/4088 4499/457/4353
f 4499/457/4353 4202/458/4088 2132/458/2018 3640/457/3526
f 4201/456/4087 4499/457/4353 3640/457/3526 2128/456/2014
f 2317/459/2203 4153/460/4039 4500/460/4354 4190/459/4076
f 4153/460/4039 2396/461/2282 4191/461/4077 4500/460/4354
f 4500/460/4354 4191/461/4077 2084/461/1970 3556/460/3442
f 4190/459/4076 4500/460/4354 3556/460/3442 2080/459/1966
f 1672/439/1558 2668/462/2554 4501/462/4355 3436/440/3322
f 2668/462/2554 1666/436/1552 3435/436/3321 4501/462/4355
f 4501/462/4355 3435/436/3321 1960/436/1846 3328/462/3214
f 3436/440/3322 4501/462/4355 3328/462/3214 1883/439/1769
f 2324/413/2210 3999/463/3885 4502/463/4356 4195/413/4081
f 3999/463/3885 2329/464/2215 4196/464/4082 4502/463/4356
f 4502/463/4356 4196/464/4082 2108/464/1994 3598/463/3484
f 4195/413/4081 4502/463/4356 3598/463/3484 2104/413/1990
f 2357/465/2243 4055/466/3941 4503/466/4357 4203/465/4089
f 4055/466/3941 2361/452/2247 4204/454/4090 4503/466/4357
f 4503/466/4357 4204/454/4090 2140/452/2026 3654/466/3540
f 4203/465/4089 4503/466/4357 3654/466/3540 2136/465/2022
f 2417/467/2303 4179/468/4065 4504/468/4358 4208/467/4094
f 4179/468/4065 2368/469/2254 4207/469/4093 4504/468/4358
f 4504/468/4358 4207/469/4093 2156/469/2042 3682/468/3568
f 4208/467/4094 4504/468/4358 3682/468/3568 2152/467/2038
f 2412/470/2298 4127/471/4013 4505/471/4359 4206/470/4092
f 4127/471/4013 2417/467/2303 4208/467/4094 4505/471/4359
f 4505/471/4359 4208/467/4094 2152/467/2038 3675/471/3561
f 4206/470/4092 4505/471/4359 3675/471/3561 2148/470/2034
f 2373/472/2259 4076/473/3962 4506/473/4360 4182/472/4068
f 4076/473/3962 2292/474/2178 4180/474/4066 4506/473/4360
f 4506/473/4360 4180/474/4066 2037/474/1923 3696/473/3582
f 4182/472/4068 4506/473/4360 3696/473/3582 2160/472/2046
f 2365/455/2251 4175/475/4061 4507/475/4361 4205/455/4091
f 4175/475/4061 2412/470/2298 4206/470/4092 4507/475/4361
f 4507/475/4361 4206/470/4092 2148/470/2034 3668/475/3554
f 4205/455/4091 4507/475/4361 3668/475/3554 2144/455/2030
f 1630/418/1516 2617/476/2503 4508/476/4362 3426/418/3312
f 2617/476/2503 1624/414/1510 3424/414/3310 4508/476/4362
f 4508/476/4362 3424/414/3310 1855/414/1741 3255/476/3141
f 3426/418/3312 4508/476/4362 3255/476/3141 2002/418/1888
f 2381/477/2267 4093/478/3979 4509/478/4363 4209/477/4095
f 4093/478/3979 2385/382/2271 4210/382/4096 4509/478/4363
f 4509/478/4363 4210/382/4096 2060/382/1946 3514/478/3400
f 4209/477/4095 4509/478/4363 3514/478/3400 2056/477/1942
f 1686/449/1572 2687/479/2573 4510/479/4364 3440/449/3326
f 2687/479/2573 1680/446/1566 3438/446/3324 4510/479/4364
f 4510/479/4364 3438/446/3324 1967/446/1853 3380/479/3266
f 3440/449/3326 4510/479/4364 3380/479/3266 2030/449/1916
f 2321/480/2207 4167/481/4053 4511/481/4365 4192/480/4078
f 4167/481/4053 2409/411/2295 4193/411/4079 4511/481/4365
f 4511/481/4365 4193/411/4079 2100/411/1986 3584/481/3470
f 4192/480/4078 4511/481/4365 3584/481/3470 2096/480/1982
f 2301/482/2187 3979/483/3865 4512/483/4366 4183/484/4069
f 3979/483/3865 2305/485/2191 4184/485/4070 4512/483/4366
f 4512/483/4366 4184/485/4070 2048/485/1934 3493/483/3379
f 4183/484/4069 4512/483/4366 3493/483/3379 2044/482/1930
f 1602/390/1488 2598/486/2484 4513/487/4367 3416/390/3302
f 2598/486/2484 1596/386/1482 3415/386/3301 4513/487/4367
f 4513/487/4367 3415/386/3301 1988/386/1874 3202/486/3088
f 3416/390/3302 4513/487/4367 3202/486/3088 1911/390/1797
f 1693/379/1579 2706/443/2592 4514/443/4368 3414/379/3300
f 2706/443/2592 1701/444/1587 3442/445/3328 4514/443/4368
f 4514/443/4368 3442/445/3328 1812/444/1698 3181/443/3067
f 3414/379/3300 4514/443/4368 3181/443/3067 1896/379/1782
f 2337/488/2223 4020/489/3906 4515/489/4369 4198/488/4084
f 4020/489/3906 2341/421/2227 4199/421/4085 4515/489/4369
f 4515/489/4369 4199/421/4085 2120/421/2006 3619/489/3505
f 4198/488/4084 4515/489/4369 3619/489/3505 2116/488/2002
f 2305/485/2191 4131/490/4017 4516/490/4370 4184/485/4070
f 4131/490/4017 2376/491/2262 4185/491/4071 4516/490/4370
f 4516/490/4370 4185/491/4071 2052/491/1938 3500/490/3386
f 4184/485/4070 4516/490/4370 3500/490/3386 2048/485/1934
f 1651/428/1537 2649/492/2535 4517/492/4371 3430/428/3316
f 2649/492/2535 1645/425/1531 3429/425/3315 4517/492/4371
f 4517/492/4371 3429/425/3315 1862/425/1748 3288/492/3174
f 3430/428/3316 4517/492/4371 3288/492/3174 1953/428/1839
f 2313/493/2199 4142/494/4028 4518/494/4372 4187/493/4073
f 4142/494/4028 2393/495/2279 4189/495/4075 4518/494/4372
f 4518/494/4372 4189/495/4075 2076/495/1962 3542/494/3428
f 4187/493/4073 4518/494/4372 3542/494/3428 2072/493/1958
f 2333/496/2219 4013/497/3899 4519/497/4373 4197/496/4083
f 4013/497/3899 2337/488/2223 4198/488/4084 4519/497/4373
f 4519/497/4373 4198/488/4084 2116/488/2002 3612/497/3498
f 4197/496/4083 4519/497/4373 3612/497/3498 2112/496/1998
f 2396/461/2282 4110/498/3996 4520/498/4374 4191/461/4077
f 4110/498/3996 2401/499/2287 4211/499/4097 4520/498/4374
f 4520/498/4374 4211/499/4097 2088/499/1974 3563/498/3449
f 4191/461/4077 4520/498/4374 3563/498/3449 2084/461/1970
f 2353/458/2239 4048/500/3934 4521/500/4375 4202/458/4088
f 4048/500/3934 2357/465/2243 4203/465/4089 4521/500/4375
f 4521/500/4375 4203/465/4089 2136/465/2022 3647/500/3533
f 4202/458/4088 4521/500/4375 3647/500/3533 2132/458/2018
f 2389/385/2275 4135/501/4021 4522/501/4376 4188/385/4074
f 4135/501/4021 2308/502/2194 4186/502/4072 4522/501/4376
f 4522/501/4376 4186/502/4072 2068/502/1954 3528/501/3414
f 4188/385/4074 4522/501/4376 3528/501/3414 2064/385/1950
f 2345/424/2231 4034/503/3920 4523/503/4377 4200/424/4086
f 4034/503/3920 2349/456/2235 4201/456/4087 4523/503/4377
f 4523/503/4377 4201/456/4087 2128/456/2014 3633/503/3519
f 4200/424/4086 4523/503/4377 3633/503/3519 2124/424/2010
f 2401/499/2287 4117/504/4003 4524/504/4378 4211/499/4097
f 4117/504/4003 2405/505/2291 4194/505/4080 4524/504/4378
f 4524/504/4378 4194/505/4080 2092/505/1978 3570/504/3456
f 4211/499/4097 4524/504/4378 3570/504/3456 2088/499/1974
f 1562/388/1448 2576/389/2462 4525/389/4137 4443/388/2331
f 2576/389/2462 1557/390/1443 4442/390/2327 4525/389/4137
f 4525/389/4137 4442/390/2327 2441/390/2327 4251/389/4137
f 4443/388/2331 4525/389/4137 4251/389/4137 2445/388/2331
f 1582/377/1468 2556/378/2442 4526/378/4109 4438/377/2315
f 2556/378/2442 1579/379/1465 4436/379/2307 4526/378/4109
f 4526/378/4109 4436/379/2307 2421/379/2307 4223/378/4109
f 4438/377/2315 4526/378/4109 4223/378/4109 2429/377/2315
f 1585/506/1471 2553/381/2439 4527/381/4116 4440/380/2319
f 2553/381/2439 1582/377/1468 4438/377/2315 4527/381/4116
f 4527/381/4116 4438/377/2315 2429/377/2315 4230/381/4116
f 4440/380/2319 4527/381/4116 4230/381/4116 2433/380/2319
f 1563/428/1449 2575/492/2461 4528/492/4235 4457/428/2387
f 2575/492/2461 1561/425/1447 4456/425/2383 4528/492/4235
f 4528/492/4235 4456/425/2383 2497/425/2383 4349/492/4235
f 4457/428/2387 4528/492/4235 4349/492/4235 2501/428/2387
f 1564/393/1450 2574/451/2460 4529/451/4144 4444/393/2335
f 2574/451/2460 1562/388/1448 4443/388/2331 4529/451/4144
f 4529/451/4144 4443/388/2331 2445/388/2331 4258/451/4144
f 4444/393/2335 4529/451/4144 4258/451/4144 2449/393/2335
f 1565/410/1451 2573/427/2459 4530/427/4242 4458/410/2391
f 2573/427/2459 1563/428/1449 4457/428/2387 4530/427/4242
f 4530/427/4242 4457/428/2387 2501/428/2387 4356/427/4242
f 4458/410/2391 4530/427/4242 4356/427/4242 2505/410/2391
f 1566/391/1452 2572/392/2458 4531/392/4151 4445/391/2339
f 2572/392/2458 1564/393/1450 4444/393/2335 4531/392/4151
f 4531/392/4151 4444/393/2335 2449/393/2335 4265/392/4151
f 4445/391/2339 4531/392/4151 4265/392/4151 2453/391/2339
f 1567/407/1453 2571/409/2457 4532/409/4249 4459/407/2395
f 2571/409/2457 1565/410/1451 4458/410/2391 4532/409/4249
f 4532/409/4249 4458/410/2391 2505/410/2391 4363/408/4249
f 4459/407/2395 4532/409/4249 4363/408/4249 2509/407/2395
f 1568/397/1454 2570/399/2456 4533/399/4158 4446/397/2343
f 2570/399/2456 1566/391/1452 4445/391/2339 4533/399/4158
f 4533/399/4158 4445/391/2339 2453/391/2339 4272/399/4158
f 4446/397/2343 4533/399/4158 4272/399/4158 2457/397/2343
f 1569/432/1455 2569/433/2455 4534/433/4256 4460/432/2399
f 2569/433/2455 1567/407/1453 4459/407/2395 4534/433/4256
f 4534/433/4256 4459/407/2395 2509/407/2395 4370/433/4256
f 4460/432/2399 4534/433/4256 4370/433/4256 2513/432/2399
f 1570/396/1456 2568/400/2454 4535/400/4165 4447/396/2347
f 2568/400/2454 1568/397/1454 4446/397/2343 4535/400/4165
f 4535/400/4165 4446/397/2343 2457/397/2343 4279/400/4165
f 4447/396/2347 4535/400/4165 4279/400/4165 2461/396/2347
f 1571/434/1457 2567/435/2453 4536/435/4263 4461/434/2403
f 2567/435/2453 1569/432/1455 4460/432/2399 4536/435/4263
f 4536/435/4263 4460/432/2399 2513/432/2399 4377/435/4263
f 4461/434/2403 4536/435/4263 4377/435/4263 2517/434/2403
f 1572/394/1458 2566/395/2452 4537/395/4172 4448/394/2351
f 2566/395/2452 1570/396/1456 4447/396/2347 4537/395/4172
f 4537/395/4172 4447/396/2347 2461/396/2347 4286/395/4172
f 4448/394/2351 4537/395/4172 4286/395/4172 2465/394/2351
f 1573/436/1459 2565/437/2451 4538/437/4270 4462/436/2407
f 2565/437/2451 1571/434/1457 4461/434/2403 4538/437/4270
f 4538/437/4270 4461/434/2403 2517/434/2403 4384/437/4270
f 4462/436/2407 4538/437/4270 4384/437/4270 2521/436/2407
f 1574/404/1460 2564/405/2450 4539/405/4179 4449/404/2355
f 2564/405/2450 1572/394/1458 4448/394/2351 4539/405/4179
f 4539/405/4179 4448/394/2351 2465/394/2351 4293/405/4179
f 4449/404/2355 4539/405/4179 4293/405/4179 2469/404/2355
f 1575/440/1461 2563/462/2449 4540/462/4277 4463/439/2411
f 2563/462/2449 1573/436/1459 4462/436/2407 4540/462/4277
f 4540/462/4277 4462/436/2407 2521/436/2407 4391/462/4277
f 4463/439/2411 4540/462/4277 4391/462/4277 2525/440/2411
f 1576/403/1462 2562/406/2448 4541/406/4186 4450/403/2359
f 2562/406/2448 1574/404/1460 4449/404/2355 4541/406/4186
f 4541/406/4186 4449/404/2355 2469/404/2355 4300/406/4186
f 4450/403/2359 4541/406/4186 4300/406/4186 2473/403/2359
f 1577/431/1463 2561/438/2447 4542/438/4284 4464/431/2415
f 2561/438/2447 1575/440/1461 4463/439/2411 4542/438/4284
f 4542/438/4284 4463/439/2411 2525/440/2411 4398/438/4284
f 4464/431/2415 4542/438/4284 4398/438/4284 2529/431/2415
f 1578/401/1464 2560/402/2446 4543/402/4193 4451/401/2363
f 2560/402/2446 1576/403/1462 4450/403/2359 4543/402/4193
f 4543/402/4193 4450/403/2359 2473/403/2359 4307/402/4193
f 4451/401/2363 4543/402/4193 4307/402/4193 2477/401/2363
f 1580/429/1466 2558/430/2444 4544/430/4291 4465/429/2419
f 2558/430/2444 1577/431/1463 4464/431/2415 4544/430/4291
f 4544/430/4291 4464/431/2415 2529/431/2415 4405/430/4291
f 4465/429/2419 4544/430/4291 4405/430/4291 2533/429/2419
f 1581/507/1467 2557/415/2443 4545/415/4200 4452/414/2367
f 2557/415/2443 1578/401/1464 4451/401/2363 4545/415/4200
f 4545/415/4200 4451/401/2363 2477/401/2363 4314/415/4200
f 4452/414/2367 4545/415/4200 4314/415/4200 2481/507/2367
f 2420/508/2306 4221/509/4107 4546/510/4379 4228/511/4114
f 2425/512/2311 4435/513/4321 4546/510/4379 4221/509/4107
f 2544/514/2430 4431/515/4317 4546/510/4379 4435/513/4321
f 2540/516/2426 4424/517/4310 4546/510/4379 4431/515/4317
f 2536/518/2422 4417/519/4303 4546/510/4379 4424/517/4310
f 2532/520/2418 4410/521/4296 4546/510/4379 4417/519/4303
f 2528/522/2414 4403/523/4289 4546/510/4379 4410/521/4296
f 2524/524/2410 4396/525/4282 4546/510/4379 4403/523/4289
f 2520/526/2406 4389/527/4275 4546/510/4379 4396/525/4282
f 2516/528/2402 4382/529/4268 4546/510/4379 4389/527/4275
f 2512/530/2398 4375/531/4261 4546/510/4379 4382/529/4268
f 2508/532/2394 4368/533/4254 4546/510/4379 4375/531/4261
f 2504/534/2390 4361/535/4247 4546/510/4379 4368/533/4254
f 2500/536/2386 4354/537/4240 4546/510/4379 4361/535/4247
f 2496/538/2382 4347/539/4233 4546/510/4379 4354/537/4240
f 2492/540/2378 4340/541/4226 4546/510/4379 4347/539/4233
f 2488/542/2374 4333/543/4219 4546/510/4379 4340/541/4226
f 2484/544/2370 4326/545/4212 4546/510/4379 4333/543/4219
f 2480/546/2366 4319/547/4205 4546/510/4379 4326/545/4212
f 2476/548/2362 4312/549/4198 4546/510/4379 4319/547/4205
f 2472/550/2358 4305/551/4191 4546/510/4379 4312/549/4198
f 2468/552/2354 4298/553/4184 4546/510/4379 4305/551/4191
f 2464/554/2350 4291/555/4177 4546/510/4379 4298/553/4184
f 2460/556/2346 4284/557/4170 4546/510/4379 4291/555/4177
f 2456/558/2342 4277/559/4163 4546/510/4379 4284/557/4170
f 2452/560/2338 4270/561/4156 4546/510/4379 4277/559/4163
f 2448/562/2334 4263/563/4149 4546/510/4379 4270/561/4156
f 2444/564/2330 4256/565/4142 4546/510/4379 4263/563/4149
f 2440/566/2326 4249/567/4135 4546/510/4379 4256/565/4142
f 2436/568/2322 4242/569/4128 4546/510/4379 4249/567/4135
f 2432/570/2318 4235/571/4121 4546/510/4379 4242/569/4128
f 2428/572/2314 4228/511/4114 4546/510/4379 4235/571/4121
f 1583/446/1469 2555/447/2441 4547/447/4298 4466/446/2423
f 2555/447/2441 1580/429/1466 4465/429/2419 4547/447/4298
f 4547/447/4298 4465/429/2419 2533/429/2419 4412/447/4298
f 4466/446/2423 4547/447/4298 4412/447/4298 2537/446/2423
f 1584/418/1470 2554/476/2440 4548/476/4207 4453/418/2371
f 2554/476/2440 1581/507/1467 4452/414/2367 4548/476/4207
f 4548/476/4207 4452/414/2367 2481/507/2367 4321/476/4207
f 4453/418/2371 4548/476/4207 4321/476/4207 2485/418/2371
f 1559/374/1445 2578/375/2464 4549/375/4318 4437/374/2310
f 2578/375/2464 1558/376/1444 4439/376/2431 4549/375/4318
f 4549/375/4318 4439/376/2431 2545/376/2431 4432/375/4318
f 4437/374/2310 4549/375/4318 4432/375/4318 2424/374/2310
f 1586/449/1472 2552/479/2438 4550/479/4305 4467/449/2427
f 2552/479/2438 1583/446/1469 4466/446/2423 4550/479/4305
f 4550/479/4305 4466/446/2423 2537/446/2423 4419/479/4305
f 4467/449/2427 4550/479/4305 4419/479/4305 2541/449/2427
f 1587/416/1473 2551/417/2437 4551/417/4214 4454/416/2375
f 2551/417/2437 1584/418/1470 4453/418/2371 4551/417/4214
f 4551/417/4214 4453/418/2371 2485/418/2371 4328/417/4214
f 4454/416/2375 4551/417/4214 4328/417/4214 2489/416/2375
f 1556/573/1442 2550/387/2436 4552/387/4123 4441/386/2323
f 2550/387/2436 1585/506/1471 4440/380/2319 4552/387/4123
f 4552/387/4123 4440/380/2319 2433/380/2319 4237/387/4123
f 4441/386/2323 4552/387/4123 4237/387/4123 2437/386/2323
f 1558/376/1444 2549/448/2435 4553/448/4312 4439/376/2431
f 2549/448/2435 1586/449/1472 4467/449/2427 4553/448/4312
f 4553/448/4312 4467/449/2427 2541/449/2427 4426/448/4312
f 4439/376/2431 4553/448/4312 4426/448/4312 2545/376/2431
f 1560/419/1446 2548/420/2434 4554/420/4221 4455/419/2379
f 2548/420/2434 1587/416/1473 4454/416/2375 4554/420/4221
f 4554/420/4221 4454/416/2375 2489/416/2375 4335/420/4221
f 4455/419/2379 4554/420/4221 4335/420/4221 2493/419/2379
f 1557/390/1443 2579/487/2465 4555/487/4130 4442/390/2327
f 2579/487/2465 1556/573/1442 4441/386/2323 4555/487/4130
f 4555/487/4130 4441/386/2323 2437/386/2323 4244/487/4130
f 4442/390/2327 4555/487/4130 4244/487/4130 2441/390/2327
f 1561/425/1447 2577/426/2463 4556/426/4228 4456/425/2383
f 2577/426/2463 1560/419/1446 4455/419/2379 4556/426/4228
f 4556/426/4228 4455/419/2379 2493/419/2379 4342/426/4228
f 4456/425/2383 4556/426/4228 4342/426/4228 2497/425/2383
f 1939/416/1825 3273/417/3159 4557/417/4380 3473/416/3359
f 3273/417/3159 2001/418/1887 3456/418/3342 4557/417/4380
f 4557/417/4380 3456/418/3342 1584/418/1470 2551/417/2437
f 3473/416/3359 4557/417/4380 2551/417/2437 1587/416/1473
f 1987/386/1873 2993/387/2879 4558/387/4381 3471/386/3357
f 2993/387/2879 1981/380/1867 3469/380/3355 4558/387/4381
f 4558/387/4381 3469/380/3355 1585/380/1471 2550/387/2436
f 3471/386/3357 4558/387/4381 2550/387/2436 1556/386/1442
f 2015/434/1901 3012/435/2898 4559/435/4382 3474/434/3360
f 3012/435/2898 2009/432/1895 3462/432/3348 4559/435/4382
f 4559/435/4382 3462/432/3348 1569/432/1455 2567/435/2453
f 3474/434/3360 4559/435/4382 2567/435/2453 1571/434/1457
f 1959/436/1845 3326/437/3212 4560/437/4383 3464/436/3350
f 3326/437/3212 2015/434/1901 3474/434/3360 4560/437/4383
f 4560/437/4383 3474/434/3360 1571/434/1457 2565/437/2451
f 3464/436/3350 4560/437/4383 2565/437/2451 1573/436/1459
f 1973/574/1859 3404/448/3290 4561/448/4384 3446/376/3332
f 3404/448/3290 2029/449/1915 3475/449/3361 4561/448/4384
f 4561/448/4384 3475/449/3361 1586/449/1472 2549/448/2435
f 3446/376/3332 4561/448/4384 2549/448/2435 1558/376/1444
f 1910/390/1796 3213/487/3099 4562/487/4385 3470/390/3356
f 3213/487/3099 1987/386/1873 3471/386/3357 4562/487/4385
f 4562/487/4385 3471/386/3357 1556/573/1442 2579/487/2465
f 3470/390/3356 4562/487/4385 2579/487/2465 1557/390/1443
f 1861/425/1747 3286/426/3172 4563/426/4386 3457/425/3343
f 3286/426/3172 1945/419/1831 3458/419/3344 4563/426/4386
f 4563/426/4386 3458/419/3344 1560/419/1446 2577/426/2463
f 3457/425/3343 4563/426/4386 2577/426/2463 1561/425/1447
f 1903/377/1789 2923/378/2809 4564/378/4387 3468/377/3354
f 2923/378/2809 1897/441/1783 3444/379/3330 4564/378/4387
f 4564/378/4387 3444/379/3330 1579/379/1465 2556/378/2442
f 3468/377/3354 4564/378/4387 2556/378/2442 1582/377/1468
f 1981/380/1867 3200/381/3086 4565/381/4388 3469/380/3355
f 3200/381/3086 1903/377/1789 3468/377/3354 4565/381/4388
f 4565/381/4388 3468/377/3354 1582/377/1468 2553/381/2439
f 3469/380/3355 4565/381/4388 2553/381/2439 1585/506/1471
f 2001/418/1887 3266/476/3152 4566/476/4389 3456/418/3342
f 3266/476/3152 1854/414/1740 3454/414/3340 4566/476/4389
f 4566/476/4389 3454/414/3340 1581/414/1467 2554/476/2440
f 3456/418/3342 4566/476/4389 2554/476/2440 1584/418/1470
f 1966/446/1852 3378/447/3264 4567/447/4390 3467/446/3353
f 3378/447/3264 1889/429/1775 3466/429/3352 4567/447/4390
f 4567/447/4390 3466/429/3352 1580/429/1466 2555/447/2441
f 3467/446/3353 4567/447/4390 2555/447/2441 1583/446/1469
f 1813/374/1699 3411/575/3297 4568/375/4391 3445/374/3331
f 3411/575/3297 1973/574/1859 3446/376/3332 4568/375/4391
f 4568/375/4391 3446/376/3332 1558/376/1444 2578/375/2464
f 3445/374/3331 4568/375/4391 2578/375/2464 1559/374/1445
f 1945/419/1831 2974/420/2860 4569/420/4392 3458/419/3344
f 2974/420/2860 1939/416/1825 3473/416/3359 4569/420/4392
f 4569/420/4392 3473/416/3359 1587/416/1473 2548/420/2434
f 3458/419/3344 4569/420/4392 2548/420/2434 1560/419/1446
f 1889/429/1775 3365/430/3251 4570/430/4393 3466/429/3352
f 3365/430/3251 2022/431/1908 3465/431/3351 4570/430/4393
f 4570/430/4393 3465/431/3351 1577/431/1463 2558/430/2444
f 3466/429/3352 4570/430/4393 2558/430/2444 1580/429/1466
f 1931/401/1817 2955/402/2841 4571/402/4394 3455/401/3341
f 2955/402/2841 1924/403/1810 3472/403/3358 4571/402/4394
f 4571/402/4394 3472/403/3358 1576/403/1462 2560/402/2446
f 3455/401/3341 4571/402/4394 2560/402/2446 1578/401/1464
f 2022/431/1908 3352/438/3238 4572/438/4395 3465/431/3351
f 3352/438/3238 1882/439/1768 3463/440/3349 4572/438/4395
f 4572/438/4395 3463/440/3349 1575/439/1461 2561/438/2447
f 3465/431/3351 4572/438/4395 2561/438/2447 1577/431/1463
f 1854/414/1740 3253/415/3139 4573/415/4396 3454/414/3340
f 3253/415/3139 1931/401/1817 3455/401/3341 4573/415/4396
f 4573/415/4396 3455/401/3341 1578/401/1464 2557/415/2443
f 3454/414/3340 4573/415/4396 2557/415/2443 1581/414/1467
f 2029/449/1915 3391/479/3277 4574/479/4397 3475/449/3361
f 3391/479/3277 1966/446/1852 3467/446/3353 4574/479/4397
f 4574/479/4397 3467/446/3353 1583/446/1469 2552/479/2438
f 3475/449/3361 4574/479/4397 2552/479/2438 1586/449/1472
f 1918/404/1804 3240/405/3126 4575/405/4398 3453/404/3339
f 3240/405/3126 1847/394/1733 3452/394/3338 4575/405/4398
f 4575/405/4398 3452/394/3338 1572/394/1458 2564/405/2450
f 3453/404/3339 4575/405/4398 2564/405/2450 1574/404/1460
f 1847/394/1733 2885/395/2771 4576/395/4399 3452/394/3338
f 2885/395/2771 1840/396/1726 3451/396/3337 4576/395/4399
f 4576/395/4399 3451/396/3337 1570/396/1456 2566/395/2452
f 3452/394/3338 4576/395/4399 2566/395/2452 1572/394/1458
f 1882/439/1768 3339/462/3225 4577/462/4400 3463/440/3349
f 3339/462/3225 1959/436/1845 3464/436/3350 4577/462/4400
f 4577/462/4400 3464/436/3350 1573/436/1459 2563/462/2449
f 3463/440/3349 4577/462/4400 2563/462/2449 1575/439/1461
f 1840/396/1726 2872/400/2758 4578/400/4401 3451/396/3337
f 2872/400/2758 1833/397/1719 3450/397/3336 4578/400/4401
f 4578/400/4401 3450/397/3336 1568/397/1454 2568/400/2454
f 3451/396/3337 4578/400/4401 2568/400/2454 1570/396/1456
f 1869/410/1755 3306/427/3192 4579/427/4402 3461/410/3347
f 3306/427/3192 1952/428/1838 3459/428/3345 4579/427/4402
f 4579/427/4402 3459/428/3345 1563/428/1449 2573/427/2459
f 3461/410/3347 4579/427/4402 2573/427/2459 1565/410/1451
f 1820/393/1706 3233/450/3119 4580/451/4403 3448/393/3334
f 3233/450/3119 1994/388/1880 3449/388/3335 4580/451/4403
f 4580/451/4403 3449/388/3335 1562/388/1448 2574/450/2460
f 3448/393/3334 4580/451/4403 2574/450/2460 1564/393/1450
f 2009/432/1895 3313/433/3199 4581/433/4404 3462/432/3348
f 3313/433/3199 1875/407/1761 3460/407/3346 4581/433/4404
f 4581/433/4404 3460/407/3346 1567/407/1453 2569/433/2455
f 3462/432/3348 4581/433/4404 2569/433/2455 1569/432/1455
f 1833/397/1719 2859/398/2745 4582/399/4405 3450/397/3336
f 2859/398/2745 1826/391/1712 3447/391/3333 4582/399/4405
f 4582/399/4405 3447/391/3333 1566/391/1452 2570/398/2456
f 3450/397/3336 4582/399/4405 2570/398/2456 1568/397/1454
f 1875/407/1761 2904/408/2790 4583/409/4406 3460/407/3346
f 2904/408/2790 1869/410/1755 3461/410/3347 4583/409/4406
f 4583/409/4406 3461/410/3347 1565/410/1451 2571/408/2457
f 3460/407/3346 4583/409/4406 2571/408/2457 1567/407/1453
f 1924/403/1810 2942/406/2828 4584/406/4407 3472/403/3358
f 2942/406/2828 1918/404/1804 3453/404/3339 4584/406/4407
f 4584/406/4407 3453/404/3339 1574/404/1460 2562/406/2448
f 3472/403/3358 4584/406/4407 2562/406/2448 1576/403/1462
f 1952/428/1838 3299/492/3185 4585/492/4408 3459/428/3345
f 3299/492/3185 1861/425/1747 3457/425/3343 4585/492/4408
f 4585/492/4408 3457/425/3343 1561/425/1447 2575/492/2461
f 3459/428/3345 4585/492/4408 2575/492/2461 1563/428/1449
f 1826/391/1712 2846/392/2732 4586/392/4409 3447/391/3333
f 2846/392/2732 1820/393/1706 3448/393/3334 4586/392/4409
f 4586/392/4409 3448/393/3334 1564/393/1450 2572/392/2458
f 3447/391/3333 4586/392/4409 2572/392/2458 1566/391/1452
f 1994/388/1880 3226/389/3112 4587/389/4410 3449/388/3335
f 3226/389/3112 1910/390/1796 3470/390/3356 4587/389/4410
f 4587/389/4410 3470/390/3356 1557/390/1443 2576/389/2462
f 3449/388/3335 4587/389/4410 2576/389/2462 1562/388/1448
f 1603/576/1489 2581/577/2467 4588/578/4411 2580/579/2466
f 2581/577/2467 1595/580/1481 2582/581/2468 4588/578/4411
f 4588/578/4411 2582/581/2468 1597/582/1483 2583/583/2469
f 2580/579/2466 4588/578/4411 2583/583/2469 1608/584/1494
f 1608/584/1494 2583/585/2469 4589/586/4412 2584/587/2470
f 2583/585/2469 1597/582/1483 2585/588/2471 4589/586/4412
f 4589/586/4412 2585/588/2471 1598/589/1484 2586/590/2472
f 2584/587/2470 4589/586/4412 2586/590/2472 1607/591/1493
f 1607/591/1493 2586/590/2472 4590/592/4413 2587/593/2473
f 2586/590/2472 1598/589/1484 2588/594/2474 4590/592/4413
f 4590/592/4413 2588/594/2474 1599/595/1485 2589/596/2475
f 2587/593/2473 4590/592/4413 2589/596/2475 1606/597/1492
f 1606/597/1492 2589/596/2475 4591/598/4414 2590/599/2476
f 2589/596/2475 1599/595/1485 2591/600/2477 4591/598/4414
f 4591/598/4414 2591/600/2477 1600/386/1486 2592/486/2478
f 2590/599/2476 4591/598/4414 2592/486/2478 1605/390/1491
f 1605/390/1491 2592/486/2478 4592/487/4415 2593/390/2479
f 2592/486/2478 1600/386/1486 2594/386/2480 4592/487/4415
f 4592/487/4415 2594/386/2480 1601/386/1487 2595/486/2481
f 2593/390/2479 4592/487/4415 2595/486/2481 1604/390/1490
f 1604/390/1490 2595/486/2481 4593/487/4416 2596/390/2482
f 2595/486/2481 1601/386/1487 2597/386/2483 4593/487/4416
f 4593/487/4416 2597/386/2483 1596/386/1482 2598/486/2484
f 2596/390/2482 4593/487/4416 2598/486/2484 1602/390/1488
f 1631/601/1517 2600/602/2486 4594/603/4417 2599/604/2485
f 2600/602/2486 1623/605/1509 2601/606/2487 4594/603/4417
f 4594/603/4417 2601/606/2487 1625/607/1511 2602/608/2488
f 2599/604/2485 4594/603/4417 2602/608/2488 1636/609/1522
f 1636/609/1522 2602/608/2488 4595/610/4418 2603/611/2489
f 2602/608/2488 1625/612/1511 2604/613/2490 4595/610/4418
f 4595/610/4418 2604/613/2490 1626/614/1512 2605/615/2491
f 2603/611/2489 4595/610/4418 2605/615/2491 1635/616/1521
f 1635/616/1521 2605/615/2491 4596/617/4419 2606/618/2492
f 2605/615/2491 1626/614/1512 2607/619/2493 4596/617/4419
f 4596/617/4419 2607/619/2493 1627/620/1513 2608/621/2494
f 2606/618/2492 4596/617/4419 2608/621/2494 1634/622/1520
f 1634/622/1520 2608/621/2494 4597/623/4420 2609/624/2495
f 2608/621/2494 1627/620/1513 2610/625/2496 4597/623/4420
f 4597/623/4420 2610/625/2496 1628/414/1514 2611/476/2497
f 2609/624/2495 4597/623/4420 2611/476/2497 1633/418/1519
f 1633/418/1519 2611/476/2497 4598/476/4421 2612/418/2498
f 2611/476/2497 1628/414/1514 2613/414/2499 4598/476/4421
f 4598/476/4421 2613/414/2499 1629/414/1515 2614/476/2500
f 2612/418/2498 4598/476/4421 2614/476/2500 1632/418/1518
f 1632/418/1518 2614/476/2500 4599/476/4422 2615/418/2501
f 2614/476/2500 1629/414/1515 2616/414/2502 4599/476/4422
f 4599/476/4422 2616/414/2502 1624/414/1510 2617/476/2503
f 2615/418/2501 4599/476/4422 2617/476/2503 1630/418/1516
f 1638/626/1524 2619/627/2505 4600/628/4423 2618/629/2504
f 2619/627/2505 1631/601/1517 2599/604/2485 4600/628/4423
f 4600/628/4423 2599/604/2485 1636/609/1522 2620/630/2506
f 2618/629/2504 4600/628/4423 2620/630/2506 1643/631/1529
f 1643/631/1529 2620/630/2506 4601/632/4424 2621/633/2507
f 2620/630/2506 1636/609/1522 2603/611/2489 4601/632/4424
f 4601/632/4424 2603/611/2489 1635/616/1521 2622/634/2508
f 2621/633/2507 4601/632/4424 2622/634/2508 1642/635/1528
f 1642/635/1528 2622/634/2508 4602/636/4425 2623/637/2509
f 2622/634/2508 1635/616/1521 2606/618/2492 4602/636/4425
f 4602/636/4425 2606/618/2492 1634/622/1520 2624/638/2510
f 2623/637/2509 4602/636/4425 2624/638/2510 1641/639/1527
f 1641/639/1527 2624/638/2510 4603/640/4426 2625/641/2511
f 2624/638/2510 1634/622/1520 2609/624/2495 4603/640/4426
f 4603/640/4426 2609/624/2495 1633/418/1519 2626/417/2512
f 2625/641/2511 4603/640/4426 2626/417/2512 1640/416/1526
f 1640/416/1526 2626/417/2512 4604/417/4427 2627/416/2513
f 2626/417/2512 1633/418/1519 2612/418/2498 4604/417/4427
f 4604/417/4427 2612/418/2498 1632/418/1518 2628/417/2514
f 2627/416/2513 4604/417/4427 2628/417/2514 1639/416/1525
f 1639/416/1525 2628/417/2514 4605/417/4428 2629/416/2515
f 2628/417/2514 1632/418/1518 2615/418/2501 4605/417/4428
f 4605/417/4428 2615/418/2501 1630/418/1516 2630/417/2516
f 2629/416/2515 4605/417/4428 2630/417/2516 1637/416/1523
f 1652/642/1538 2632/643/2518 4606/644/4429 2631/645/2517
f 2632/643/2518 1644/646/1530 2633/647/2519 4606/644/4429
f 4606/644/4429 2633/647/2519 1646/648/1532 2634/649/2520
f 2631/645/2517 4606/644/4429 2634/649/2520 1657/650/1543
f 1657/650/1543 2634/649/2520 4607/651/4430 2635/652/2521
f 2634/649/2520 1646/648/1532 2636/653/2522 4607/651/4430
f 4607/651/4430 2636/653/2522 1647/654/1533 2637/655/2523
f 2635/652/2521 4607/651/4430 2637/655/2523 1656/656/1542
f 1656/656/1542 2637/655/2523 4608/657/4431 2638/658/2524
f 2637/655/2523 1647/654/1533 2639/659/2525 4608/657/4431
f 4608/657/4431 2639/659/2525 1648/660/1534 2640/661/2526
f 2638/658/2524 4608/657/4431 2640/661/2526 1655/662/1541
f 1655/662/1541 2640/661/2526 4609/663/4432 2641/664/2527
f 2640/661/2526 1648/660/1534 2642/665/2528 4609/663/4432
f 4609/663/4432 2642/665/2528 1649/425/1535 2643/492/2529
f 2641/664/2527 4609/663/4432 2643/492/2529 1654/428/1540
f 1654/428/1540 2643/492/2529 4610/492/4433 2644/428/2530
f 2643/492/2529 1649/425/1535 2645/425/2531 4610/492/4433
f 4610/492/4433 2645/425/2531 1650/425/1536 2646/492/2532
f 2644/428/2530 4610/492/4433 2646/492/2532 1653/428/1539
f 1653/428/1539 2646/492/2532 4611/492/4434 2647/428/2533
f 2646/492/2532 1650/425/1536 2648/425/2534 4611/492/4434
f 4611/492/4434 2648/425/2534 1645/425/1531 2649/492/2535
f 2647/428/2533 4611/492/4434 2649/492/2535 1651/428/1537
f 1673/666/1559 2651/667/2537 4612/668/4435 2650/669/2536
f 2651/667/2537 1665/670/1551 2652/671/2538 4612/668/4435
f 4612/668/4435 2652/671/2538 1667/672/1553 2653/673/2539
f 2650/669/2536 4612/668/4435 2653/673/2539 1678/674/1564
f 1678/675/1564 2653/673/2539 4613/676/4436 2654/677/2540
f 2653/673/2539 1667/672/1553 2655/678/2541 4613/676/4436
f 4613/676/4436 2655/678/2541 1668/679/1554 2656/680/2542
f 2654/677/2540 4613/676/4436 2656/680/2542 1677/681/1563
f 1677/681/1563 2656/680/2542 4614/682/4437 2657/683/2543
f 2656/680/2542 1668/679/1554 2658/684/2544 4614/682/4437
f 4614/682/4437 2658/684/2544 1669/685/1555 2659/686/2545
f 2657/683/2543 4614/682/4437 2659/686/2545 1676/687/1562
f 1676/687/1562 2659/686/2545 4615/688/4438 2660/689/2546
f 2659/686/2545 1669/685/1555 2661/690/2547 4615/688/4438
f 4615/688/4438 2661/690/2547 1670/436/1556 2662/462/2548
f 2660/689/2546 4615/688/4438 2662/462/2548 1675/439/1561
f 1675/439/1561 2662/462/2548 4616/462/4439 2663/440/2549
f 2662/462/2548 1670/436/1556 2664/436/2550 4616/462/4439
f 4616/462/4439 2664/436/2550 1671/436/1557 2665/462/2551
f 2663/440/2549 4616/462/4439 2665/462/2551 1674/439/1560
f 1674/439/1560 2665/462/2551 4617/462/4440 2666/440/2552
f 2665/462/2551 1671/436/1557 2667/436/2553 4617/462/4440
f 4617/462/4440 2667/436/2553 1666/436/1552 2668/462/2554
f 2666/440/2552 4617/462/4440 2668/462/2554 1672/439/1558
f 1687/691/1573 2670/692/2556 4618/693/4441 2669/694/2555
f 2670/692/2556 1679/695/1565 2671/696/2557 4618/693/4441
f 4618/693/4441 2671/696/2557 1681/697/1567 2672/698/2558
f 2669/694/2555 4618/693/4441 2672/698/2558 1692/699/1578
f 1692/699/1578 2672/698/2558 4619/700/4442 2673/701/2559
f 2672/698/2558 1681/697/1567 2674/702/2560 4619/700/4442
f 4619/700/4442 2674/702/2560 1682/703/1568 2675/704/2561
f 2673/701/2559 4619/700/4442 2675/704/2561 1691/705/1577
f 1691/705/1577 2675/704/2561 4620/706/4443 2676/707/2562
f 2675/704/2561 1682/703/1568 2677/708/2563 4620/706/4443
f 4620/706/4443 2677/708/2563 1683/709/1569 2678/710/2564
f 2676/707/2562 4620/706/4443 2678/710/2564 1690/711/1576
f 1690/711/1576 2678/710/2564 4621/712/4444 2679/713/2565
f 2678/710/2564 1683/709/1569 2680/714/2566 4621/712/4444
f 4621/712/4444 2680/714/2566 1684/446/1570 2681/479/2567
f 2679/713/2565 4621/712/4444 2681/479/2567 1689/449/1575
f 1689/449/1575 2681/479/2567 4622/479/4445 2682/449/2568
f 2681/479/2567 1684/446/1570 2683/446/2569 4622/479/4445
f 4622/479/4445 2683/446/2569 1685/446/1571 2684/479/2570
f 2682/449/2568 4622/479/4445 2684/479/2570 1688/449/1574
f 1688/449/1574 2684/479/2570 4623/479/4446 2685/449/2571
f 2684/479/2570 1685/446/1571 2686/446/2572 4623/479/4446
f 4623/479/4446 2686/446/2572 1680/446/1566 2687/479/2573
f 2685/449/2571 4623/479/4446 2687/479/2573 1686/449/1572
f 1694/715/1580 2689/716/2575 4624/717/4447 2688/718/2574
f 2689/716/2575 1700/719/1586 2690/720/2576 4624/717/4447
f 4624/717/4447 2690/720/2576 1702/721/1588 2691/722/2577
f 2688/718/2574 4624/717/4447 2691/722/2577 1699/723/1585
f 1699/723/1585 2691/722/2577 4625/724/4448 2692/725/2578
f 2691/722/2577 1702/721/1588 2693/726/2579 4625/724/4448
f 4625/724/4448 2693/726/2579 1703/727/1589 2694/728/2580
f 2692/725/2578 4625/724/4448 2694/728/2580 1698/729/1584
f 1698/729/1584 2694/728/2580 4626/730/4449 2695/731/2581
f 2694/728/2580 1703/727/1589 2696/732/2582 4626/730/4449
f 4626/730/4449 2696/732/2582 1704/733/1590 2697/734/2583
f 2695/731/2581 4626/730/4449 2697/734/2583 1697/735/1583
f 1697/735/1583 2697/734/2583 4627/736/4450 2698/737/2584
f 2697/734/2583 1704/733/1590 2699/738/2585 4627/736/4450
f 4627/736/4450 2699/738/2585 1705/444/1591 2700/739/2586
f 2698/737/2584 4627/736/4450 2700/739/2586 1696/740/1582
f 1696/740/1582 2700/739/2586 4628/741/4451 2701/742/2587
f 2700/739/2586 1705/444/1591 2702/445/2588 4628/741/4451
f 4628/741/4451 2702/445/2588 1706/444/1592 2703/443/2589
f 2701/742/2587 4628/741/4451 2703/443/2589 1695/379/1581
f 1695/379/1581 2703/443/2589 4629/443/4452 2704/379/2590
f 2703/443/2589 1706/444/1592 2705/445/2591 4629/443/4452
f 4629/443/4452 2705/445/2591 1701/444/1587 2706/443/2592
f 2704/379/2590 4629/443/4452 2706/443/2592 1693/379/1579
f 1722/743/1608 2708/744/2594 4630/745/4453 2707/746/2593
f 2708/744/2594 1714/747/1600 2709/748/2595 4630/745/4453
f 4630/745/4453 2709/748/2595 1716/749/1602 2710/750/2596
f 2707/746/2593 4630/745/4453 2710/750/2596 1727/751/1613
f 1727/751/1613 2710/752/2596 4631/753/4454 2711/754/2597
f 2710/752/2596 1716/749/1602 2712/755/2598 4631/753/4454
f 4631/753/4454 2712/755/2598 1717/756/1603 2713/757/2599
f 2711/754/2597 4631/753/4454 2713/757/2599 1726/758/1612
f 1726/758/1612 2713/757/2599 4632/759/4455 2714/760/2600
f 2713/757/2599 1717/756/1603 2715/761/2601 4632/759/4455
f 4632/759/4455 2715/761/2601 1718/762/1604 2716/763/2602
f 2714/760/2600 4632/759/4455 2716/763/2602 1725/764/1611
f 1725/764/1611 2716/763/2602 4633/765/4456 2717/766/2603
f 2716/763/2602 1718/762/1604 2718/767/2604 4633/765/4456
f 4633/765/4456 2718/767/2604 1719/388/1605 2719/450/2605
f 2717/766/2603 4633/765/4456 2719/450/2605 1724/393/1610
f 1724/393/1610 2719/450/2605 4634/451/4457 2720/393/2606
f 2719/450/2605 1719/388/1605 2721/388/2607 4634/451/4457
f 4634/451/4457 2721/388/2607 1720/388/1606 2722/450/2608
f 2720/393/2606 4634/451/4457 2722/450/2608 1723/393/1609
f 1723/393/1609 2722/450/2608 4635/451/4458 2723/393/2609
f 2722/450/2608 1720/388/1606 2724/388/2610 4635/451/4458
f 4635/451/4458 2724/388/2610 1715/388/1601 2725/450/2611
f 2723/393/2609 4635/451/4458 2725/450/2611 1721/393/1607
f 1729/768/1615 2727/769/2613 4636/770/4459 2726/771/2612
f 2727/769/2613 1722/743/1608 2707/746/2593 4636/770/4459
f 4636/770/4459 2707/746/2593 1727/751/1613 2728/772/2614
f 2726/771/2612 4636/770/4459 2728/772/2614 1734/773/1620
f 1734/773/1620 2728/772/2614 4637/774/4460 2729/775/2615
f 2728/772/2614 1727/751/1613 2711/754/2597 4637/774/4460
f 4637/774/4460 2711/754/2597 1726/758/1612 2730/776/2616
f 2729/775/2615 4637/774/4460 2730/776/2616 1733/777/1619
f 1733/777/1619 2730/776/2616 4638/778/4461 2731/779/2617
f 2730/776/2616 1726/758/1612 2714/760/2600 4638/778/4461
f 4638/778/4461 2714/760/2600 1725/764/1611 2732/780/2618
f 2731/779/2617 4638/778/4461 2732/780/2618 1732/781/1618
f 1732/781/1618 2732/780/2618 4639/782/4462 2733/783/2619
f 2732/780/2618 1725/764/1611 2717/766/2603 4639/782/4462
f 4639/782/4462 2717/766/2603 1724/393/1610 2734/392/2620
f 2733/783/2619 4639/782/4462 2734/392/2620 1731/391/1617
f 1731/391/1617 2734/392/2620 4640/392/4463 2735/391/2621
f 2734/392/2620 1724/393/1610 2720/393/2606 4640/392/4463
f 4640/392/4463 2720/393/2606 1723/393/1609 2736/392/2622
f 2735/391/2621 4640/392/4463 2736/392/2622 1730/391/1616
f 1730/391/1616 2736/392/2622 4641/392/4464 2737/391/2623
f 2736/392/2622 1723/393/1609 2723/393/2609 4641/392/4464
f 4641/392/4464 2723/393/2609 1721/393/1607 2738/392/2624
f 2737/391/2623 4641/392/4464 2738/392/2624 1728/391/1614
f 1743/784/1629 2740/785/2626 4642/786/4465 2739/787/2625
f 2740/785/2626 1735/788/1621 2741/789/2627 4642/786/4465
f 4642/786/4465 2741/789/2627 1737/790/1623 2742/791/2628
f 2739/787/2625 4642/786/4465 2742/791/2628 1748/792/1634
f 1748/792/1634 2742/791/2628 4643/793/4466 2743/794/2629
f 2742/791/2628 1737/790/1623 2744/795/2630 4643/793/4466
f 4643/793/4466 2744/795/2630 1738/796/1624 2745/797/2631
f 2743/794/2629 4643/793/4466 2745/797/2631 1747/798/1633
f 1747/798/1633 2745/797/2631 4644/799/4467 2746/800/2632
f 2745/797/2631 1738/796/1624 2747/801/2633 4644/799/4467
f 4644/799/4467 2747/801/2633 1739/802/1625 2748/803/2634
f 2746/800/2632 4644/799/4467 2748/803/2634 1746/804/1632
f 1746/804/1632 2748/803/2634 4645/805/4468 2749/806/2635
f 2748/803/2634 1739/802/1625 2750/807/2636 4645/805/4468
f 4645/805/4468 2750/807/2636 1740/396/1626 2751/395/2637
f 2749/806/2635 4645/805/4468 2751/395/2637 1745/394/1631
f 1745/394/1631 2751/395/2637 4646/395/4469 2752/394/2638
f 2751/395/2637 1740/396/1626 2753/396/2639 4646/395/4469
f 4646/395/4469 2753/396/2639 1741/396/1627 2754/395/2640
f 2752/394/2638 4646/395/4469 2754/395/2640 1744/394/1630
f 1744/394/1630 2754/395/2640 4647/395/4470 2755/394/2641
f 2754/395/2640 1741/396/1627 2756/396/2642 4647/395/4470
f 4647/395/4470 2756/396/2642 1736/396/1622 2757/395/2643
f 2755/394/2641 4647/395/4470 2757/395/2643 1742/394/1628
f 1757/808/1643 2759/809/2645 4648/810/4471 2758/811/2644
f 2759/809/2645 1749/812/1635 2760/813/2646 4648/810/4471
f 4648/810/4471 2760/813/2646 1751/814/1637 2761/815/2647
f 2758/811/2644 4648/810/4471 2761/815/2647 1762/816/1648
f 1762/816/1648 2761/815/2647 4649/817/4472 2762/818/2648
f 2761/815/2647 1751/814/1637 2763/819/2649 4649/817/4472
f 4649/817/4472 2763/819/2649 1752/820/1638 2764/821/2650
f 2762/818/2648 4649/817/4472 2764/821/2650 1761/822/1647
f 1761/822/1647 2764/821/2650 4650/823/4473 2765/824/2651
f 2764/821/2650 1752/820/1638 2766/825/2652 4650/823/4473
f 4650/823/4473 2766/825/2652 1753/826/1639 2767/827/2653
f 2765/824/2651 4650/823/4473 2767/827/2653 1760/828/1646
f 1760/828/1646 2767/827/2653 4651/829/4474 2768/830/2654
f 2767/827/2653 1753/826/1639 2769/831/2655 4651/829/4474
f 4651/829/4474 2769/831/2655 1754/403/1640 2770/402/2656
f 2768/830/2654 4651/829/4474 2770/402/2656 1759/401/1645
f 1759/401/1645 2770/402/2656 4652/402/4475 2771/401/2657
f 2770/402/2656 1754/403/1640 2772/403/2658 4652/402/4475
f 4652/402/4475 2772/403/2658 1755/403/1641 2773/402/2659
f 2771/401/2657 4652/402/4475 2773/402/2659 1758/401/1644
f 1758/401/1644 2773/402/2659 4653/402/4476 2774/401/2660
f 2773/402/2659 1755/403/1641 2775/403/2661 4653/402/4476
f 4653/402/4476 2775/403/2661 1750/403/1636 2776/402/2662
f 2774/401/2660 4653/402/4476 2776/402/2662 1756/401/1642
f 1778/832/1664 2778/833/2664 4654/834/4477 2777/835/2663
f 2778/833/2664 1770/836/1656 2779/837/2665 4654/834/4477
f 4654/834/4477 2779/837/2665 1772/838/1658 2780/839/2666
f 2777/835/2663 4654/834/4477 2780/839/2666 1783/840/1669
f 1783/840/1669 2780/841/2666 4655/842/4478 2781/843/2667
f 2780/841/2666 1772/838/1658 2782/844/2668 4655/842/4478
f 4655/842/4478 2782/844/2668 1773/845/1659 2783/846/2669
f 2781/843/2667 4655/842/4478 2783/846/2669 1782/847/1668
f 1782/847/1668 2783/846/2669 4656/848/4479 2784/849/2670
f 2783/846/2669 1773/845/1659 2785/850/2671 4656/848/4479
f 4656/848/4479 2785/850/2671 1774/851/1660 2786/852/2672
f 2784/849/2670 4656/848/4479 2786/852/2672 1781/853/1667
f 1781/853/1667 2786/852/2672 4657/854/4480 2787/855/2673
f 2786/852/2672 1774/851/1660 2788/856/2674 4657/854/4480
f 4657/854/4480 2788/856/2674 1775/410/1661 2789/408/2675
f 2787/855/2673 4657/854/4480 2789/408/2675 1780/407/1666
f 1780/407/1666 2789/408/2675 4658/409/4481 2790/407/2676
f 2789/408/2675 1775/410/1661 2791/410/2677 4658/409/4481
f 4658/409/4481 2791/410/2677 1776/410/1662 2792/408/2678
f 2790/407/2676 4658/409/4481 2792/408/2678 1779/407/1665
f 1779/407/1665 2792/408/2678 4659/409/4482 2793/407/2679
f 2792/408/2678 1776/410/1662 2794/410/2680 4659/409/4482
f 4659/409/4482 2794/410/2680 1771/410/1657 2795/408/2681
f 2793/407/2679 4659/409/4482 2795/408/2681 1777/407/1663
f 1799/857/1685 2797/858/2683 4660/859/4483 2796/860/2682
f 2797/858/2683 1791/861/1677 2798/862/2684 4660/859/4483
f 4660/859/4483 2798/862/2684 1793/863/1679 2799/864/2685
f 2796/860/2682 4660/859/4483 2799/864/2685 1804/865/1690
f 1804/865/1690 2799/864/2685 4661/866/4484 2800/867/2686
f 2799/864/2685 1793/863/1679 2801/868/2687 4661/866/4484
f 4661/866/4484 2801/868/2687 1794/869/1680 2802/870/2688
f 2800/867/2686 4661/866/4484 2802/870/2688 1803/871/1689
f 1803/871/1689 2802/870/2688 4662/872/4485 2803/873/2689
f 2802/870/2688 1794/869/1680 2804/874/2690 4662/872/4485
f 4662/872/4485 2804/874/2690 1795/875/1681 2805/876/2691
f 2803/873/2689 4662/872/4485 2805/876/2691 1802/877/1688
f 1802/877/1688 2805/876/2691 4663/878/4486 2806/879/2692
f 2805/876/2691 1795/875/1681 2807/880/2693 4663/878/4486
f 4663/878/4486 2807/880/2693 1796/431/1682 2808/430/2694
f 2806/879/2692 4663/878/4486 2808/430/2694 1801/429/1687
f 1801/429/1687 2808/430/2694 4664/430/4487 2809/429/2695
f 2808/430/2694 1796/431/1682 2810/431/2696 4664/430/4487
f 4664/430/4487 2810/431/2696 1797/431/1683 2811/430/2697
f 2809/429/2695 4664/430/4487 2811/430/2697 1800/429/1686
f 1800/429/1686 2811/430/2697 4665/430/4488 2812/429/2698
f 2811/430/2697 1797/431/1683 2813/431/2699 4665/430/4488
f 4665/430/4488 2813/431/2699 1792/431/1678 2814/430/2700
f 2812/429/2698 4665/430/4488 2814/430/2700 1798/429/1684
f 1700/881/1586 2815/882/2701 4666/883/4489 2690/884/2576
f 2815/882/2701 1805/885/1691 2816/886/2702 4666/883/4489
f 4666/883/4489 2816/886/2702 1807/887/1693 2817/888/2703
f 2690/884/2576 4666/883/4489 2817/888/2703 1702/889/1588
f 1702/889/1588 2817/888/2703 4667/890/4490 2693/891/2579
f 2817/888/2703 1807/887/1693 2818/892/2704 4667/890/4490
f 4667/890/4490 2818/892/2704 1808/893/1694 2819/894/2705
f 2693/891/2579 4667/890/4490 2819/894/2705 1703/895/1589
f 1703/895/1589 2819/894/2705 4668/896/4491 2696/897/2582
f 2819/894/2705 1808/893/1694 2820/898/2706 4668/896/4491
f 4668/896/4491 2820/898/2706 1809/899/1695 2821/900/2707
f 2696/897/2582 4668/896/4491 2821/900/2707 1704/901/1590
f 1704/901/1590 2821/900/2707 4669/902/4492 2699/903/2585
f 2821/900/2707 1809/899/1695 2822/904/2708 4669/902/4492
f 4669/902/4492 2822/904/2708 1810/905/1696 2823/906/2709
f 2699/903/2585 4669/902/4492 2823/906/2709 1705/374/1591
f 1705/374/1591 2823/906/2709 4670/907/4493 2702/374/2588
f 2823/906/2709 1810/905/1696 2824/908/2710 4670/907/4493
f 4670/907/4493 2824/908/2710 1811/376/1697 2825/375/2711
f 2702/374/2588 4670/907/4493 2825/375/2711 1706/374/1592
f 1706/374/1592 2825/375/2711 4671/375/4494 2705/374/2591
f 2825/375/2711 1811/376/1697 2826/376/2712 4671/375/4494
f 4671/375/4494 2826/376/2712 1806/376/1692 2827/375/2713
f 2705/374/2591 4671/375/4494 2827/375/2713 1701/374/1587
f 1827/391/1713 2829/392/2715 4672/392/4495 2828/391/2714
f 2829/392/2715 1819/393/1705 2830/393/2716 4672/392/4495
f 4672/392/4495 2830/393/2716 1821/393/1707 2831/392/2717
f 2828/391/2714 4672/392/4495 2831/392/2717 1832/391/1718
f 1832/391/1718 2831/392/2717 4673/392/4496 2832/391/2718
f 2831/392/2717 1821/393/1707 2833/393/2719 4673/392/4496
f 4673/392/4496 2833/393/2719 1822/393/1708 2834/392/2720
f 2832/391/2718 4673/392/4496 2834/392/2720 1831/391/1717
f 1831/391/1717 2834/392/2720 4674/392/4497 2835/391/2721
f 2834/392/2720 1822/393/1708 2836/393/2722 4674/392/4497
f 4674/392/4497 2836/393/2722 1823/393/1709 2837/392/2723
f 2835/391/2721 4674/392/4497 2837/392/2723 1830/391/1716
f 1830/391/1716 2837/392/2723 4675/392/4498 2838/391/2724
f 2837/392/2723 1823/393/1709 2839/393/2725 4675/392/4498
f 4675/392/4498 2839/393/2725 1824/393/1710 2840/392/2726
f 2838/391/2724 4675/392/4498 2840/392/2726 1829/391/1715
f 1829/391/1715 2840/392/2726 4676/392/4499 2841/391/2727
f 2840/392/2726 1824/393/1710 2842/393/2728 4676/392/4499
f 4676/392/4499 2842/393/2728 1825/393/1711 2843/392/2729
f 2841/391/2727 4676/392/4499 2843/392/2729 1828/391/1714
f 1828/391/1714 2843/392/2729 4677/392/4500 2844/391/2730
f 2843/392/2729 1825/393/1711 2845/393/2731 4677/392/4500
f 4677/392/4500 2845/393/2731 1820/393/1706 2846/392/2732
f 2844/391/2730 4677/392/4500 2846/392/2732 1826/391/1712
f 1834/397/1720 2848/398/2734 4678/399/4501 2847/397/2733
f 2848/398/2734 1827/391/1713 2828/391/2714 4678/399/4501
f 4678/399/4501 2828/391/2714 1832/391/1718 2849/398/2735
f 2847/397/2733 4678/399/4501 2849/398/2735 1839/397/1725
f 1839/397/1725 2849/398/2735 4679/399/4502 2850/397/2736
f 2849/398/2735 1832/391/1718 2832/391/2718 4679/399/4502
f 4679/399/4502 2832/391/2718 1831/391/1717 2851/398/2737
f 2850/397/2736 4679/399/4502 2851/398/2737 1838/397/1724
f 1838/397/1724 2851/398/2737 4680/399/4503 2852/397/2738
f 2851/398/2737 1831/391/1717 2835/391/2721 4680/399/4503
f 4680/399/4503 2835/391/2721 1830/391/1716 2853/398/2739
f 2852/397/2738 4680/399/4503 2853/398/2739 1837/397/1723
f 1837/397/1723 2853/398/2739 4681/399/4504 2854/397/2740
f 2853/398/2739 1830/391/1716 2838/391/2724 4681/399/4504
f 4681/399/4504 2838/391/2724 1829/391/1715 2855/398/2741
f 2854/397/2740 4681/399/4504 2855/398/2741 1836/397/1722
f 1836/397/1722 2855/398/2741 4682/399/4505 2856/397/2742
f 2855/398/2741 1829/391/1715 2841/391/2727 4682/399/4505
f 4682/399/4505 2841/391/2727 1828/391/1714 2857/398/2743
f 2856/397/2742 4682/399/4505 2857/398/2743 1835/397/1721
f 1835/397/1721 2857/398/2743 4683/399/4506 2858/397/2744
f 2857/398/2743 1828/391/1714 2844/391/2730 4683/399/4506
f 4683/399/4506 2844/391/2730 1826/391/1712 2859/398/2745
f 2858/397/2744 4683/399/4506 2859/398/2745 1833/397/1719
f 1841/396/1727 2861/400/2747 4684/400/4507 2860/396/2746
f 2861/400/2747 1834/397/1720 2847/397/2733 4684/400/4507
f 4684/400/4507 2847/397/2733 1839/397/1725 2862/400/2748
f 2860/396/2746 4684/400/4507 2862/400/2748 1846/396/1732
f 1846/396/1732 2862/400/2748 4685/400/4508 2863/396/2749
f 2862/400/2748 1839/397/1725 2850/397/2736 4685/400/4508
f 4685/400/4508 2850/397/2736 1838/397/1724 2864/400/2750
f 2863/396/2749 4685/400/4508 2864/400/2750 1845/396/1731
f 1845/396/1731 2864/400/2750 4686/400/4509 2865/396/2751
f 2864/400/2750 1838/397/1724 2852/397/2738 4686/400/4509
f 4686/400/4509 2852/397/2738 1837/397/1723 2866/400/2752
f 2865/396/2751 4686/400/4509 2866/400/2752 1844/396/1730
f 1844/396/1730 2866/400/2752 4687/400/4510 2867/396/2753
f 2866/400/2752 1837/397/1723 2854/397/2740 4687/400/4510
f 4687/400/4510 2854/397/2740 1836/397/1722 2868/400/2754
f 2867/396/2753 4687/400/4510 2868/400/2754 1843/396/1729
f 1843/396/1729 2868/400/2754 4688/400/4511 2869/396/2755
f 2868/400/2754 1836/397/1722 2856/397/2742 4688/400/4511
f 4688/400/4511 2856/397/2742 1835/397/1721 2870/400/2756
f 2869/396/2755 4688/400/4511 2870/400/2756 1842/396/1728
f 1842/396/1728 2870/400/2756 4689/400/4512 2871/396/2757
f 2870/400/2756 1835/397/1721 2858/397/2744 4689/400/4512
f 4689/400/4512 2858/397/2744 1833/397/1719 2872/400/2758
f 2871/396/2757 4689/400/4512 2872/400/2758 1840/396/1726
f 1848/394/1734 2874/395/2760 4690/395/4513 2873/394/2759
f 2874/395/2760 1841/396/1727 2860/396/2746 4690/395/4513
f 4690/395/4513 2860/396/2746 1846/396/1732 2875/395/2761
f 2873/394/2759 4690/395/4513 2875/395/2761 1853/394/1739
f 1853/394/1739 2875/395/2761 4691/395/4514 2876/394/2762
f 2875/395/2761 1846/396/1732 2863/396/2749 4691/395/4514
f 4691/395/4514 2863/396/2749 1845/396/1731 2877/395/2763
f 2876/394/2762 4691/395/4514 2877/395/2763 1852/394/1738
f 1852/394/1738 2877/395/2763 4692/395/4515 2878/394/2764
f 2877/395/2763 1845/396/1731 2865/396/2751 4692/395/4515
f 4692/395/4515 2865/396/2751 1844/396/1730 2879/395/2765
f 2878/394/2764 4692/395/4515 2879/395/2765 1851/394/1737
f 1851/394/1737 2879/395/2765 4693/395/4516 2880/394/2766
f 2879/395/2765 1844/396/1730 2867/396/2753 4693/395/4516
f 4693/395/4516 2867/396/2753 1843/396/1729 2881/395/2767
f 2880/394/2766 4693/395/4516 2881/395/2767 1850/394/1736
f 1850/394/1736 2881/395/2767 4694/395/4517 2882/394/2768
f 2881/395/2767 1843/396/1729 2869/396/2755 4694/395/4517
f 4694/395/4517 2869/396/2755 1842/396/1728 2883/395/2769
f 2882/394/2768 4694/395/4517 2883/395/2769 1849/394/1735
f 1849/394/1735 2883/395/2769 4695/395/4518 2884/394/2770
f 2883/395/2769 1842/396/1728 2871/396/2757 4695/395/4518
f 4695/395/4518 2871/396/2757 1840/396/1726 2885/395/2771
f 2884/394/2770 4695/395/4518 2885/395/2771 1847/394/1733
f 1876/407/1762 2887/408/2773 4696/409/4519 2886/407/2772
f 2887/408/2773 1868/410/1754 2888/410/2774 4696/409/4519
f 4696/409/4519 2888/410/2774 1870/410/1756 2889/408/2775
f 2886/407/2772 4696/409/4519 2889/408/2775 1881/407/1767
f 1881/407/1767 2889/408/2775 4697/409/4520 2890/407/2776
f 2889/408/2775 1870/410/1756 2891/410/2777 4697/409/4520
f 4697/409/4520 2891/410/2777 1871/410/1757 2892/408/2778
f 2890/407/2776 4697/409/4520 2892/408/2778 1880/407/1766
f 1880/407/1766 2892/408/2778 4698/409/4521 2893/407/2779
f 2892/408/2778 1871/410/1757 2894/410/2780 4698/409/4521
f 4698/409/4521 2894/410/2780 1872/410/1758 2895/408/2781
f 2893/407/2779 4698/409/4521 2895/408/2781 1879/407/1765
f 1879/407/1765 2895/408/2781 4699/409/4522 2896/407/2782
f 2895/408/2781 1872/410/1758 2897/410/2783 4699/409/4522
f 4699/409/4522 2897/410/2783 1873/410/1759 2898/408/2784
f 2896/407/2782 4699/409/4522 2898/408/2784 1878/407/1764
f 1878/407/1764 2898/408/2784 4700/409/4523 2899/407/2785
f 2898/408/2784 1873/410/1759 2900/410/2786 4700/409/4523
f 4700/409/4523 2900/410/2786 1874/410/1760 2901/408/2787
f 2899/407/2785 4700/409/4523 2901/408/2787 1877/407/1763
f 1877/407/1763 2901/408/2787 4701/409/4524 2902/407/2788
f 2901/408/2787 1874/410/1760 2903/410/2789 4701/409/4524
f 4701/409/4524 2903/410/2789 1869/410/1755 2904/408/2790
f 2902/407/2788 4701/409/4524 2904/408/2790 1875/407/1761
f 1904/377/1790 2906/378/2792 4702/378/4525 2905/377/2791
f 2906/378/2792 1896/379/1782 2907/379/2793 4702/378/4525
f 4702/378/4525 2907/379/2793 1898/379/1784 2908/378/2794
f 2905/377/2791 4702/378/4525 2908/378/2794 1909/377/1795
f 1909/377/1795 2908/378/2794 4703/378/4526 2909/377/2795
f 2908/378/2794 1898/379/1784 2910/379/2796 4703/378/4526
f 4703/378/4526 2910/379/2796 1899/379/1785 2911/378/2797
f 2909/377/2795 4703/378/4526 2911/378/2797 1908/377/1794
f 1908/377/1794 2911/378/2797 4704/378/4527 2912/377/2798
f 2911/378/2797 1899/379/1785 2913/379/2799 4704/378/4527
f 4704/378/4527 2913/379/2799 1900/909/1786 2914/378/2800
f 2912/377/2798 4704/378/4527 2914/378/2800 1907/377/1793
f 1907/377/1793 2914/378/2800 4705/910/4528 2915/377/2801
f 2914/378/2800 1900/909/1786 2916/911/2802 4705/910/4528
f 4705/910/4528 2916/911/2802 1901/379/1787 2917/378/2803
f 2915/377/2801 4705/910/4528 2917/378/2803 1906/377/1792
f 1906/377/1792 2917/378/2803 4706/378/4529 2918/377/2804
f 2917/378/2803 1901/379/1787 2919/379/2805 4706/378/4529
f 4706/378/4529 2919/379/2805 1902/379/1788 2920/378/2806
f 2918/377/2804 4706/378/4529 2920/378/2806 1905/912/1791
f 1905/912/1791 2920/378/2806 4707/378/4530 2921/377/2807
f 2920/378/2806 1902/913/1788 2922/914/2808 4707/378/4530
f 4707/378/4530 2922/914/2808 1897/441/1783 2923/378/2809
f 2921/377/2807 4707/378/4530 2923/378/2809 1903/377/1789
f 1925/403/1811 2925/406/2811 4708/406/4531 2924/403/2810
f 2925/406/2811 1917/404/1803 2926/404/2812 4708/406/4531
f 4708/406/4531 2926/404/2812 1919/404/1805 2927/406/2813
f 2924/403/2810 4708/406/4531 2927/406/2813 1930/403/1816
f 1930/403/1816 2927/406/2813 4709/406/4532 2928/403/2814
f 2927/406/2813 1919/404/1805 2929/404/2815 4709/406/4532
f 4709/406/4532 2929/404/2815 1920/404/1806 2930/406/2816
f 2928/403/2814 4709/406/4532 2930/406/2816 1929/403/1815
f 1929/403/1815 2930/406/2816 4710/406/4533 2931/403/2817
f 2930/406/2816 1920/404/1806 2932/404/2818 4710/406/4533
f 4710/406/4533 2932/404/2818 1921/404/1807 2933/406/2819
f 2931/403/2817 4710/406/4533 2933/406/2819 1928/403/1814
f 1928/403/1814 2933/406/2819 4711/406/4534 2934/403/2820
f 2933/406/2819 1921/404/1807 2935/404/2821 4711/406/4534
f 4711/406/4534 2935/404/2821 1922/404/1808 2936/406/2822
f 2934/403/2820 4711/406/4534 2936/406/2822 1927/403/1813
f 1927/403/1813 2936/406/2822 4712/406/4535 2937/403/2823
f 2936/406/2822 1922/404/1808 2938/404/2824 4712/406/4535
f 4712/406/4535 2938/404/2824 1923/404/1809 2939/406/2825
f 2937/403/2823 4712/406/4535 2939/406/2825 1926/403/1812
f 1926/403/1812 2939/406/2825 4713/406/4536 2940/403/2826
f 2939/406/2825 1923/404/1809 2941/404/2827 4713/406/4536
f 4713/406/4536 2941/404/2827 1918/404/1804 2942/406/2828
f 2940/403/2826 4713/406/4536 2942/406/2828 1924/403/1810
f 1932/401/1818 2944/402/2830 4714/402/4537 2943/401/2829
f 2944/402/2830 1925/403/1811 2924/403/2810 4714/402/4537
f 4714/402/4537 2924/403/2810 1930/403/1816 2945/402/2831
f 2943/401/2829 4714/402/4537 2945/402/2831 1937/401/1823
f 1937/401/1823 2945/402/2831 4715/402/4538 2946/401/2832
f 2945/402/2831 1930/403/1816 2928/403/2814 4715/402/4538
f 4715/402/4538 2928/403/2814 1929/403/1815 2947/402/2833
f 2946/401/2832 4715/402/4538 2947/402/2833 1936/401/1822
f 1936/401/1822 2947/402/2833 4716/402/4539 2948/401/2834
f 2947/402/2833 1929/403/1815 2931/403/2817 4716/402/4539
f 4716/402/4539 2931/403/2817 1928/403/1814 2949/402/2835
f 2948/401/2834 4716/402/4539 2949/402/2835 1935/401/1821
f 1935/401/1821 2949/402/2835 4717/402/4540 2950/401/2836
f 2949/402/2835 1928/403/1814 2934/403/2820 4717/402/4540
f 4717/402/4540 2934/403/2820 1927/403/1813 2951/402/2837
f 2950/401/2836 4717/402/4540 2951/402/2837 1934/401/1820
f 1934/401/1820 2951/402/2837 4718/402/4541 2952/401/2838
f 2951/402/2837 1927/403/1813 2937/403/2823 4718/402/4541
f 4718/402/4541 2937/403/2823 1926/403/1812 2953/402/2839
f 2952/401/2838 4718/402/4541 2953/402/2839 1933/401/1819
f 1933/401/1819 2953/402/2839 4719/402/4542 2954/401/2840
f 2953/402/2839 1926/403/1812 2940/403/2826 4719/402/4542
f 4719/402/4542 2940/403/2826 1924/403/1810 2955/402/2841
f 2954/401/2840 4719/402/4542 2955/402/2841 1931/401/1817
f 1946/419/1832 2957/420/2843 4720/420/4543 2956/419/2842
f 2957/420/2843 1938/416/1824 2958/416/2844 4720/420/4543
f 4720/420/4543 2958/416/2844 1940/416/1826 2959/420/2845
f 2956/419/2842 4720/420/4543 2959/420/2845 1951/419/1837
f 1951/419/1837 2959/420/2845 4721/420/4544 2960/419/2846
f 2959/420/2845 1940/416/1826 2961/416/2847 4721/420/4544
f 4721/420/4544 2961/416/2847 1941/416/1827 2962/420/2848
f 2960/419/2846 4721/420/4544 2962/420/2848 1950/419/1836
f 1950/419/1836 2962/420/2848 4722/420/4545 2963/419/2849
f 2962/420/2848 1941/416/1827 2964/416/2850 4722/420/4545
f 4722/420/4545 2964/416/2850 1942/416/1828 2965/420/2851
f 2963/419/2849 4722/420/4545 2965/420/2851 1949/419/1835
f 1949/419/1835 2965/420/2851 4723/420/4546 2966/419/2852
f 2965/420/2851 1942/416/1828 2967/416/2853 4723/420/4546
f 4723/420/4546 2967/416/2853 1943/416/1829 2968/420/2854
f 2966/419/2852 4723/420/4546 2968/420/2854 1948/419/1834
f 1948/419/1834 2968/420/2854 4724/420/4547 2969/419/2855
f 2968/420/2854 1943/416/1829 2970/416/2856 4724/420/4547
f 4724/420/4547 2970/416/2856 1944/416/1830 2971/420/2857
f 2969/419/2855 4724/420/4547 2971/420/2857 1947/419/1833
f 1947/419/1833 2971/420/2857 4725/420/4548 2972/419/2858
f 2971/420/2857 1944/416/1830 2973/416/2859 4725/420/4548
f 4725/420/4548 2973/416/2859 1939/416/1825 2974/420/2860
f 2972/419/2858 4725/420/4548 2974/420/2860 1945/419/1831
f 1988/386/1874 2976/387/2862 4726/387/4549 2975/386/2861
f 2976/387/2862 1980/380/1866 2977/380/2863 4726/387/4549
f 4726/387/4549 2977/380/2863 1982/380/1868 2978/387/2864
f 2975/386/2861 4726/387/4549 2978/387/2864 1993/386/1879
f 1993/386/1879 2978/387/2864 4727/387/4550 2979/386/2865
f 2978/387/2864 1982/380/1868 2980/380/2866 4727/387/4550
f 4727/387/4550 2980/380/2866 1983/380/1869 2981/387/2867
f 2979/386/2865 4727/387/4550 2981/387/2867 1992/386/1878
f 1992/386/1878 2981/387/2867 4728/387/4551 2982/386/2868
f 2981/387/2867 1983/380/1869 2983/380/2869 4728/387/4551
f 4728/387/4551 2983/380/2869 1984/380/1870 2984/387/2870
f 2982/386/2868 4728/387/4551 2984/387/2870 1991/386/1877
f 1991/386/1877 2984/387/2870 4729/387/4552 2985/386/2871
f 2984/387/2870 1984/380/1870 2986/380/2872 4729/387/4552
f 4729/387/4552 2986/380/2872 1985/380/1871 2987/387/2873
f 2985/386/2871 4729/387/4552 2987/387/2873 1990/386/1876
f 1990/386/1876 2987/387/2873 4730/387/4553 2988/386/2874
f 2987/387/2873 1985/380/1871 2989/380/2875 4730/387/4553
f 4730/387/4553 2989/380/2875 1986/380/1872 2990/387/2876
f 2988/386/2874 4730/387/4553 2990/387/2876 1989/386/1875
f 1989/386/1875 2990/387/2876 4731/387/4554 2991/386/2877
f 2990/387/2876 1986/380/1872 2992/380/2878 4731/387/4554
f 4731/387/4554 2992/380/2878 1981/380/1867 2993/387/2879
f 2991/386/2877 4731/387/4554 2993/387/2879 1987/386/1873
f 2016/434/1902 2995/435/2881 4732/435/4555 2994/434/2880
f 2995/435/2881 2008/432/1894 2996/432/2882 4732/435/4555
f 4732/435/4555 2996/432/2882 2010/432/1896 2997/435/2883
f 2994/434/2880 4732/435/4555 2997/435/2883 2021/434/1907
f 2021/434/1907 2997/435/2883 4733/435/4556 2998/434/2884
f 2997/435/2883 2010/432/1896 2999/432/2885 4733/435/4556
f 4733/435/4556 2999/432/2885 2011/432/1897 3000/435/2886
f 2998/434/2884 4733/435/4556 3000/435/2886 2020/434/1906
f 2020/434/1906 3000/435/2886 4734/435/4557 3001/434/2887
f 3000/435/2886 2011/432/1897 3002/432/2888 4734/435/4557
f 4734/435/4557 3002/432/2888 2012/432/1898 3003/435/2889
f 3001/434/2887 4734/435/4557 3003/435/2889 2019/434/1905
f 2019/434/1905 3003/435/2889 4735/435/4558 3004/434/2890
f 3003/435/2889 2012/432/1898 3005/432/2891 4735/435/4558
f 4735/435/4558 3005/432/2891 2013/432/1899 3006/435/2892
f 3004/434/2890 4735/435/4558 3006/435/2892 2018/434/1904
f 2018/434/1904 3006/435/2892 4736/435/4559 3007/434/2893
f 3006/435/2892 2013/432/1899 3008/432/2894 4736/435/4559
f 4736/435/4559 3008/432/2894 2014/432/1900 3009/435/2895
f 3007/434/2893 4736/435/4559 3009/435/2895 2017/434/1903
f 2017/434/1903 3009/435/2895 4737/435/4560 3010/434/2896
f 3009/435/2895 2014/432/1900 3011/432/2897 4737/435/4560
f 4737/435/4560 3011/432/2897 2009/432/1895 3012/435/2898
f 3010/434/2896 4737/435/4560 3012/435/2898 2015/434/1901
f 1589/915/1475 3014/916/2900 4738/917/4561 3013/918/2899
f 3014/916/2900 1694/715/1580 2688/718/2574 4738/917/4561
f 4738/917/4561 2688/718/2574 1699/723/1585 3015/919/2901
f 3013/918/2899 4738/917/4561 3015/919/2901 1594/920/1480
f 1594/920/1480 3015/919/2901 4739/921/4562 3016/922/2902
f 3015/919/2901 1699/723/1585 2692/725/2578 4739/921/4562
f 4739/921/4562 2692/725/2578 1698/729/1584 3017/923/2903
f 3016/922/2902 4739/921/4562 3017/923/2903 1593/924/1479
f 1593/924/1479 3017/923/2903 4740/925/4563 3018/926/2904
f 3017/923/2903 1698/729/1584 2695/731/2581 4740/925/4563
f 4740/925/4563 2695/731/2581 1697/735/1583 3019/927/2905
f 3018/926/2904 4740/925/4563 3019/927/2905 1592/928/1478
f 1592/928/1478 3019/927/2905 4741/929/4564 3020/930/2906
f 3019/927/2905 1697/735/1583 2698/737/2584 4741/929/4564
f 4741/929/4564 2698/737/2584 1696/740/1582 3021/931/2907
f 3020/930/2906 4741/929/4564 3021/931/2907 1591/377/1477
f 1591/377/1477 3021/931/2907 4742/378/4565 3022/377/2908
f 3021/931/2907 1696/740/1582 2701/742/2587 4742/378/4565
f 4742/378/4565 2701/742/2587 1695/379/1581 3023/378/2909
f 3022/377/2908 4742/378/4565 3023/378/2909 1590/377/1476
f 1590/377/1476 3023/378/2909 4743/378/4566 3024/377/2910
f 3023/378/2909 1695/379/1581 2704/379/2590 4743/378/4566
f 4743/378/4566 2704/379/2590 1693/379/1579 3025/378/2911
f 3024/377/2910 4743/378/4566 3025/378/2911 1588/377/1474
f 1708/932/1594 3027/933/2913 4744/934/4567 3026/935/2912
f 3027/933/2913 1589/915/1475 3013/918/2899 4744/934/4567
f 4744/934/4567 3013/918/2899 1594/920/1480 3028/936/2914
f 3026/935/2912 4744/934/4567 3028/936/2914 1713/937/1599
f 1713/937/1599 3028/936/2914 4745/938/4568 3029/939/2915
f 3028/936/2914 1594/920/1480 3016/922/2902 4745/938/4568
f 4745/938/4568 3016/922/2902 1593/924/1479 3030/940/2916
f 3029/939/2915 4745/938/4568 3030/940/2916 1712/941/1598
f 1712/941/1598 3030/940/2916 4746/942/4569 3031/943/2917
f 3030/940/2916 1593/924/1479 3018/926/2904 4746/942/4569
f 4746/942/4569 3018/926/2904 1592/928/1478 3032/944/2918
f 3031/943/2917 4746/942/4569 3032/944/2918 1711/945/1597
f 1711/945/1597 3032/944/2918 4747/946/4570 3033/947/2919
f 3032/944/2918 1592/928/1478 3020/930/2906 4747/946/4570
f 4747/946/4570 3020/930/2906 1591/377/1477 3034/381/2920
f 3033/947/2919 4747/946/4570 3034/381/2920 1710/380/1596
f 1710/380/1596 3034/381/2920 4748/381/4571 3035/380/2921
f 3034/381/2920 1591/377/1477 3022/377/2908 4748/381/4571
f 4748/381/4571 3022/377/2908 1590/377/1476 3036/381/2922
f 3035/380/2921 4748/381/4571 3036/381/2922 1709/380/1595
f 1709/380/1595 3036/381/2922 4749/381/4572 3037/380/2923
f 3036/381/2922 1590/377/1476 3024/377/2910 4749/381/4572
f 4749/381/4572 3024/377/2910 1588/377/1474 3038/381/2924
f 3037/380/2923 4749/381/4572 3038/381/2924 1707/380/1593
f 1595/580/1481 3039/948/2925 4750/949/4573 2582/581/2468
f 3039/948/2925 1708/932/1594 3026/935/2912 4750/949/4573
f 4750/949/4573 3026/935/2912 1713/937/1599 3040/950/2926
f 2582/581/2468 4750/949/4573 3040/950/2926 1597/582/1483
f 1597/582/1483 3040/950/2926 4751/951/4574 2585/588/2471
f 3040/950/2926 1713/937/1599 3029/939/2915 4751/951/4574
f 4751/951/4574 3029/939/2915 1712/941/1598 3041/952/2927
f 2585/588/2471 4751/951/4574 3041/952/2927 1598/589/1484
f 1598/589/1484 3041/952/2927 4752/953/4575 2588/594/2474
f 3041/952/2927 1712/941/1598 3031/943/2917 4752/953/4575
f 4752/953/4575 3031/943/2917 1711/945/1597 3042/954/2928
f 2588/594/2474 4752/953/4575 3042/954/2928 1599/595/1485
f 1599/595/1485 3042/954/2928 4753/955/4576 2591/600/2477
f 3042/954/2928 1711/945/1597 3033/947/2919 4753/955/4576
f 4753/955/4576 3033/947/2919 1710/380/1596 3043/387/2929
f 2591/600/2477 4753/955/4576 3043/387/2929 1600/386/1486
f 1600/386/1486 3043/387/2929 4754/387/4577 2594/386/2480
f 3043/387/2929 1710/380/1596 3035/380/2921 4754/387/4577
f 4754/387/4577 3035/380/2921 1709/380/1595 3044/387/2930
f 2594/386/2480 4754/387/4577 3044/387/2930 1601/386/1487
f 1601/386/1487 3044/387/2930 4755/387/4578 2597/386/2483
f 3044/387/2930 1709/380/1595 3037/380/2923 4755/387/4578
f 4755/387/4578 3037/380/2923 1707/380/1593 3045/387/2931
f 2597/386/2483 4755/387/4578 3045/387/2931 1596/386/1482
f 1714/747/1600 3046/956/2932 4756/957/4579 2709/748/2595
f 3046/956/2932 1603/576/1489 2580/579/2466 4756/957/4579
f 4756/957/4579 2580/579/2466 1608/584/1494 3047/958/2933
f 2709/748/2595 4756/957/4579 3047/958/2933 1716/749/1602
f 1716/749/1602 3047/958/2933 4757/959/4580 2712/755/2598
f 3047/958/2933 1608/584/1494 2584/587/2470 4757/959/4580
f 4757/959/4580 2584/587/2470 1607/591/1493 3048/960/2934
f 2712/755/2598 4757/959/4580 3048/960/2934 1717/756/1603
f 1717/756/1603 3048/960/2934 4758/961/4581 2715/761/2601
f 3048/960/2934 1607/591/1493 2587/593/2473 4758/961/4581
f 4758/961/4581 2587/593/2473 1606/597/1492 3049/962/2935
f 2715/761/2601 4758/961/4581 3049/962/2935 1718/762/1604
f 1718/762/1604 3049/962/2935 4759/963/4582 2718/767/2604
f 3049/962/2935 1606/597/1492 2590/599/2476 4759/963/4582
f 4759/963/4582 2590/599/2476 1605/390/1491 3050/389/2936
f 2718/767/2604 4759/963/4582 3050/389/2936 1719/388/1605
f 1719/388/1605 3050/389/2936 4760/389/4583 2721/388/2607
f 3050/389/2936 1605/390/1491 2593/390/2479 4760/389/4583
f 4760/389/4583 2593/390/2479 1604/390/1490 3051/389/2937
f 2721/388/2607 4760/389/4583 3051/389/2937 1720/388/1606
f 1720/388/1606 3051/389/2937 4761/389/4584 2724/388/2610
f 3051/389/2937 1604/390/1490 2596/390/2482 4761/389/4584
f 4761/389/4584 2596/390/2482 1602/390/1488 3052/389/2938
f 2724/388/2610 4761/389/4584 3052/389/2938 1715/388/1601
f 1610/964/1496 3054/965/2940 4762/966/4585 3053/967/2939
f 3054/965/2940 1729/768/1615 2726/771/2612 4762/966/4585
f 4762/966/4585 2726/771/2612 1734/773/1620 3055/968/2941
f 3053/967/2939 4762/966/4585 3055/968/2941 1615/969/1501
f 1615/969/1501 3055/970/2941 4763/971/4586 3056/972/2942
f 3055/970/2941 1734/773/1620 2729/775/2615 4763/971/4586
f 4763/971/4586 2729/775/2615 1733/777/1619 3057/973/2943
f 3056/972/2942 4763/971/4586 3057/973/2943 1614/974/1500
f 1614/974/1500 3057/973/2943 4764/975/4587 3058/976/2944
f 3057/973/2943 1733/777/1619 2731/779/2617 4764/975/4587
f 4764/975/4587 2731/779/2617 1732/781/1618 3059/977/2945
f 3058/976/2944 4764/975/4587 3059/977/2945 1613/978/1499
f 1613/978/1499 3059/977/2945 4765/979/4588 3060/980/2946
f 3059/977/2945 1732/781/1618 2733/783/2619 4765/979/4588
f 4765/979/4588 2733/783/2619 1731/391/1617 3061/398/2947
f 3060/980/2946 4765/979/4588 3061/398/2947 1612/397/1498
f 1612/397/1498 3061/398/2947 4766/399/4589 3062/397/2948
f 3061/398/2947 1731/391/1617 2735/391/2621 4766/399/4589
f 4766/399/4589 2735/391/2621 1730/391/1616 3063/398/2949
f 3062/397/2948 4766/399/4589 3063/398/2949 1611/397/1497
f 1611/397/1497 3063/398/2949 4767/399/4590 3064/397/2950
f 3063/398/2949 1730/391/1616 2737/391/2623 4767/399/4590
f 4767/399/4590 2737/391/2623 1728/391/1614 3065/398/2951
f 3064/397/2950 4767/399/4590 3065/398/2951 1609/397/1495
f 1735/788/1621 3066/981/2952 4768/982/4591 2741/789/2627
f 3066/981/2952 1610/964/1496 3053/967/2939 4768/982/4591
f 4768/982/4591 3053/967/2939 1615/969/1501 3067/983/2953
f 2741/789/2627 4768/982/4591 3067/983/2953 1737/790/1623
f 1737/790/1623 3067/983/2953 4769/984/4592 2744/795/2630
f 3067/983/2953 1615/969/1501 3056/972/2942 4769/984/4592
f 4769/984/4592 3056/972/2942 1614/974/1500 3068/985/2954
f 2744/795/2630 4769/984/4592 3068/985/2954 1738/796/1624
f 1738/796/1624 3068/985/2954 4770/986/4593 2747/801/2633
f 3068/985/2954 1614/974/1500 3058/976/2944 4770/986/4593
f 4770/986/4593 3058/976/2944 1613/978/1499 3069/987/2955
f 2747/801/2633 4770/986/4593 3069/987/2955 1739/802/1625
f 1739/802/1625 3069/987/2955 4771/988/4594 2750/807/2636
f 3069/987/2955 1613/978/1499 3060/980/2946 4771/988/4594
f 4771/988/4594 3060/980/2946 1612/397/1498 3070/400/2956
f 2750/807/2636 4771/988/4594 3070/400/2956 1740/396/1626
f 1740/396/1626 3070/400/2956 4772/400/4595 2753/396/2639
f 3070/400/2956 1612/397/1498 3062/397/2948 4772/400/4595
f 4772/400/4595 3062/397/2948 1611/397/1497 3071/400/2957
f 2753/396/2639 4772/400/4595 3071/400/2957 1741/396/1627
f 1741/396/1627 3071/400/2957 4773/400/4596 2756/396/2642
f 3071/400/2957 1611/397/1497 3064/397/2950 4773/400/4596
f 4773/400/4596 3064/397/2950 1609/397/1495 3072/400/2958
f 2756/396/2642 4773/400/4596 3072/400/2958 1736/396/1622
f 1617/989/1503 3074/990/2960 4774/991/4597 3073/992/2959
f 3074/990/2960 1743/784/1629 2739/787/2625 4774/991/4597
f 4774/991/4597 2739/787/2625 1748/792/1634 3075/993/2961
f 3073/992/2959 4774/991/4597 3075/993/2961 1622/994/1508
f 1622/994/1508 3075/993/2961 4775/995/4598 3076/996/2962
f 3075/993/2961 1748/792/1634 2743/794/2629 4775/995/4598
f 4775/995/4598 2743/794/2629 1747/798/1633 3077/997/2963
f 3076/996/2962 4775/995/4598 3077/997/2963 1621/998/1507
f 1621/998/1507 3077/997/2963 4776/999/4599 3078/1000/2964
f 3077/997/2963 1747/798/1633 2746/800/2632 4776/999/4599
f 4776/999/4599 2746/800/2632 1746/804/1632 3079/1001/2965
f 3078/1000/2964 4776/999/4599 3079/1001/2965 1620/1002/1506
f 1620/1002/1506 3079/1001/2965 4777/1003/4600 3080/1004/2966
f 3079/1001/2965 1746/804/1632 2749/806/2635 4777/1003/4600
f 4777/1003/4600 2749/806/2635 1745/394/1631 3081/405/2967
f 3080/1004/2966 4777/1003/4600 3081/405/2967 1619/404/1505
f 1619/404/1505 3081/405/2967 4778/405/4601 3082/404/2968
f 3081/405/2967 1745/394/1631 2752/394/2638 4778/405/4601
f 4778/405/4601 2752/394/2638 1744/394/1630 3083/405/2969
f 3082/404/2968 4778/405/4601 3083/405/2969 1618/404/1504
f 1618/404/1504 3083/405/2969 4779/405/4602 3084/404/2970
f 3083/405/2969 1744/394/1630 2755/394/2641 4779/405/4602
f 4779/405/4602 2755/394/2641 1742/394/1628 3085/405/2971
f 3084/404/2970 4779/405/4602 3085/405/2971 1616/404/1502
f 1749/812/1635 3086/1005/2972 4780/1006/4603 2760/813/2646
f 3086/1005/2972 1617/989/1503 3073/992/2959 4780/1006/4603
f 4780/1006/4603 3073/992/2959 1622/994/1508 3087/1007/2973
f 2760/813/2646 4780/1006/4603 3087/1007/2973 1751/814/1637
f 1751/814/1637 3087/1007/2973 4781/1008/4604 2763/819/2649
f 3087/1007/2973 1622/994/1508 3076/996/2962 4781/1008/4604
f 4781/1008/4604 3076/996/2962 1621/998/1507 3088/1009/2974
f 2763/819/2649 4781/1008/4604 3088/1009/2974 1752/820/1638
f 1752/820/1638 3088/1009/2974 4782/1010/4605 2766/825/2652
f 3088/1009/2974 1621/998/1507 3078/1000/2964 4782/1010/4605
f 4782/1010/4605 3078/1000/2964 1620/1002/1506 3089/1011/2975
f 2766/825/2652 4782/1010/4605 3089/1011/2975 1753/826/1639
f 1753/826/1639 3089/1011/2975 4783/1012/4606 2769/831/2655
f 3089/1011/2975 1620/1002/1506 3080/1004/2966 4783/1012/4606
f 4783/1012/4606 3080/1004/2966 1619/404/1505 3090/406/2976
f 2769/831/2655 4783/1012/4606 3090/406/2976 1754/403/1640
f 1754/403/1640 3090/406/2976 4784/406/4607 2772/403/2658
f 3090/406/2976 1619/404/1505 3082/404/2968 4784/406/4607
f 4784/406/4607 3082/404/2968 1618/404/1504 3091/406/2977
f 2772/403/2658 4784/406/4607 3091/406/2977 1755/403/1641
f 1755/403/1641 3091/406/2977 4785/406/4608 2775/403/2661
f 3091/406/2977 1618/404/1504 3084/404/2970 4785/406/4608
f 4785/406/4608 3084/404/2970 1616/404/1502 3092/406/2978
f 2775/403/2661 4785/406/4608 3092/406/2978 1750/403/1636
f 1623/605/1509 3093/1013/2979 4786/1014/4609 2601/606/2487
f 3093/1013/2979 1757/808/1643 2758/811/2644 4786/1014/4609
f 4786/1014/4609 2758/811/2644 1762/816/1648 3094/1015/2980
f 2601/606/2487 4786/1014/4609 3094/1015/2980 1625/607/1511
f 1625/612/1511 3094/1015/2980 4787/1016/4610 2604/613/2490
f 3094/1015/2980 1762/816/1648 2762/818/2648 4787/1016/4610
f 4787/1016/4610 2762/818/2648 1761/822/1647 3095/1017/2981
f 2604/613/2490 4787/1016/4610 3095/1017/2981 1626/614/1512
f 1626/614/1512 3095/1017/2981 4788/1018/4611 2607/619/2493
f 3095/1017/2981 1761/822/1647 2765/824/2651 4788/1018/4611
f 4788/1018/4611 2765/824/2651 1760/828/1646 3096/1019/2982
f 2607/619/2493 4788/1018/4611 3096/1019/2982 1627/620/1513
f 1627/620/1513 3096/1019/2982 4789/1020/4612 2610/625/2496
f 3096/1019/2982 1760/828/1646 2768/830/2654 4789/1020/4612
f 4789/1020/4612 2768/830/2654 1759/401/1645 3097/415/2983
f 2610/625/2496 4789/1020/4612 3097/415/2983 1628/414/1514
f 1628/414/1514 3097/415/2983 4790/415/4613 2613/414/2499
f 3097/415/2983 1759/401/1645 2771/401/2657 4790/415/4613
f 4790/415/4613 2771/401/2657 1758/401/1644 3098/415/2984
f 2613/414/2499 4790/415/4613 3098/415/2984 1629/414/1515
f 1629/414/1515 3098/415/2984 4791/415/4614 2616/414/2502
f 3098/415/2984 1758/401/1644 2774/401/2660 4791/415/4614
f 4791/415/4614 2774/401/2660 1756/401/1642 3099/415/2985
f 2616/414/2502 4791/415/4614 3099/415/2985 1624/414/1510
f 1764/1021/1650 3101/1022/2987 4792/1023/4615 3100/1024/2986
f 3101/1022/2987 1638/626/1524 2618/629/2504 4792/1023/4615
f 4792/1023/4615 2618/629/2504 1643/631/1529 3102/1025/2988
f 3100/1024/2986 4792/1023/4615 3102/1025/2988 1769/1026/1655
f 1769/1026/1655 3102/1025/2988 4793/1027/4616 3103/1028/2989
f 3102/1025/2988 1643/631/1529 2621/633/2507 4793/1027/4616
f 4793/1027/4616 2621/633/2507 1642/635/1528 3104/1029/2990
f 3103/1028/2989 4793/1027/4616 3104/1029/2990 1768/1030/1654
f 1768/1030/1654 3104/1029/2990 4794/1031/4617 3105/1032/2991
f 3104/1029/2990 1642/635/1528 2623/637/2509 4794/1031/4617
f 4794/1031/4617 2623/637/2509 1641/639/1527 3106/1033/2992
f 3105/1032/2991 4794/1031/4617 3106/1033/2992 1767/1034/1653
f 1767/1034/1653 3106/1033/2992 4795/1035/4618 3107/1036/2993
f 3106/1033/2992 1641/639/1527 2625/641/2511 4795/1035/4618
f 4795/1035/4618 2625/641/2511 1640/416/1526 3108/420/2994
f 3107/1036/2993 4795/1035/4618 3108/420/2994 1766/419/1652
f 1766/419/1652 3108/420/2994 4796/420/4619 3109/419/2995
f 3108/420/2994 1640/416/1526 2627/416/2513 4796/420/4619
f 4796/420/4619 2627/416/2513 1639/416/1525 3110/420/2996
f 3109/419/2995 4796/420/4619 3110/420/2996 1765/419/1651
f 1765/419/1651 3110/420/2996 4797/420/4620 3111/419/2997
f 3110/420/2996 1639/416/1525 2629/416/2515 4797/420/4620
f 4797/420/4620 2629/416/2515 1637/416/1523 3112/420/2998
f 3111/419/2997 4797/420/4620 3112/420/2998 1763/419/1649
f 1644/646/1530 3113/1037/2999 4798/1038/4621 2633/647/2519
f 3113/1037/2999 1764/1021/1650 3100/1024/2986 4798/1038/4621
f 4798/1038/4621 3100/1024/2986 1769/1026/1655 3114/1039/3000
f 2633/647/2519 4798/1038/4621 3114/1039/3000 1646/648/1532
f 1646/648/1532 3114/1039/3000 4799/1040/4622 2636/653/2522
f 3114/1039/3000 1769/1026/1655 3103/1028/2989 4799/1040/4622
f 4799/1040/4622 3103/1028/2989 1768/1030/1654 3115/1041/3001
f 2636/653/2522 4799/1040/4622 3115/1041/3001 1647/654/1533
f 1647/654/1533 3115/1041/3001 4800/1042/4623 2639/659/2525
f 3115/1041/3001 1768/1030/1654 3105/1032/2991 4800/1042/4623
f 4800/1042/4623 3105/1032/2991 1767/1034/1653 3116/1043/3002
f 2639/659/2525 4800/1042/4623 3116/1043/3002 1648/660/1534
f 1648/660/1534 3116/1043/3002 4801/1044/4624 2642/665/2528
f 3116/1043/3002 1767/1034/1653 3107/1036/2993 4801/1044/4624
f 4801/1044/4624 3107/1036/2993 1766/419/1652 3117/426/3003
f 2642/665/2528 4801/1044/4624 3117/426/3003 1649/425/1535
f 1649/425/1535 3117/426/3003 4802/426/4625 2645/425/2531
f 3117/426/3003 1766/419/1652 3109/419/2995 4802/426/4625
f 4802/426/4625 3109/419/2995 1765/419/1651 3118/426/3004
f 2645/425/2531 4802/426/4625 3118/426/3004 1650/425/1536
f 1650/425/1536 3118/426/3004 4803/426/4626 2648/425/2534
f 3118/426/3004 1765/419/1651 3111/419/2997 4803/426/4626
f 4803/426/4626 3111/419/2997 1763/419/1649 3119/426/3005
f 2648/425/2534 4803/426/4626 3119/426/3005 1645/425/1531
f 1770/836/1656 3120/1045/3006 4804/1046/4627 2779/837/2665
f 3120/1045/3006 1652/642/1538 2631/645/2517 4804/1046/4627
f 4804/1046/4627 2631/645/2517 1657/650/1543 3121/1047/3007
f 2779/837/2665 4804/1046/4627 3121/1047/3007 1772/838/1658
f 1772/838/1658 3121/1047/3007 4805/1048/4628 2782/844/2668
f 3121/1047/3007 1657/650/1543 2635/652/2521 4805/1048/4628
f 4805/1048/4628 2635/652/2521 1656/656/1542 3122/1049/3008
f 2782/844/2668 4805/1048/4628 3122/1049/3008 1773/845/1659
f 1773/845/1659 3122/1049/3008 4806/1050/4629 2785/850/2671
f 3122/1049/3008 1656/656/1542 2638/658/2524 4806/1050/4629
f 4806/1050/4629 2638/658/2524 1655/662/1541 3123/1051/3009
f 2785/850/2671 4806/1050/4629 3123/1051/3009 1774/851/1660
f 1774/851/1660 3123/1051/3009 4807/1052/4630 2788/856/2674
f 3123/1051/3009 1655/662/1541 2641/664/2527 4807/1052/4630
f 4807/1052/4630 2641/664/2527 1654/428/1540 3124/427/3010
f 2788/856/2674 4807/1052/4630 3124/427/3010 1775/410/1661
f 1775/410/1661 3124/427/3010 4808/427/4631 2791/410/2677
f 3124/427/3010 1654/428/1540 2644/428/2530 4808/427/4631
f 4808/427/4631 2644/428/2530 1653/428/1539 3125/427/3011
f 2791/410/2677 4808/427/4631 3125/427/3011 1776/410/1662
f 1776/410/1662 3125/427/3011 4809/427/4632 2794/410/2680
f 3125/427/3011 1653/428/1539 2647/428/2533 4809/427/4632
f 4809/427/4632 2647/428/2533 1651/428/1537 3126/427/3012
f 2794/410/2680 4809/427/4632 3126/427/3012 1771/410/1657
f 1659/1053/1545 3128/1054/3014 4810/1055/4633 3127/1056/3013
f 3128/1054/3014 1778/832/1664 2777/835/2663 4810/1055/4633
f 4810/1055/4633 2777/835/2663 1783/840/1669 3129/1057/3015
f 3127/1056/3013 4810/1055/4633 3129/1057/3015 1664/1058/1550
f 1664/1058/1550 3129/1057/3015 4811/1059/4634 3130/1060/3016
f 3129/1057/3015 1783/840/1669 2781/843/2667 4811/1059/4634
f 4811/1059/4634 2781/843/2667 1782/847/1668 3131/1061/3017
f 3130/1060/3016 4811/1059/4634 3131/1061/3017 1663/1062/1549
f 1663/1062/1549 3131/1061/3017 4812/1063/4635 3132/1064/3018
f 3131/1061/3017 1782/847/1668 2784/849/2670 4812/1063/4635
f 4812/1063/4635 2784/849/2670 1781/853/1667 3133/1065/3019
f 3132/1064/3018 4812/1063/4635 3133/1065/3019 1662/1066/1548
f 1662/1066/1548 3133/1065/3019 4813/1067/4636 3134/1068/3020
f 3133/1065/3019 1781/853/1667 2787/855/2673 4813/1067/4636
f 4813/1067/4636 2787/855/2673 1780/407/1666 3135/433/3021
f 3134/1068/3020 4813/1067/4636 3135/433/3021 1661/432/1547
f 1661/432/1547 3135/433/3021 4814/433/4637 3136/432/3022
f 3135/433/3021 1780/407/1666 2790/407/2676 4814/433/4637
f 4814/433/4637 2790/407/2676 1779/407/1665 3137/433/3023
f 3136/432/3022 4814/433/4637 3137/433/3023 1660/432/1546
f 1660/432/1546 3137/433/3023 4815/433/4638 3138/432/3024
f 3137/433/3023 1779/407/1665 2793/407/2679 4815/433/4638
f 4815/433/4638 2793/407/2679 1777/407/1663 3139/433/3025
f 3138/432/3024 4815/433/4638 3139/433/3025 1658/432/1544
f 1785/1069/1671 3141/1070/3027 4816/1071/4639 3140/1072/3026
f 3141/1070/3027 1659/1053/1545 3127/1056/3013 4816/1071/4639
f 4816/1071/4639 3127/1056/3013 1664/1058/1550 3142/1073/3028
f 3140/1072/3026 4816/1071/4639 3142/1073/3028 1790/1074/1676
f 1790/1074/1676 3142/1073/3028 4817/1075/4640 3143/1076/3029
f 3142/1073/3028 1664/1058/1550 3130/1060/3016 4817/1075/4640
f 4817/1075/4640 3130/1060/3016 1663/1062/1549 3144/1077/3030
f 3143/1076/3029 4817/1075/4640 3144/1077/3030 1789/1078/1675
f 1789/1078/1675 3144/1077/3030 4818/1079/4641 3145/1080/3031
f 3144/1077/3030 1663/1062/1549 3132/1064/3018 4818/1079/4641
f 4818/1079/4641 3132/1064/3018 1662/1066/1548 3146/1081/3032
f 3145/1080/3031 4818/1079/4641 3146/1081/3032 1788/1082/1674
f 1788/1082/1674 3146/1081/3032 4819/1083/4642 3147/1084/3033
f 3146/1081/3032 1662/1066/1548 3134/1068/3020 4819/1083/4642
f 4819/1083/4642 3134/1068/3020 1661/432/1547 3148/435/3034
f 3147/1084/3033 4819/1083/4642 3148/435/3034 1787/434/1673
f 1787/434/1673 3148/435/3034 4820/435/4643 3149/434/3035
f 3148/435/3034 1661/432/1547 3136/432/3022 4820/435/4643
f 4820/435/4643 3136/432/3022 1660/432/1546 3150/435/3036
f 3149/434/3035 4820/435/4643 3150/435/3036 1786/434/1672
f 1786/434/1672 3150/435/3036 4821/435/4644 3151/434/3037
f 3150/435/3036 1660/432/1546 3138/432/3024 4821/435/4644
f 4821/435/4644 3138/432/3024 1658/432/1544 3152/435/3038
f 3151/434/3037 4821/435/4644 3152/435/3038 1784/434/1670
f 1665/670/1551 3153/1085/3039 4822/1086/4645 2652/671/2538
f 3153/1085/3039 1785/1069/1671 3140/1072/3026 4822/1086/4645
f 4822/1086/4645 3140/1072/3026 1790/1074/1676 3154/1087/3040
f 2652/671/2538 4822/1086/4645 3154/1087/3040 1667/672/1553
f 1667/672/1553 3154/1087/3040 4823/1088/4646 2655/678/2541
f 3154/1087/3040 1790/1074/1676 3143/1076/3029 4823/1088/4646
f 4823/1088/4646 3143/1076/3029 1789/1078/1675 3155/1089/3041
f 2655/678/2541 4823/1088/4646 3155/1089/3041 1668/679/1554
f 1668/679/1554 3155/1089/3041 4824/1090/4647 2658/684/2544
f 3155/1089/3041 1789/1078/1675 3145/1080/3031 4824/1090/4647
f 4824/1090/4647 3145/1080/3031 1788/1082/1674 3156/1091/3042
f 2658/684/2544 4824/1090/4647 3156/1091/3042 1669/685/1555
f 1669/685/1555 3156/1091/3042 4825/1092/4648 2661/690/2547
f 3156/1091/3042 1788/1082/1674 3147/1084/3033 4825/1092/4648
f 4825/1092/4648 3147/1084/3033 1787/434/1673 3157/437/3043
f 2661/690/2547 4825/1092/4648 3157/437/3043 1670/436/1556
f 1670/436/1556 3157/437/3043 4826/437/4649 2664/436/2550
f 3157/437/3043 1787/434/1673 3149/434/3035 4826/437/4649
f 4826/437/4649 3149/434/3035 1786/434/1672 3158/437/3044
f 2664/436/2550 4826/437/4649 3158/437/3044 1671/436/1557
f 1671/436/1557 3158/437/3044 4827/437/4650 2667/436/2553
f 3158/437/3044 1786/434/1672 3151/434/3037 4827/437/4650
f 4827/437/4650 3151/434/3037 1784/434/1670 3159/437/3045
f 2667/436/2553 4827/437/4650 3159/437/3045 1666/436/1552
f 1791/861/1677 3160/1093/3046 4828/1094/4651 2798/862/2684
f 3160/1093/3046 1673/666/1559 2650/669/2536 4828/1094/4651
f 4828/1094/4651 2650/669/2536 1678/674/1564 3161/1095/3047
f 2798/862/2684 4828/1094/4651 3161/1095/3047 1793/863/1679
f 1793/863/1679 3161/1095/3047 4829/1096/4652 2801/868/2687
f 3161/1095/3047 1678/675/1564 2654/677/2540 4829/1096/4652
f 4829/1096/4652 2654/677/2540 1677/681/1563 3162/1097/3048
f 2801/868/2687 4829/1096/4652 3162/1097/3048 1794/869/1680
f 1794/869/1680 3162/1097/3048 4830/1098/4653 2804/874/2690
f 3162/1097/3048 1677/681/1563 2657/683/2543 4830/1098/4653
f 4830/1098/4653 2657/683/2543 1676/687/1562 3163/1099/3049
f 2804/874/2690 4830/1098/4653 3163/1099/3049 1795/875/1681
f 1795/875/1681 3163/1099/3049 4831/1100/4654 2807/880/2693
f 3163/1099/3049 1676/687/1562 2660/689/2546 4831/1100/4654
f 4831/1100/4654 2660/689/2546 1675/439/1561 3164/438/3050
f 2807/880/2693 4831/1100/4654 3164/438/3050 1796/431/1682
f 1796/431/1682 3164/438/3050 4832/438/4655 2810/431/2696
f 3164/438/3050 1675/439/1561 2663/440/2549 4832/438/4655
f 4832/438/4655 2663/440/2549 1674/439/1560 3165/438/3051
f 2810/431/2696 4832/438/4655 3165/438/3051 1797/431/1683
f 1797/431/1683 3165/438/3051 4833/438/4656 2813/431/2699
f 3165/438/3051 1674/439/1560 2666/440/2552 4833/438/4656
f 4833/438/4656 2666/440/2552 1672/439/1558 3166/438/3052
f 2813/431/2699 4833/438/4656 3166/438/3052 1792/431/1678
f 1679/695/1565 3167/1101/3053 4834/1102/4657 2671/696/2557
f 3167/1101/3053 1799/857/1685 2796/860/2682 4834/1102/4657
f 4834/1102/4657 2796/860/2682 1804/865/1690 3168/1103/3054
f 2671/696/2557 4834/1102/4657 3168/1103/3054 1681/697/1567
f 1681/697/1567 3168/1103/3054 4835/1104/4658 2674/702/2560
f 3168/1103/3054 1804/865/1690 2800/867/2686 4835/1104/4658
f 4835/1104/4658 2800/867/2686 1803/871/1689 3169/1105/3055
f 2674/702/2560 4835/1104/4658 3169/1105/3055 1682/703/1568
f 1682/703/1568 3169/1105/3055 4836/1106/4659 2677/708/2563
f 3169/1105/3055 1803/871/1689 2803/873/2689 4836/1106/4659
f 4836/1106/4659 2803/873/2689 1802/877/1688 3170/1107/3056
f 2677/708/2563 4836/1106/4659 3170/1107/3056 1683/709/1569
f 1683/709/1569 3170/1107/3056 4837/1108/4660 2680/714/2566
f 3170/1107/3056 1802/877/1688 2806/879/2692 4837/1108/4660
f 4837/1108/4660 2806/879/2692 1801/429/1687 3171/447/3057
f 2680/714/2566 4837/1108/4660 3171/447/3057 1684/446/1570
f 1684/446/1570 3171/447/3057 4838/447/4661 2683/446/2569
f 3171/447/3057 1801/429/1687 2809/429/2695 4838/447/4661
f 4838/447/4661 2809/429/2695 1800/429/1686 3172/447/3058
f 2683/446/2569 4838/447/4661 3172/447/3058 1685/446/1571
f 1685/446/1571 3172/447/3058 4839/447/4662 2686/446/2572
f 3172/447/3058 1800/429/1686 2812/429/2698 4839/447/4662
f 4839/447/4662 2812/429/2698 1798/429/1684 3173/447/3059
f 2686/446/2572 4839/447/4662 3173/447/3059 1680/446/1566
f 1805/885/1691 3174/1109/3060 4840/1110/4663 2816/886/2702
f 3174/1109/3060 1687/691/1573 2669/694/2555 4840/1110/4663
f 4840/1110/4663 2669/694/2555 1692/699/1578 3175/1111/3061
f 2816/886/2702 4840/1110/4663 3175/1111/3061 1807/887/1693
f 1807/887/1693 3175/1111/3061 4841/1112/4664 2818/892/2704
f 3175/1111/3061 1692/699/1578 2673/701/2559 4841/1112/4664
f 4841/1112/4664 2673/701/2559 1691/705/1577 3176/1113/3062
f 2818/892/2704 4841/1112/4664 3176/1113/3062 1808/893/1694
f 1808/893/1694 3176/1113/3062 4842/1114/4665 2820/898/2706
f 3176/1113/3062 1691/705/1577 2676/707/2562 4842/1114/4665
f 4842/1114/4665 2676/707/2562 1690/711/1576 3177/1115/3063
f 2820/898/2706 4842/1114/4665 3177/1115/3063 1809/899/1695
f 1809/899/1695 3177/1115/3063 4843/1116/4666 2822/904/2708
f 3177/1115/3063 1690/711/1576 2679/713/2565 4843/1116/4666
f 4843/1116/4666 2679/713/2565 1689/449/1575 3178/1117/3064
f 2822/904/2708 4843/1116/4666 3178/1117/3064 1810/905/1696
f 1810/905/1696 3178/1117/3064 4844/448/4667 2824/908/2710
f 3178/1117/3064 1689/449/1575 2682/449/2568 4844/448/4667
f 4844/448/4667 2682/449/2568 1688/449/1574 3179/448/3065
f 2824/908/2710 4844/448/4667 3179/448/3065 1811/376/1697
f 1811/376/1697 3179/448/3065 4845/448/4668 2826/376/2712
f 3179/448/3065 1688/449/1574 2685/449/2571 4845/448/4668
f 4845/448/4668 2685/449/2571 1686/449/1572 3180/448/3066
f 2826/376/2712 4845/448/4668 3180/448/3066 1806/376/1692
f 1896/379/1782 3181/443/3067 4846/443/4669 2907/379/2793
f 3181/443/3067 1812/444/1698 3182/445/3068 4846/443/4669
f 4846/443/4669 3182/445/3068 1814/444/1700 3183/443/3069
f 2907/379/2793 4846/443/4669 3183/443/3069 1898/379/1784
f 1898/379/1784 3183/443/3069 4847/443/4670 2910/379/2796
f 3183/443/3069 1814/444/1700 3184/445/3070 4847/443/4670
f 4847/443/4670 3184/445/3070 1815/444/1701 3185/443/3071
f 2910/379/2796 4847/443/4670 3185/443/3071 1899/379/1785
f 1899/379/1785 3185/443/3071 4848/1118/4671 2913/379/2799
f 3185/443/3071 1815/444/1701 3186/445/3072 4848/1118/4671
f 4848/1118/4671 3186/445/3072 1816/444/1702 3187/1119/3073
f 2913/379/2799 4848/1118/4671 3187/1119/3073 1900/909/1786
f 1900/909/1786 3187/1119/3073 4849/1120/4672 2916/911/2802
f 3187/1119/3073 1816/444/1702 3188/1121/3074 4849/1120/4672
f 4849/1120/4672 3188/1121/3074 1817/1122/1703 3189/1123/3075
f 2916/911/2802 4849/1120/4672 3189/1123/3075 1901/379/1787
f 1901/379/1787 3189/1123/3075 4850/1124/4673 2919/379/2805
f 3189/1123/3075 1817/1122/1703 3190/1125/3076 4850/1124/4673
f 4850/1124/4673 3190/1125/3076 1818/1126/1704 3191/1127/3077
f 2919/379/2805 4850/1124/4673 3191/1127/3077 1902/913/1788
f 1902/913/1788 3191/1127/3077 4851/1128/4674 2922/914/2808
f 3191/1127/3077 1818/1126/1704 3192/1129/3078 4851/1128/4674
f 4851/1128/4674 3192/1129/3078 1813/444/1699 3193/442/3079
f 2922/914/2808 4851/1128/4674 3193/442/3079 1897/441/1783
f 1980/380/1866 3194/381/3080 4852/381/4675 2977/380/2863
f 3194/381/3080 1904/377/1790 2905/377/2791 4852/381/4675
f 4852/381/4675 2905/377/2791 1909/377/1795 3195/381/3081
f 2977/380/2863 4852/381/4675 3195/381/3081 1982/380/1868
f 1982/380/1868 3195/381/3081 4853/381/4676 2980/380/2866
f 3195/381/3081 1909/377/1795 2909/377/2795 4853/381/4676
f 4853/381/4676 2909/377/2795 1908/377/1794 3196/381/3082
f 2980/380/2866 4853/381/4676 3196/381/3082 1983/380/1869
f 1983/380/1869 3196/381/3082 4854/381/4677 2983/380/2869
f 3196/381/3082 1908/377/1794 2912/377/2798 4854/381/4677
f 4854/381/4677 2912/377/2798 1907/377/1793 3197/381/3083
f 2983/380/2869 4854/381/4677 3197/381/3083 1984/380/1870
f 1984/380/1870 3197/381/3083 4855/381/4678 2986/380/2872
f 3197/381/3083 1907/377/1793 2915/377/2801 4855/381/4678
f 4855/381/4678 2915/377/2801 1906/377/1792 3198/381/3084
f 2986/380/2872 4855/381/4678 3198/381/3084 1985/380/1871
f 1985/380/1871 3198/381/3084 4856/381/4679 2989/380/2875
f 3198/381/3084 1906/377/1792 2918/377/2804 4856/381/4679
f 4856/381/4679 2918/377/2804 1905/912/1791 3199/381/3085
f 2989/380/2875 4856/381/4679 3199/381/3085 1986/380/1872
f 1986/380/1872 3199/381/3085 4857/381/4680 2992/380/2878
f 3199/381/3085 1905/912/1791 2921/377/2807 4857/381/4680
f 4857/381/4680 2921/377/2807 1903/377/1789 3200/381/3086
f 2992/380/2878 4857/381/4680 3200/381/3086 1981/380/1867
f 1911/390/1797 3202/486/3088 4858/487/4681 3201/390/3087
f 3202/486/3088 1988/386/1874 2975/386/2861 4858/487/4681
f 4858/487/4681 2975/386/2861 1993/386/1879 3203/486/3089
f 3201/390/3087 4858/487/4681 3203/486/3089 1916/390/1802
f 1916/390/1802 3203/486/3089 4859/487/4682 3204/390/3090
f 3203/486/3089 1993/386/1879 2979/386/2865 4859/487/4682
f 4859/487/4682 2979/386/2865 1992/386/1878 3205/486/3091
f 3204/390/3090 4859/487/4682 3205/486/3091 1915/390/1801
f 1915/390/1801 3205/486/3091 4860/487/4683 3206/390/3092
f 3205/486/3091 1992/386/1878 2982/386/2868 4860/487/4683
f 4860/487/4683 2982/386/2868 1991/386/1877 3207/486/3093
f 3206/390/3092 4860/487/4683 3207/486/3093 1914/390/1800
f 1914/390/1800 3207/486/3093 4861/487/4684 3208/390/3094
f 3207/486/3093 1991/386/1877 2985/386/2871 4861/487/4684
f 4861/487/4684 2985/386/2871 1990/386/1876 3209/486/3095
f 3208/390/3094 4861/487/4684 3209/486/3095 1913/390/1799
f 1913/390/1799 3209/486/3095 4862/487/4685 3210/390/3096
f 3209/486/3095 1990/386/1876 2988/386/2874 4862/487/4685
f 4862/487/4685 2988/386/2874 1989/386/1875 3211/486/3097
f 3210/390/3096 4862/487/4685 3211/486/3097 1912/390/1798
f 1912/390/1798 3211/487/3097 4863/487/4686 3212/390/3098
f 3211/487/3097 1989/386/1875 2991/386/2877 4863/487/4686
f 4863/487/4686 2991/386/2877 1987/386/1873 3213/487/3099
f 3212/390/3098 4863/487/4686 3213/487/3099 1910/390/1796
f 1995/388/1881 3215/389/3101 4864/389/4687 3214/388/3100
f 3215/389/3101 1911/390/1797 3201/390/3087 4864/389/4687
f 4864/389/4687 3201/390/3087 1916/390/1802 3216/389/3102
f 3214/388/3100 4864/389/4687 3216/389/3102 2000/388/1886
f 2000/388/1886 3216/389/3102 4865/389/4688 3217/388/3103
f 3216/389/3102 1916/390/1802 3204/390/3090 4865/389/4688
f 4865/389/4688 3204/390/3090 1915/390/1801 3218/389/3104
f 3217/388/3103 4865/389/4688 3218/389/3104 1999/388/1885
f 1999/388/1885 3218/389/3104 4866/389/4689 3219/388/3105
f 3218/389/3104 1915/390/1801 3206/390/3092 4866/389/4689
f 4866/389/4689 3206/390/3092 1914/390/1800 3220/389/3106
f 3219/388/3105 4866/389/4689 3220/389/3106 1998/388/1884
f 1998/388/1884 3220/389/3106 4867/389/4690 3221/388/3107
f 3220/389/3106 1914/390/1800 3208/390/3094 4867/389/4690
f 4867/389/4690 3208/390/3094 1913/390/1799 3222/389/3108
f 3221/388/3107 4867/389/4690 3222/389/3108 1997/388/1883
f 1997/388/1883 3222/389/3108 4868/389/4691 3223/388/3109
f 3222/389/3108 1913/390/1799 3210/390/3096 4868/389/4691
f 4868/389/4691 3210/390/3096 1912/390/1798 3224/389/3110
f 3223/388/3109 4868/389/4691 3224/389/3110 1996/388/1882
f 1996/388/1882 3224/389/3110 4869/389/4692 3225/388/3111
f 3224/389/3110 1912/390/1798 3212/390/3098 4869/389/4692
f 4869/389/4692 3212/390/3098 1910/390/1796 3226/389/3112
f 3225/388/3111 4869/389/4692 3226/389/3112 1994/388/1880
f 1819/393/1705 3227/450/3113 4870/451/4693 2830/393/2716
f 3227/450/3113 1995/388/1881 3214/388/3100 4870/451/4693
f 4870/451/4693 3214/388/3100 2000/388/1886 3228/450/3114
f 2830/393/2716 4870/451/4693 3228/450/3114 1821/393/1707
f 1821/393/1707 3228/450/3114 4871/451/4694 2833/393/2719
f 3228/450/3114 2000/388/1886 3217/388/3103 4871/451/4694
f 4871/451/4694 3217/388/3103 1999/388/1885 3229/450/3115
f 2833/393/2719 4871/451/4694 3229/450/3115 1822/393/1708
f 1822/393/1708 3229/450/3115 4872/451/4695 2836/393/2722
f 3229/450/3115 1999/388/1885 3219/388/3105 4872/451/4695
f 4872/451/4695 3219/388/3105 1998/388/1884 3230/450/3116
f 2836/393/2722 4872/451/4695 3230/450/3116 1823/393/1709
f 1823/393/1709 3230/450/3116 4873/451/4696 2839/393/2725
f 3230/450/3116 1998/388/1884 3221/388/3107 4873/451/4696
f 4873/451/4696 3221/388/3107 1997/388/1883 3231/451/3117
f 2839/393/2725 4873/451/4696 3231/451/3117 1824/393/1710
f 1824/393/1710 3231/451/3117 4874/451/4697 2842/393/2728
f 3231/451/3117 1997/388/1883 3223/388/3109 4874/451/4697
f 4874/451/4697 3223/388/3109 1996/388/1882 3232/451/3118
f 2842/393/2728 4874/451/4697 3232/451/3118 1825/393/1711
f 1825/393/1711 3232/451/3118 4875/451/4698 2845/393/2731
f 3232/451/3118 1996/388/1882 3225/388/3111 4875/451/4698
f 4875/451/4698 3225/388/3111 1994/388/1880 3233/450/3119
f 2845/393/2731 4875/451/4698 3233/450/3119 1820/393/1706
f 1917/404/1803 3234/405/3120 4876/405/4699 2926/404/2812
f 3234/405/3120 1848/394/1734 2873/394/2759 4876/405/4699
f 4876/405/4699 2873/394/2759 1853/394/1739 3235/405/3121
f 2926/404/2812 4876/405/4699 3235/405/3121 1919/404/1805
f 1919/404/1805 3235/405/3121 4877/405/4700 2929/404/2815
f 3235/405/3121 1853/394/1739 2876/394/2762 4877/405/4700
f 4877/405/4700 2876/394/2762 1852/394/1738 3236/405/3122
f 2929/404/2815 4877/405/4700 3236/405/3122 1920/404/1806
f 1920/404/1806 3236/405/3122 4878/405/4701 2932/404/2818
f 3236/405/3122 1852/394/1738 2878/394/2764 4878/405/4701
f 4878/405/4701 2878/394/2764 1851/394/1737 3237/405/3123
f 2932/404/2818 4878/405/4701 3237/405/3123 1921/404/1807
f 1921/404/1807 3237/405/3123 4879/405/4702 2935/404/2821
f 3237/405/3123 1851/394/1737 2880/394/2766 4879/405/4702
f 4879/405/4702 2880/394/2766 1850/394/1736 3238/405/3124
f 2935/404/2821 4879/405/4702 3238/405/3124 1922/404/1808
f 1922/404/1808 3238/405/3124 4880/405/4703 2938/404/2824
f 3238/405/3124 1850/394/1736 2882/394/2768 4880/405/4703
f 4880/405/4703 2882/394/2768 1849/394/1735 3239/405/3125
f 2938/404/2824 4880/405/4703 3239/405/3125 1923/404/1809
f 1923/404/1809 3239/405/3125 4881/405/4704 2941/404/2827
f 3239/405/3125 1849/394/1735 2884/394/2770 4881/405/4704
f 4881/405/4704 2884/394/2770 1847/394/1733 3240/405/3126
f 2941/404/2827 4881/405/4704 3240/405/3126 1918/404/1804
f 1855/414/1741 3242/415/3128 4882/415/4705 3241/414/3127
f 3242/415/3128 1932/401/1818 2943/401/2829 4882/415/4705
f 4882/415/4705 2943/401/2829 1937/401/1823 3243/415/3129
f 3241/414/3127 4882/415/4705 3243/415/3129 1860/414/1746
f 1860/414/1746 3243/415/3129 4883/415/4706 3244/414/3130
f 3243/415/3129 1937/401/1823 2946/401/2832 4883/415/4706
f 4883/415/4706 2946/401/2832 1936/401/1822 3245/415/3131
f 3244/414/3130 4883/415/4706 3245/415/3131 1859/414/1745
f 1859/414/1745 3245/415/3131 4884/415/4707 3246/414/3132
f 3245/415/3131 1936/401/1822 2948/401/2834 4884/415/4707
f 4884/415/4707 2948/401/2834 1935/401/1821 3247/415/3133
f 3246/414/3132 4884/415/4707 3247/415/3133 1858/414/1744
f 1858/414/1744 3247/415/3133 4885/415/4708 3248/414/3134
f 3247/415/3133 1935/401/1821 2950/401/2836 4885/415/4708
f 4885/415/4708 2950/401/2836 1934/401/1820 3249/415/3135
f 3248/414/3134 4885/415/4708 3249/415/3135 1857/414/1743
f 1857/414/1743 3249/415/3135 4886/415/4709 3250/414/3136
f 3249/415/3135 1934/401/1820 2952/401/2838 4886/415/4709
f 4886/415/4709 2952/401/2838 1933/401/1819 3251/415/3137
f 3250/414/3136 4886/415/4709 3251/415/3137 1856/414/1742
f 1856/414/1742 3251/415/3137 4887/415/4710 3252/414/3138
f 3251/415/3137 1933/401/1819 2954/401/2840 4887/415/4710
f 4887/415/4710 2954/401/2840 1931/401/1817 3253/415/3139
f 3252/414/3138 4887/415/4710 3253/415/3139 1854/414/1740
f 2002/418/1888 3255/476/3141 4888/476/4711 3254/418/3140
f 3255/476/3141 1855/414/1741 3241/414/3127 4888/476/4711
f 4888/476/4711 3241/414/3127 1860/414/1746 3256/476/3142
f 3254/418/3140 4888/476/4711 3256/476/3142 2007/418/1893
f 2007/418/1893 3256/476/3142 4889/476/4712 3257/418/3143
f 3256/476/3142 1860/414/1746 3244/414/3130 4889/476/4712
f 4889/476/4712 3244/414/3130 1859/414/1745 3258/476/3144
f 3257/418/3143 4889/476/4712 3258/476/3144 2006/418/1892
f 2006/418/1892 3258/476/3144 4890/476/4713 3259/418/3145
f 3258/476/3144 1859/414/1745 3246/414/3132 4890/476/4713
f 4890/476/4713 3246/414/3132 1858/414/1744 3260/476/3146
f 3259/418/3145 4890/476/4713 3260/476/3146 2005/418/1891
f 2005/418/1891 3260/476/3146 4891/476/4714 3261/418/3147
f 3260/476/3146 1858/414/1744 3248/414/3134 4891/476/4714
f 4891/476/4714 3248/414/3134 1857/414/1743 3262/476/3148
f 3261/418/3147 4891/476/4714 3262/476/3148 2004/418/1890
f 2004/418/1890 3262/476/3148 4892/476/4715 3263/418/3149
f 3262/476/3148 1857/414/1743 3250/414/3136 4892/476/4715
f 4892/476/4715 3250/414/3136 1856/414/1742 3264/476/3150
f 3263/418/3149 4892/476/4715 3264/476/3150 2003/418/1889
f 2003/418/1889 3264/476/3150 4893/476/4716 3265/418/3151
f 3264/476/3150 1856/414/1742 3252/414/3138 4893/476/4716
f 4893/476/4716 3252/414/3138 1854/414/1740 3266/476/3152
f 3265/418/3151 4893/476/4716 3266/476/3152 2001/418/1887
f 1938/416/1824 3267/417/3153 4894/417/4717 2958/416/2844
f 3267/417/3153 2002/418/1888 3254/418/3140 4894/417/4717
f 4894/417/4717 3254/418/3140 2007/418/1893 3268/417/3154
f 2958/416/2844 4894/417/4717 3268/417/3154 1940/416/1826
f 1940/416/1826 3268/417/3154 4895/417/4718 2961/416/2847
f 3268/417/3154 2007/418/1893 3257/418/3143 4895/417/4718
f 4895/417/4718 3257/418/3143 2006/418/1892 3269/417/3155
f 2961/416/2847 4895/417/4718 3269/417/3155 1941/416/1827
f 1941/416/1827 3269/417/3155 4896/417/4719 2964/416/2850
f 3269/417/3155 2006/418/1892 3259/418/3145 4896/417/4719
f 4896/417/4719 3259/418/3145 2005/418/1891 3270/417/3156
f 2964/416/2850 4896/417/4719 3270/417/3156 1942/416/1828
f 1942/416/1828 3270/417/3156 4897/417/4720 2967/416/2853
f 3270/417/3156 2005/418/1891 3261/418/3147 4897/417/4720
f 4897/417/4720 3261/418/3147 2004/418/1890 3271/417/3157
f 2967/416/2853 4897/417/4720 3271/417/3157 1943/416/1829
f 1943/416/1829 3271/417/3157 4898/417/4721 2970/416/2856
f 3271/417/3157 2004/418/1890 3263/418/3149 4898/417/4721
f 4898/417/4721 3263/418/3149 2003/418/1889 3272/417/3158
f 2970/416/2856 4898/417/4721 3272/417/3158 1944/416/1830
f 1944/416/1830 3272/417/3158 4899/417/4722 2973/416/2859
f 3272/417/3158 2003/418/1889 3265/418/3151 4899/417/4722
f 4899/417/4722 3265/418/3151 2001/418/1887 3273/417/3159
f 2973/416/2859 4899/417/4722 3273/417/3159 1939/416/1825
f 1862/425/1748 3275/426/3161 4900/426/4723 3274/425/3160
f 3275/426/3161 1946/419/1832 2956/419/2842 4900/426/4723
f 4900/426/4723 2956/419/2842 1951/419/1837 3276/426/3162
f 3274/425/3160 4900/426/4723 3276/426/3162 1867/425/1753
f 1867/425/1753 3276/426/3162 4901/426/4724 3277/425/3163
f 3276/426/3162 1951/419/1837 2960/419/2846 4901/426/4724
f 4901/426/4724 2960/419/2846 1950/419/1836 3278/426/3164
f 3277/425/3163 4901/426/4724 3278/426/3164 1866/425/1752
f 1866/425/1752 3278/426/3164 4902/426/4725 3279/425/3165
f 3278/426/3164 1950/419/1836 2963/419/2849 4902/426/4725
f 4902/426/4725 2963/419/2849 1949/419/1835 3280/426/3166
f 3279/425/3165 4902/426/4725 3280/426/3166 1865/425/1751
f 1865/425/1751 3280/426/3166 4903/426/4726 3281/425/3167
f 3280/426/3166 1949/419/1835 2966/419/2852 4903/426/4726
f 4903/426/4726 2966/419/2852 1948/419/1834 3282/426/3168
f 3281/425/3167 4903/426/4726 3282/426/3168 1864/425/1750
f 1864/425/1750 3282/426/3168 4904/426/4727 3283/425/3169
f 3282/426/3168 1948/419/1834 2969/419/2855 4904/426/4727
f 4904/426/4727 2969/419/2855 1947/419/1833 3284/426/3170
f 3283/425/3169 4904/426/4727 3284/426/3170 1863/425/1749
f 1863/425/1749 3284/426/3170 4905/426/4728 3285/425/3171
f 3284/426/3170 1947/419/1833 2972/419/2858 4905/426/4728
f 4905/426/4728 2972/419/2858 1945/419/1831 3286/426/3172
f 3285/425/3171 4905/426/4728 3286/426/3172 1861/425/1747
f 1953/428/1839 3288/492/3174 4906/492/4729 3287/428/3173
f 3288/492/3174 1862/425/1748 3274/425/3160 4906/492/4729
f 4906/492/4729 3274/425/3160 1867/425/1753 3289/492/3175
f 3287/428/3173 4906/492/4729 3289/492/3175 1958/428/1844
f 1958/428/1844 3289/492/3175 4907/492/4730 3290/428/3176
f 3289/492/3175 1867/425/1753 3277/425/3163 4907/492/4730
f 4907/492/4730 3277/425/3163 1866/425/1752 3291/492/3177
f 3290/428/3176 4907/492/4730 3291/492/3177 1957/428/1843
f 1957/428/1843 3291/492/3177 4908/492/4731 3292/428/3178
f 3291/492/3177 1866/425/1752 3279/425/3165 4908/492/4731
f 4908/492/4731 3279/425/3165 1865/425/1751 3293/492/3179
f 3292/428/3178 4908/492/4731 3293/492/3179 1956/428/1842
f 1956/428/1842 3293/492/3179 4909/492/4732 3294/428/3180
f 3293/492/3179 1865/425/1751 3281/425/3167 4909/492/4732
f 4909/492/4732 3281/425/3167 1864/425/1750 3295/492/3181
f 3294/428/3180 4909/492/4732 3295/492/3181 1955/428/1841
f 1955/428/1841 3295/492/3181 4910/492/4733 3296/428/3182
f 3295/492/3181 1864/425/1750 3283/425/3169 4910/492/4733
f 4910/492/4733 3283/425/3169 1863/425/1749 3297/492/3183
f 3296/428/3182 4910/492/4733 3297/492/3183 1954/428/1840
f 1954/428/1840 3297/492/3183 4911/492/4734 3298/428/3184
f 3297/492/3183 1863/425/1749 3285/425/3171 4911/492/4734
f 4911/492/4734 3285/425/3171 1861/425/1747 3299/492/3185
f 3298/428/3184 4911/492/4734 3299/492/3185 1952/428/1838
f 1868/410/1754 3300/427/3186 4912/427/4735 2888/410/2774
f 3300/427/3186 1953/428/1839 3287/428/3173 4912/427/4735
f 4912/427/4735 3287/428/3173 1958/428/1844 3301/427/3187
f 2888/410/2774 4912/427/4735 3301/427/3187 1870/410/1756
f 1870/410/1756 3301/427/3187 4913/427/4736 2891/410/2777
f 3301/427/3187 1958/428/1844 3290/428/3176 4913/427/4736
f 4913/427/4736 3290/428/3176 1957/428/1843 3302/427/3188
f 2891/410/2777 4913/427/4736 3302/427/3188 1871/410/1757
f 1871/410/1757 3302/427/3188 4914/427/4737 2894/410/2780
f 3302/427/3188 1957/428/1843 3292/428/3178 4914/427/4737
f 4914/427/4737 3292/428/3178 1956/428/1842 3303/427/3189
f 2894/410/2780 4914/427/4737 3303/427/3189 1872/410/1758
f 1872/410/1758 3303/427/3189 4915/427/4738 2897/410/2783
f 3303/427/3189 1956/428/1842 3294/428/3180 4915/427/4738
f 4915/427/4738 3294/428/3180 1955/428/1841 3304/427/3190
f 2897/410/2783 4915/427/4738 3304/427/3190 1873/410/1759
f 1873/410/1759 3304/427/3190 4916/427/4739 2900/410/2786
f 3304/427/3190 1955/428/1841 3296/428/3182 4916/427/4739
f 4916/427/4739 3296/428/3182 1954/428/1840 3305/427/3191
f 2900/410/2786 4916/427/4739 3305/427/3191 1874/410/1760
f 1874/410/1760 3305/427/3191 4917/427/4740 2903/410/2789
f 3305/427/3191 1954/428/1840 3298/428/3184 4917/427/4740
f 4917/427/4740 3298/428/3184 1952/428/1838 3306/427/3192
f 2903/410/2789 4917/427/4740 3306/427/3192 1869/410/1755
f 2008/432/1894 3307/433/3193 4918/433/4741 2996/432/2882
f 3307/433/3193 1876/407/1762 2886/407/2772 4918/433/4741
f 4918/433/4741 2886/407/2772 1881/407/1767 3308/433/3194
f 2996/432/2882 4918/433/4741 3308/433/3194 2010/432/1896
f 2010/432/1896 3308/433/3194 4919/433/4742 2999/432/2885
f 3308/433/3194 1881/407/1767 2890/407/2776 4919/433/4742
f 4919/433/4742 2890/407/2776 1880/407/1766 3309/433/3195
f 2999/432/2885 4919/433/4742 3309/433/3195 2011/432/1897
f 2011/432/1897 3309/433/3195 4920/433/4743 3002/432/2888
f 3309/433/3195 1880/407/1766 2893/407/2779 4920/433/4743
f 4920/433/4743 2893/407/2779 1879/407/1765 3310/433/3196
f 3002/432/2888 4920/433/4743 3310/433/3196 2012/432/1898
f 2012/432/1898 3310/433/3196 4921/433/4744 3005/432/2891
f 3310/433/3196 1879/407/1765 2896/407/2782 4921/433/4744
f 4921/433/4744 2896/407/2782 1878/407/1764 3311/433/3197
f 3005/432/2891 4921/433/4744 3311/433/3197 2013/432/1899
f 2013/432/1899 3311/433/3197 4922/433/4745 3008/432/2894
f 3311/433/3197 1878/407/1764 2899/407/2785 4922/433/4745
f 4922/433/4745 2899/407/2785 1877/407/1763 3312/433/3198
f 3008/432/2894 4922/433/4745 3312/433/3198 2014/432/1900
f 2014/432/1900 3312/433/3198 4923/433/4746 3011/432/2897
f 3312/433/3198 1877/407/1763 2902/407/2788 4923/433/4746
f 4923/433/4746 2902/407/2788 1875/407/1761 3313/433/3199
f 3011/432/2897 4923/433/4746 3313/433/3199 2009/432/1895
f 1960/436/1846 3315/437/3201 4924/437/4747 3314/436/3200
f 3315/437/3201 2016/434/1902 2994/434/2880 4924/437/4747
f 4924/437/4747 2994/434/2880 2021/434/1907 3316/437/3202
f 3314/436/3200 4924/437/4747 3316/437/3202 1965/436/1851
f 1965/436/1851 3316/437/3202 4925/437/4748 3317/436/3203
f 3316/437/3202 2021/434/1907 2998/434/2884 4925/437/4748
f 4925/437/4748 2998/434/2884 2020/434/1906 3318/437/3204
f 3317/436/3203 4925/437/4748 3318/437/3204 1964/436/1850
f 1964/436/1850 3318/437/3204 4926/437/4749 3319/436/3205
f 3318/437/3204 2020/434/1906 3001/434/2887 4926/437/4749
f 4926/437/4749 3001/434/2887 2019/434/1905 3320/437/3206
f 3319/436/3205 4926/437/4749 3320/437/3206 1963/436/1849
f 1963/436/1849 3320/437/3206 4927/437/4750 3321/436/3207
f 3320/437/3206 2019/434/1905 3004/434/2890 4927/437/4750
f 4927/437/4750 3004/434/2890 2018/434/1904 3322/437/3208
f 3321/436/3207 4927/437/4750 3322/437/3208 1962/436/1848
f 1962/436/1848 3322/437/3208 4928/437/4751 3323/436/3209
f 3322/437/3208 2018/434/1904 3007/434/2893 4928/437/4751
f 4928/437/4751 3007/434/2893 2017/434/1903 3324/437/3210
f 3323/436/3209 4928/437/4751 3324/437/3210 1961/436/1847
f 1961/436/1847 3324/437/3210 4929/437/4752 3325/436/3211
f 3324/437/3210 2017/434/1903 3010/434/2896 4929/437/4752
f 4929/437/4752 3010/434/2896 2015/434/1901 3326/437/3212
f 3325/436/3211 4929/437/4752 3326/437/3212 1959/436/1845
f 1883/439/1769 3328/462/3214 4930/462/4753 3327/440/3213
f 3328/462/3214 1960/436/1846 3314/436/3200 4930/462/4753
f 4930/462/4753 3314/436/3200 1965/436/1851 3329/462/3215
f 3327/440/3213 4930/462/4753 3329/462/3215 1888/439/1774
f 1888/439/1774 3329/462/3215 4931/462/4754 3330/440/3216
f 3329/462/3215 1965/436/1851 3317/436/3203 4931/462/4754
f 4931/462/4754 3317/436/3203 1964/436/1850 3331/462/3217
f 3330/440/3216 4931/462/4754 3331/462/3217 1887/439/1773
f 1887/439/1773 3331/462/3217 4932/462/4755 3332/440/3218
f 3331/462/3217 1964/436/1850 3319/436/3205 4932/462/4755
f 4932/462/4755 3319/436/3205 1963/436/1849 3333/462/3219
f 3332/440/3218 4932/462/4755 3333/462/3219 1886/439/1772
f 1886/439/1772 3333/462/3219 4933/462/4756 3334/440/3220
f 3333/462/3219 1963/436/1849 3321/436/3207 4933/462/4756
f 4933/462/4756 3321/436/3207 1962/436/1848 3335/462/3221
f 3334/440/3220 4933/462/4756 3335/462/3221 1885/439/1771
f 1885/439/1771 3335/462/3221 4934/462/4757 3336/440/3222
f 3335/462/3221 1962/436/1848 3323/436/3209 4934/462/4757
f 4934/462/4757 3323/436/3209 1961/436/1847 3337/462/3223
f 3336/440/3222 4934/462/4757 3337/462/3223 1884/439/1770
f 1884/439/1770 3337/462/3223 4935/462/4758 3338/440/3224
f 3337/462/3223 1961/436/1847 3325/436/3211 4935/462/4758
f 4935/462/4758 3325/436/3211 1959/436/1845 3339/462/3225
f 3338/440/3224 4935/462/4758 3339/462/3225 1882/439/1768
f 2023/431/1909 3341/438/3227 4936/438/4759 3340/431/3226
f 3341/438/3227 1883/439/1769 3327/440/3213 4936/438/4759
f 4936/438/4759 3327/440/3213 1888/439/1774 3342/438/3228
f 3340/431/3226 4936/438/4759 3342/438/3228 2028/431/1914
f 2028/431/1914 3342/438/3228 4937/438/4760 3343/431/3229
f 3342/438/3228 1888/439/1774 3330/440/3216 4937/438/4760
f 4937/438/4760 3330/440/3216 1887/439/1773 3344/438/3230
f 3343/431/3229 4937/438/4760 3344/438/3230 2027/431/1913
f 2027/431/1913 3344/438/3230 4938/438/4761 3345/431/3231
f 3344/438/3230 1887/439/1773 3332/440/3218 4938/438/4761
f 4938/438/4761 3332/440/3218 1886/439/1772 3346/438/3232
f 3345/431/3231 4938/438/4761 3346/438/3232 2026/431/1912
f 2026/431/1912 3346/438/3232 4939/438/4762 3347/431/3233
f 3346/438/3232 1886/439/1772 3334/440/3220 4939/438/4762
f 4939/438/4762 3334/440/3220 1885/439/1771 3348/438/3234
f 3347/431/3233 4939/438/4762 3348/438/3234 2025/431/1911
f 2025/431/1911 3348/438/3234 4940/438/4763 3349/431/3235
f 3348/438/3234 1885/439/1771 3336/440/3222 4940/438/4763
f 4940/438/4763 3336/440/3222 1884/439/1770 3350/438/3236
f 3349/431/3235 4940/438/4763 3350/438/3236 2024/431/1910
f 2024/431/1910 3350/438/3236 4941/438/4764 3351/431/3237
f 3350/438/3236 1884/439/1770 3338/440/3224 4941/438/4764
f 4941/438/4764 3338/440/3224 1882/439/1768 3352/438/3238
f 3351/431/3237 4941/438/4764 3352/438/3238 2022/431/1908
f 1890/429/1776 3354/430/3240 4942/430/4765 3353/429/3239
f 3354/430/3240 2023/431/1909 3340/431/3226 4942/430/4765
f 4942/430/4765 3340/431/3226 2028/431/1914 3355/430/3241
f 3353/429/3239 4942/430/4765 3355/430/3241 1895/429/1781
f 1895/429/1781 3355/430/3241 4943/430/4766 3356/429/3242
f 3355/430/3241 2028/431/1914 3343/431/3229 4943/430/4766
f 4943/430/4766 3343/431/3229 2027/431/1913 3357/430/3243
f 3356/429/3242 4943/430/4766 3357/430/3243 1894/429/1780
f 1894/429/1780 3357/430/3243 4944/430/4767 3358/429/3244
f 3357/430/3243 2027/431/1913 3345/431/3231 4944/430/4767
f 4944/430/4767 3345/431/3231 2026/431/1912 3359/430/3245
f 3358/429/3244 4944/430/4767 3359/430/3245 1893/429/1779
f 1893/429/1779 3359/430/3245 4945/430/4768 3360/429/3246
f 3359/430/3245 2026/431/1912 3347/431/3233 4945/430/4768
f 4945/430/4768 3347/431/3233 2025/431/1911 3361/430/3247
f 3360/429/3246 4945/430/4768 3361/430/3247 1892/429/1778
f 1892/429/1778 3361/430/3247 4946/430/4769 3362/429/3248
f 3361/430/3247 2025/431/1911 3349/431/3235 4946/430/4769
f 4946/430/4769 3349/431/3235 2024/431/1910 3363/430/3249
f 3362/429/3248 4946/430/4769 3363/430/3249 1891/429/1777
f 1891/429/1777 3363/430/3249 4947/430/4770 3364/429/3250
f 3363/430/3249 2024/431/1910 3351/431/3237 4947/430/4770
f 4947/430/4770 3351/431/3237 2022/431/1908 3365/430/3251
f 3364/429/3250 4947/430/4770 3365/430/3251 1889/429/1775
f 1967/446/1853 3367/447/3253 4948/447/4771 3366/446/3252
f 3367/447/3253 1890/429/1776 3353/429/3239 4948/447/4771
f 4948/447/4771 3353/429/3239 1895/429/1781 3368/447/3254
f 3366/446/3252 4948/447/4771 3368/447/3254 1972/446/1858
f 1972/446/1858 3368/447/3254 4949/447/4772 3369/446/3255
f 3368/447/3254 1895/429/1781 3356/429/3242 4949/447/4772
f 4949/447/4772 3356/429/3242 1894/429/1780 3370/447/3256
f 3369/446/3255 4949/447/4772 3370/447/3256 1971/446/1857
f 1971/446/1857 3370/447/3256 4950/447/4773 3371/446/3257
f 3370/447/3256 1894/429/1780 3358/429/3244 4950/447/4773
f 4950/447/4773 3358/429/3244 1893/429/1779 3372/447/3258
f 3371/446/3257 4950/447/4773 3372/447/3258 1970/446/1856
f 1970/446/1856 3372/447/3258 4951/447/4774 3373/446/3259
f 3372/447/3258 1893/429/1779 3360/429/3246 4951/447/4774
f 4951/447/4774 3360/429/3246 1892/429/1778 3374/447/3260
f 3373/446/3259 4951/447/4774 3374/447/3260 1969/446/1855
f 1969/446/1855 3374/447/3260 4952/447/4775 3375/446/3261
f 3374/447/3260 1892/429/1778 3362/429/3248 4952/447/4775
f 4952/447/4775 3362/429/3248 1891/429/1777 3376/447/3262
f 3375/446/3261 4952/447/4775 3376/447/3262 1968/446/1854
f 1968/446/1854 3376/447/3262 4953/447/4776 3377/446/3263
f 3376/447/3262 1891/429/1777 3364/429/3250 4953/447/4776
f 4953/447/4776 3364/429/3250 1889/429/1775 3378/447/3264
f 3377/446/3263 4953/447/4776 3378/447/3264 1966/446/1852
f 2030/449/1916 3380/479/3266 4954/479/4777 3379/449/3265
f 3380/479/3266 1967/446/1853 3366/446/3252 4954/479/4777
f 4954/479/4777 3366/446/3252 1972/446/1858 3381/479/3267
f 3379/449/3265 4954/479/4777 3381/479/3267 2035/449/1921
f 2035/449/1921 3381/479/3267 4955/479/4778 3382/449/3268
f 3381/479/3267 1972/446/1858 3369/446/3255 4955/479/4778
f 4955/479/4778 3369/446/3255 1971/446/1857 3383/479/3269
f 3382/449/3268 4955/479/4778 3383/479/3269 2034/449/1920
f 2034/449/1920 3383/479/3269 4956/479/4779 3384/449/3270
f 3383/479/3269 1971/446/1857 3371/446/3257 4956/479/4779
f 4956/479/4779 3371/446/3257 1970/446/1856 3385/479/3271
f 3384/449/3270 4956/479/4779 3385/479/3271 2033/449/1919
f 2033/449/1919 3385/479/3271 4957/479/4780 3386/449/3272
f 3385/479/3271 1970/446/1856 3373/446/3259 4957/479/4780
f 4957/479/4780 3373/446/3259 1969/446/1855 3387/479/3273
f 3386/449/3272 4957/479/4780 3387/479/3273 2032/449/1918
f 2032/449/1918 3387/479/3273 4958/479/4781 3388/449/3274
f 3387/479/3273 1969/446/1855 3375/446/3261 4958/479/4781
f 4958/479/4781 3375/446/3261 1968/446/1854 3389/479/3275
f 3388/449/3274 4958/479/4781 3389/479/3275 2031/449/1917
f 2031/449/1917 3389/479/3275 4959/479/4782 3390/449/3276
f 3389/479/3275 1968/446/1854 3377/446/3263 4959/479/4782
f 4959/479/4782 3377/446/3263 1966/446/1852 3391/479/3277
f 3390/449/3276 4959/479/4782 3391/479/3277 2029/449/1915
f 1974/376/1860 3393/448/3279 4960/448/4783 3392/376/3278
f 3393/448/3279 2030/449/1916 3379/449/3265 4960/448/4783
f 4960/448/4783 3379/449/3265 2035/449/1921 3394/448/3280
f 3392/376/3278 4960/448/4783 3394/448/3280 1979/376/1865
f 1979/376/1865 3394/448/3280 4961/448/4784 3395/376/3281
f 3394/448/3280 2035/449/1921 3382/449/3268 4961/448/4784
f 4961/448/4784 3382/449/3268 2034/449/1920 3396/448/3282
f 3395/376/3281 4961/448/4784 3396/448/3282 1978/376/1864
f 1978/376/1864 3396/448/3282 4962/448/4785 3397/376/3283
f 3396/448/3282 2034/449/1920 3384/449/3270 4962/448/4785
f 4962/448/4785 3384/449/3270 2033/449/1919 3398/448/3284
f 3397/376/3283 4962/448/4785 3398/448/3284 1977/1130/1863
f 1977/1130/1863 3398/448/3284 4963/1131/4786 3399/1132/3285
f 3398/448/3284 2033/449/1919 3386/449/3272 4963/1131/4786
f 4963/1131/4786 3386/449/3272 2032/449/1918 3400/1131/3286
f 3399/1132/3285 4963/1131/4786 3400/1131/3286 1976/1133/1862
f 1976/1133/1862 3400/1131/3286 4964/1131/4787 3401/1134/3287
f 3400/1131/3286 2032/449/1918 3388/449/3274 4964/1131/4787
f 4964/1131/4787 3388/449/3274 2031/449/1917 3402/448/3288
f 3401/1134/3287 4964/1131/4787 3402/448/3288 1975/1135/1861
f 1975/1135/1861 3402/448/3288 4965/448/4788 3403/1130/3289
f 3402/448/3288 2031/449/1917 3390/449/3276 4965/448/4788
f 4965/448/4788 3390/449/3276 2029/449/1915 3404/448/3290
f 3403/1130/3289 4965/448/4788 3404/448/3290 1973/574/1859
f 1812/374/1698 3405/375/3291 4966/375/4789 3182/374/3068
f 3405/375/3291 1974/376/1860 3392/376/3278 4966/375/4789
f 4966/375/4789 3392/376/3278 1979/376/1865 3406/375/3292
f 3182/374/3068 4966/375/4789 3406/375/3292 1814/374/1700
f 1814/374/1700 3406/375/3292 4967/375/4790 3184/374/3070
f 3406/375/3292 1979/376/1865 3395/376/3281 4967/375/4790
f 4967/375/4790 3395/376/3281 1978/376/1864 3407/375/3293
f 3184/374/3070 4967/375/4790 3407/375/3293 1815/374/1701
f 1815/374/1701 3407/375/3293 4968/1136/4791 3186/374/3072
f 3407/375/3293 1978/376/1864 3397/376/3283 4968/1136/4791
f 4968/1136/4791 3397/376/3283 1977/1130/1863 3408/1137/3294
f 3186/374/3072 4968/1136/4791 3408/1137/3294 1816/374/1702
f 1816/374/1702 3408/1137/3294 4969/1138/4792 3188/1139/3074
f 3408/1137/3294 1977/1130/1863 3399/1132/3285 4969/1138/4792
f 4969/1138/4792 3399/1132/3285 1976/1133/1862 3409/1140/3295
f 3188/1139/3074 4969/1138/4792 3409/1140/3295 1817/1141/1703
f 1817/1141/1703 3409/1140/3295 4970/1142/4793 3190/1143/3076
f 3409/1140/3295 1976/1133/1862 3401/1134/3287 4970/1142/4793
f 4970/1142/4793 3401/1134/3287 1975/1135/1861 3410/1144/3296
f 3190/1143/3076 4970/1142/4793 3410/1144/3296 1818/1145/1704
f 1818/1145/1704 3410/1144/3296 4971/1146/4794 3192/1147/3078
f 3410/1144/3296 1975/1135/1861 3403/1130/3289 4971/1146/4794
f 4971/1146/4794 3403/1130/3289 1973/574/1859 3411/575/3297
f 3192/1147/3078 4971/1146/4794 3411/575/3297 1813/374/1699
f 2077/495/1963 3555/1148/3441 4972/1149/4795 3935/495/3821
f 3555/1148/3441 2081/459/1967 3936/459/3822 4972/1149/4795
f 4972/1149/4795 3936/459/3822 2208/1150/2094 3773/1151/3659
f 3935/495/3821 4972/1149/4795 3773/1151/3659 2204/1152/2090
f 2089/499/1975 3576/504/3462 4973/504/4796 3938/499/3824
f 3576/504/3462 2093/505/1979 3939/505/3825 4973/504/4796
f 4973/504/4796 3939/505/3825 2220/1153/2106 3794/1154/3680
f 3938/499/3824 4973/504/4796 3794/1154/3680 2216/1155/2102
f 2133/458/2019 3653/500/3539 4974/500/4797 3949/458/3835
f 3653/500/3539 2137/465/2023 3950/465/3836 4974/500/4797
f 4974/500/4797 3950/465/3836 2264/1156/2150 3871/1157/3757
f 3949/458/3835 4974/500/4797 3871/1157/3757 2260/1158/2146
f 2081/459/1967 3562/460/3448 4975/460/4798 3936/459/3822
f 3562/460/3448 2085/461/1971 3937/461/3823 4975/460/4798
f 4975/460/4798 3937/461/3823 2212/1159/2098 3780/1160/3666
f 3936/459/3822 4975/460/4798 3780/1160/3666 2208/1150/2094
f 2137/465/2023 3660/466/3546 4976/1161/4799 3950/465/3836
f 3660/466/3546 2141/452/2027 3951/452/3837 4976/1161/4799
f 4976/1161/4799 3951/452/3837 2268/1162/2154 3878/1163/3764
f 3950/465/3836 4976/1161/4799 3878/1163/3764 2264/1156/2150
f 2393/495/2279 4149/1148/4035 4977/1148/4800 4189/495/4075
f 4149/1148/4035 2317/459/2203 4190/459/4076 4977/1148/4800
f 4977/1148/4800 4190/459/4076 2080/459/1966 3549/1148/3435
f 4189/495/4075 4977/1148/4800 3549/1148/3435 2076/495/1962
f 2141/452/2027 3667/453/3553 4978/453/4801 3951/452/3837
f 3667/453/3553 2145/455/2031 3952/455/3838 4978/453/4801
f 4978/453/4801 3952/455/3838 2272/1164/2158 3885/1165/3771
f 3951/452/3837 4978/453/4801 3885/1165/3771 2268/1162/2154
f 2085/461/1971 3569/498/3455 4979/1166/4802 3937/461/3823
f 3569/498/3455 2089/499/1975 3938/499/3824 4979/1166/4802
f 4979/1166/4802 3938/499/3824 2216/1155/2102 3787/1167/3673
f 3937/461/3823 4979/1166/4802 3787/1167/3673 2212/1159/2098
f 2145/455/2031 3674/475/3560 4980/1168/4803 3952/455/3838
f 3674/475/3560 2149/470/2035 3953/1169/3839 4980/1168/4803
f 4980/1168/4803 3953/1169/3839 2276/1170/2162 3892/1171/3778
f 3952/455/3838 4980/1168/4803 3892/1171/3778 2272/1164/2158
f 2093/505/1979 3583/1172/3469 4981/1173/4804 3939/505/3825
f 3583/1172/3469 2097/480/1983 3940/1174/3826 4981/1173/4804
f 4981/1173/4804 3940/1174/3826 2224/1175/2110 3801/1176/3687
f 3939/505/3825 4981/1173/4804 3801/1176/3687 2220/1153/2106
f 2149/470/2035 3681/471/3567 4982/471/4805 3953/1169/3839
f 3681/471/3567 2153/467/2039 3954/467/3840 4982/471/4805
f 4982/471/4805 3954/467/3840 2280/1177/2166 3899/1178/3785
f 3953/1169/3839 4982/471/4805 3899/1178/3785 2276/1170/2162
f 2097/480/1983 3590/481/3476 4983/481/4806 3940/1174/3826
f 3590/481/3476 2101/411/1987 3941/411/3827 4983/481/4806
f 4983/481/4806 3941/411/3827 2228/1179/2114 3808/1180/3694
f 3940/1174/3826 4983/481/4806 3808/1180/3694 2224/1175/2110
f 2041/1181/1927 3492/1182/3378 4984/1182/4807 3925/1183/3811
f 3492/1182/3378 2045/482/1931 3927/482/3813 4984/1182/4807
f 4984/1182/4807 3927/482/3813 2172/1184/2058 3710/1185/3596
f 3925/1183/3811 4984/1182/4807 3710/1185/3596 2168/1186/2054
f 2153/467/2039 3688/468/3574 4985/1187/4808 3954/467/3840
f 3688/468/3574 2157/469/2043 3955/1188/3841 4985/1187/4808
f 4985/1187/4808 3955/1188/3841 2284/1189/2170 3906/1190/3792
f 3954/467/3840 4985/1187/4808 3906/1190/3792 2280/1177/2166
f 2101/411/1987 3597/412/3483 4986/1191/4809 3941/411/3827
f 3597/412/3483 2105/413/1991 3942/1192/3828 4986/1191/4809
f 4986/1191/4809 3942/1192/3828 2232/1193/2118 3815/1194/3701
f 3941/411/3827 4986/1191/4809 3815/1194/3701 2228/1179/2114
f 2049/485/1935 3506/490/3392 4987/490/4810 3928/485/3814
f 3506/490/3392 2053/491/1939 3929/1195/3815 4987/490/4810
f 4987/490/4810 3929/1195/3815 2180/1196/2066 3724/1197/3610
f 3928/485/3814 4987/490/4810 3724/1197/3610 2176/1198/2062
f 2157/469/2043 3695/1199/3581 4988/1199/4811 3955/1188/3841
f 3695/1199/3581 2161/472/2047 3926/472/3812 4988/1199/4811
f 4988/1199/4811 3926/472/3812 2288/1200/2174 3913/1201/3799
f 3955/1188/3841 4988/1199/4811 3913/1201/3799 2284/1189/2170
f 2105/413/1991 3604/463/3490 4989/463/4812 3942/1192/3828
f 3604/463/3490 2109/464/1995 3943/464/3829 4989/463/4812
f 4989/463/4812 3943/464/3829 2236/1202/2122 3822/1203/3708
f 3942/1192/3828 4989/463/4812 3822/1203/3708 2232/1193/2118
f 2053/491/1939 3513/1204/3399 4990/1204/4813 3929/1195/3815
f 3513/1204/3399 2057/477/1943 3930/477/3816 4990/1204/4813
f 4990/1204/4813 3930/477/3816 2184/1205/2070 3731/1206/3617
f 3929/1195/3815 4990/1204/4813 3731/1206/3617 2180/1196/2066
f 2109/464/1995 3611/1207/3497 4991/1207/4814 3943/464/3829
f 3611/1207/3497 2113/496/1999 3944/1208/3830 4991/1207/4814
f 4991/1207/4814 3944/1208/3830 2240/1209/2126 3829/1210/3715
f 3943/464/3829 4991/1207/4814 3829/1210/3715 2236/1202/2122
f 2057/477/1943 3520/478/3406 4992/1211/4815 3930/477/3816
f 3520/478/3406 2061/382/1947 3931/1212/3817 4992/1211/4815
f 4992/1211/4815 3931/1212/3817 2188/1213/2074 3738/1214/3624
f 3930/477/3816 4992/1211/4815 3738/1214/3624 2184/1205/2070
f 2113/496/1999 3618/497/3504 4993/497/4816 3944/1208/3830
f 3618/497/3504 2117/488/2003 3945/488/3831 4993/497/4816
f 4993/497/4816 3945/488/3831 2244/1215/2130 3836/1216/3722
f 3944/1208/3830 4993/497/4816 3836/1216/3722 2240/1209/2126
f 2061/382/1947 3527/383/3413 4994/384/4817 3931/1212/3817
f 3527/383/3413 2065/385/1951 3932/385/3818 4994/384/4817
f 4994/384/4817 3932/385/3818 2192/1217/2078 3745/1218/3631
f 3931/1212/3817 4994/384/4817 3745/1218/3631 2188/1213/2074
f 2117/488/2003 3625/489/3511 4995/489/4818 3945/488/3831
f 3625/489/3511 2121/421/2007 3946/1219/3832 4995/489/4818
f 4995/489/4818 3946/1219/3832 2248/1220/2134 3843/1221/3729
f 3945/488/3831 4995/489/4818 3843/1221/3729 2244/1215/2130
f 2065/385/1951 3534/501/3420 4996/501/4819 3932/385/3818
f 3534/501/3420 2069/502/1955 3933/1222/3819 4996/501/4819
f 4996/501/4819 3933/1222/3819 2196/1223/2082 3752/1224/3638
f 3932/385/3818 4996/501/4819 3752/1224/3638 2192/1217/2078
f 2121/421/2007 3632/422/3518 4997/423/4820 3946/1219/3832
f 3632/422/3518 2125/424/2011 3947/424/3833 4997/423/4820
f 4997/423/4820 3947/424/3833 2252/1225/2138 3850/1226/3736
f 3946/1219/3832 4997/423/4820 3850/1226/3736 2248/1220/2134
f 2069/502/1955 3541/1227/3427 4998/1228/4821 3933/1222/3819
f 3541/1227/3427 2073/493/1959 3934/493/3820 4998/1228/4821
f 4998/1228/4821 3934/493/3820 2200/1229/2086 3759/1230/3645
f 3933/1222/3819 4998/1228/4821 3759/1230/3645 2196/1223/2082
f 2125/424/2011 3639/503/3525 4999/503/4822 3947/424/3833
f 3639/503/3525 2129/456/2015 3948/1231/3834 4999/503/4822
f 4999/503/4822 3948/1231/3834 2256/1232/2142 3857/1233/3743
f 3947/424/3833 4999/503/4822 3857/1233/3743 2252/1225/2138
f 2073/493/1959 3548/494/3434 5000/494/4823 3934/493/3820
f 3548/494/3434 2077/495/1963 3935/495/3821 5000/494/4823
f 5000/494/4823 3935/495/3821 2204/1152/2090 3766/1234/3652
f 3934/493/3820 5000/494/4823 3766/1234/3652 2200/1229/2086
f 2129/456/2015 3646/457/3532 5001/1235/4824 3948/1231/3834
f 3646/457/3532 2133/458/2019 3949/458/3835 5001/1235/4824
f 5001/1235/4824 3949/458/3835 2260/1158/2146 3864/1236/3750
f 3948/1231/3834 5001/1235/4824 3864/1236/3750 2256/1232/2142
f 2161/472/2047 3699/473/3585 5002/473/4825 3926/472/3812
f 3699/473/3585 2036/474/1922 3924/474/3810 5002/473/4825
f 5002/473/4825 3924/474/3810 2165/474/2051 3920/473/3806
f 3926/472/3812 5002/473/4825 3920/473/3806 2288/1200/2174
f 2297/1183/2183 3972/1182/3858 5003/1182/4826 4181/1183/4067
f 3972/1182/3858 2301/482/2187 4183/484/4069 5003/1182/4826
f 5003/1182/4826 4183/484/4069 2044/482/1930 3486/1182/3372
f 4181/1183/4067 5003/1182/4826 3486/1182/3372 2040/1183/1926
f 2368/469/2254 4072/1199/3958 5004/1199/4827 4207/469/4093
f 4072/1199/3958 2373/472/2259 4182/472/4068 5004/1199/4827
f 5004/1199/4827 4182/472/4068 2160/472/2046 3689/1199/3575
f 4207/469/4093 5004/1199/4827 3689/1199/3575 2156/469/2042
f 2405/505/2291 4160/1172/4046 5005/1172/4828 4194/505/4080
f 4160/1172/4046 2321/480/2207 4192/480/4078 5005/1172/4828
f 5005/1172/4828 4192/480/4078 2096/480/1982 3577/1172/3463
f 4194/505/4080 5005/1172/4828 3577/1172/3463 2092/505/1978
f 2376/491/2262 4086/1204/3972 5006/1204/4829 4185/491/4071
f 4086/1204/3972 2381/477/2267 4209/477/4095 5006/1204/4829
f 5006/1204/4829 4209/477/4095 2056/477/1942 3507/1204/3393
f 4185/491/4071 5006/1204/4829 3507/1204/3393 2052/491/1938
f 2329/464/2215 4006/1207/3892 5007/1207/4830 4196/464/4082
f 4006/1207/3892 2333/496/2219 4197/496/4083 5007/1207/4830
f 5007/1207/4830 4197/496/4083 2112/496/1998 3605/1207/3491
f 4196/464/4082 5007/1207/4830 3605/1207/3491 2108/464/1994
f 2308/502/2194 3989/1227/3875 5008/1227/4831 4186/502/4072
f 3989/1227/3875 2313/493/2199 4187/493/4073 5008/1227/4831
f 5008/1227/4831 4187/493/4073 2072/493/1958 3535/1227/3421
f 4186/502/4072 5008/1227/4831 3535/1227/3421 2068/502/1954
f 2045/482/1931 3499/483/3385 5009/483/4832 3927/482/3813
f 3499/483/3385 2049/485/1935 3928/485/3814 5009/483/4832
f 5009/483/4832 3928/485/3814 2176/1198/2062 3717/1237/3603
f 3927/482/3813 5009/483/4832 3717/1237/3603 2172/1184/2058
f 2037/1238/1923 3477/1239/3363 5010/1239/4833 3476/1240/3362
f 3477/1239/3363 2040/1183/1926 3478/1183/3364 5010/1239/4833
f 5010/1239/4833 3478/1183/3364 2042/1183/1928 3479/1241/3365
f 3476/1240/3362 5010/1239/4833 3479/1241/3365 2039/1238/1925
f 2039/1238/1925 3479/1241/3365 5011/1242/4834 3480/1243/3366
f 3479/1241/3365 2042/1183/1928 3481/1181/3367 5011/1242/4834
f 5011/1242/4834 3481/1181/3367 2043/1181/1929 3482/1244/3368
f 3480/1243/3366 5011/1242/4834 3482/1244/3368 2038/1245/1924
f 2038/1245/1924 3482/1244/3368 5012/1242/4835 3483/1243/3369
f 3482/1244/3368 2043/1181/1929 3484/1181/3370 5012/1242/4835
f 5012/1242/4835 3484/1181/3370 2041/1183/1927 3485/1241/3371
f 3483/1243/3369 5012/1242/4835 3485/1241/3371 2036/1238/1922
f 2040/1183/1926 3486/1182/3372 5013/1182/4836 3478/1183/3364
f 3486/1182/3372 2044/482/1930 3487/484/3373 5013/1182/4836
f 5013/1182/4836 3487/484/3373 2046/482/1932 3488/1182/3374
f 3478/1183/3364 5013/1182/4836 3488/1182/3374 2042/1183/1928
f 2042/1183/1928 3488/1182/3374 5014/1182/4837 3481/1181/3367
f 3488/1182/3374 2046/482/1932 3489/484/3375 5014/1182/4837
f 5014/1182/4837 3489/484/3375 2047/482/1933 3490/1182/3376
f 3481/1181/3367 5014/1182/4837 3490/1182/3376 2043/1246/1929
f 2043/1246/1929 3490/1182/3376 5015/1182/4838 3484/1181/3370
f 3490/1182/3376 2047/482/1933 3491/484/3377 5015/1182/4838
f 5015/1182/4838 3491/484/3377 2045/482/1931 3492/1182/3378
f 3484/1181/3370 5015/1182/4838 3492/1182/3378 2041/1181/1927
f 2044/482/1930 3493/483/3379 5016/483/4839 3487/484/3373
f 3493/483/3379 2048/485/1934 3494/485/3380 5016/483/4839
f 5016/483/4839 3494/485/3380 2050/485/1936 3495/483/3381
f 3487/484/3373 5016/483/4839 3495/483/3381 2046/482/1932
f 2046/482/1932 3495/483/3381 5017/483/4840 3489/484/3375
f 3495/483/3381 2050/485/1936 3496/485/3382 5017/483/4840
f 5017/483/4840 3496/485/3382 2051/485/1937 3497/483/3383
f 3489/484/3375 5017/483/4840 3497/483/3383 2047/482/1933
f 2047/482/1933 3497/483/3383 5018/483/4841 3491/484/3377
f 3497/483/3383 2051/485/1937 3498/485/3384 5018/483/4841
f 5018/483/4841 3498/485/3384 2049/485/1935 3499/483/3385
f 3491/484/3377 5018/483/4841 3499/483/3385 2045/482/1931
f 2048/485/1934 3500/490/3386 5019/490/4842 3494/485/3380
f 3500/490/3386 2052/491/1938 3501/491/3387 5019/490/4842
f 5019/490/4842 3501/491/3387 2054/491/1940 3502/490/3388
f 3494/485/3380 5019/490/4842 3502/490/3388 2050/485/1936
f 2050/485/1936 3502/490/3388 5020/490/4843 3496/485/3382
f 3502/490/3388 2054/491/1940 3503/491/3389 5020/490/4843
f 5020/490/4843 3503/491/3389 2055/491/1941 3504/490/3390
f 3496/485/3382 5020/490/4843 3504/490/3390 2051/485/1937
f 2051/485/1937 3504/490/3390 5021/490/4844 3498/485/3384
f 3504/490/3390 2055/491/1941 3505/491/3391 5021/490/4844
f 5021/490/4844 3505/491/3391 2053/491/1939 3506/490/3392
f 3498/485/3384 5021/490/4844 3506/490/3392 2049/485/1935
f 2052/491/1938 3507/1204/3393 5022/1204/4845 3501/491/3387
f 3507/1204/3393 2056/477/1942 3508/477/3394 5022/1204/4845
f 5022/1204/4845 3508/477/3394 2058/477/1944 3509/1204/3395
f 3501/491/3387 5022/1204/4845 3509/1204/3395 2054/491/1940
f 2054/491/1940 3509/1204/3395 5023/1204/4846 3503/491/3389
f 3509/1204/3395 2058/477/1944 3510/477/3396 5023/1204/4846
f 5023/1204/4846 3510/477/3396 2059/477/1945 3511/1204/3397
f 3503/491/3389 5023/1204/4846 3511/1204/3397 2055/491/1941
f 2055/491/1941 3511/1204/3397 5024/1204/4847 3505/491/3391
f 3511/1204/3397 2059/477/1945 3512/477/3398 5024/1204/4847
f 5024/1204/4847 3512/477/3398 2057/477/1943 3513/1204/3399
f 3505/491/3391 5024/1204/4847 3513/1204/3399 2053/491/1939
f 2056/477/1942 3514/478/3400 5025/478/4848 3508/477/3394
f 3514/478/3400 2060/382/1946 3515/382/3401 5025/478/4848
f 5025/478/4848 3515/382/3401 2062/382/1948 3516/478/3402
f 3508/477/3394 5025/478/4848 3516/478/3402 2058/477/1944
f 2058/477/1944 3516/478/3402 5026/478/4849 3510/477/3396
f 3516/478/3402 2062/382/1948 3517/382/3403 5026/478/4849
f 5026/478/4849 3517/382/3403 2063/382/1949 3518/478/3404
f 3510/477/3396 5026/478/4849 3518/478/3404 2059/477/1945
f 2059/477/1945 3518/478/3404 5027/478/4850 3512/477/3398
f 3518/478/3404 2063/382/1949 3519/382/3405 5027/478/4850
f 5027/478/4850 3519/382/3405 2061/382/1947 3520/478/3406
f 3512/477/3398 5027/478/4850 3520/478/3406 2057/477/1943
f 2060/382/1946 3521/383/3407 5028/384/4851 3515/382/3401
f 3521/383/3407 2064/385/1950 3522/385/3408 5028/384/4851
f 5028/384/4851 3522/385/3408 2066/385/1952 3523/383/3409
f 3515/382/3401 5028/384/4851 3523/383/3409 2062/382/1948
f 2062/382/1948 3523/383/3409 5029/384/4852 3517/382/3403
f 3523/383/3409 2066/385/1952 3524/385/3410 5029/384/4852
f 5029/384/4852 3524/385/3410 2067/385/1953 3525/383/3411
f 3517/382/3403 5029/384/4852 3525/383/3411 2063/382/1949
f 2063/382/1949 3525/383/3411 5030/384/4853 3519/382/3405
f 3525/383/3411 2067/385/1953 3526/385/3412 5030/384/4853
f 5030/384/4853 3526/385/3412 2065/385/1951 3527/383/3413
f 3519/382/3405 5030/384/4853 3527/383/3413 2061/382/1947
f 2064/385/1950 3528/501/3414 5031/501/4854 3522/385/3408
f 3528/501/3414 2068/502/1954 3529/502/3415 5031/501/4854
f 5031/501/4854 3529/502/3415 2070/502/1956 3530/501/3416
f 3522/385/3408 5031/501/4854 3530/501/3416 2066/385/1952
f 2066/385/1952 3530/501/3416 5032/501/4855 3524/385/3410
f 3530/501/3416 2070/502/1956 3531/502/3417 5032/501/4855
f 5032/501/4855 3531/502/3417 2071/502/1957 3532/501/3418
f 3524/385/3410 5032/501/4855 3532/501/3418 2067/385/1953
f 2067/385/1953 3532/501/3418 5033/501/4856 3526/385/3412
f 3532/501/3418 2071/502/1957 3533/502/3419 5033/501/4856
f 5033/501/4856 3533/502/3419 2069/502/1955 3534/501/3420
f 3526/385/3412 5033/501/4856 3534/501/3420 2065/385/1951
f 2068/502/1954 3535/1227/3421 5034/1227/4857 3529/502/3415
f 3535/1227/3421 2072/493/1958 3536/493/3422 5034/1227/4857
f 5034/1227/4857 3536/493/3422 2074/493/1960 3537/1227/3423
f 3529/502/3415 5034/1227/4857 3537/1227/3423 2070/502/1956
f 2070/502/1956 3537/1227/3423 5035/1227/4858 3531/502/3417
f 3537/1227/3423 2074/493/1960 3538/493/3424 5035/1227/4858
f 5035/1227/4858 3538/493/3424 2075/493/1961 3539/1227/3425
f 3531/502/3417 5035/1227/4858 3539/1227/3425 2071/502/1957
f 2071/502/1957 3539/1227/3425 5036/1227/4859 3533/502/3419
f 3539/1227/3425 2075/493/1961 3540/493/3426 5036/1227/4859
f 5036/1227/4859 3540/493/3426 2073/493/1959 3541/1227/3427
f 3533/502/3419 5036/1227/4859 3541/1227/3427 2069/502/1955
f 2072/493/1958 3542/494/3428 5037/494/4860 3536/493/3422
f 3542/494/3428 2076/495/1962 3543/495/3429 5037/494/4860
f 5037/494/4860 3543/495/3429 2078/495/1964 3544/494/3430
f 3536/493/3422 5037/494/4860 3544/494/3430 2074/493/1960
f 2074/493/1960 3544/494/3430 5038/494/4861 3538/493/3424
f 3544/494/3430 2078/495/1964 3545/495/3431 5038/494/4861
f 5038/494/4861 3545/495/3431 2079/495/1965 3546/494/3432
f 3538/493/3424 5038/494/4861 3546/494/3432 2075/493/1961
f 2075/493/1961 3546/494/3432 5039/494/4862 3540/493/3426
f 3546/494/3432 2079/495/1965 3547/495/3433 5039/494/4862
f 5039/494/4862 3547/495/3433 2077/495/1963 3548/494/3434
f 3540/493/3426 5039/494/4862 3548/494/3434 2073/493/1959
f 2076/495/1962 3549/1148/3435 5040/1148/4863 3543/495/3429
f 3549/1148/3435 2080/459/1966 3550/459/3436 5040/1148/4863
f 5040/1148/4863 3550/459/3436 2082/459/1968 3551/1148/3437
f 3543/495/3429 5040/1148/4863 3551/1148/3437 2078/495/1964
f 2078/495/1964 3551/1148/3437 5041/1148/4864 3545/495/3431
f 3551/1148/3437 2082/459/1968 3552/459/3438 5041/1148/4864
f 5041/1148/4864 3552/459/3438 2083/459/1969 3553/1148/3439
f 3545/495/3431 5041/1148/4864 3553/1148/3439 2079/495/1965
f 2079/495/1965 3553/1148/3439 5042/1148/4865 3547/495/3433
f 3553/1148/3439 2083/459/1969 3554/459/3440 5042/1148/4865
f 5042/1148/4865 3554/459/3440 2081/459/1967 3555/1148/3441
f 3547/495/3433 5042/1148/4865 3555/1148/3441 2077/495/1963
f 2080/459/1966 3556/460/3442 5043/460/4866 3550/459/3436
f 3556/460/3442 2084/461/1970 3557/461/3443 5043/460/4866
f 5043/460/4866 3557/461/3443 2086/461/1972 3558/460/3444
f 3550/459/3436 5043/460/4866 3558/460/3444 2082/459/1968
f 2082/459/1968 3558/460/3444 5044/460/4867 3552/459/3438
f 3558/460/3444 2086/461/1972 3559/461/3445 5044/460/4867
f 5044/460/4867 3559/461/3445 2087/461/1973 3560/460/3446
f 3552/459/3438 5044/460/4867 3560/460/3446 2083/459/1969
f 2083/459/1969 3560/460/3446 5045/460/4868 3554/459/3440
f 3560/460/3446 2087/461/1973 3561/461/3447 5045/460/4868
f 5045/460/4868 3561/461/3447 2085/461/1971 3562/460/3448
f 3554/459/3440 5045/460/4868 3562/460/3448 2081/459/1967
f 2084/461/1970 3563/498/3449 5046/498/4869 3557/461/3443
f 3563/498/3449 2088/499/1974 3564/499/3450 5046/498/4869
f 5046/498/4869 3564/499/3450 2090/499/1976 3565/498/3451
f 3557/461/3443 5046/498/4869 3565/498/3451 2086/461/1972
f 2086/461/1972 3565/498/3451 5047/498/4870 3559/461/3445
f 3565/498/3451 2090/499/1976 3566/499/3452 5047/498/4870
f 5047/498/4870 3566/499/3452 2091/499/1977 3567/498/3453
f 3559/461/3445 5047/498/4870 3567/498/3453 2087/461/1973
f 2087/461/1973 3567/498/3453 5048/498/4871 3561/461/3447
f 3567/498/3453 2091/499/1977 3568/499/3454 5048/498/4871
f 5048/498/4871 3568/499/3454 2089/499/1975 3569/498/3455
f 3561/461/3447 5048/498/4871 3569/498/3455 2085/461/1971
f 2088/499/1974 3570/504/3456 5049/504/4872 3564/499/3450
f 3570/504/3456 2092/505/1978 3571/505/3457 5049/504/4872
f 5049/504/4872 3571/505/3457 2094/505/1980 3572/504/3458
f 3564/499/3450 5049/504/4872 3572/504/3458 2090/499/1976
f 2090/499/1976 3572/504/3458 5050/504/4873 3566/499/3452
f 3572/504/3458 2094/505/1980 3573/505/3459 5050/504/4873
f 5050/504/4873 3573/505/3459 2095/505/1981 3574/504/3460
f 3566/499/3452 5050/504/4873 3574/504/3460 2091/499/1977
f 2091/499/1977 3574/504/3460 5051/504/4874 3568/499/3454
f 3574/504/3460 2095/505/1981 3575/505/3461 5051/504/4874
f 5051/504/4874 3575/505/3461 2093/505/1979 3576/504/3462
f 3568/499/3454 5051/504/4874 3576/504/3462 2089/499/1975
f 2092/505/1978 3577/1172/3463 5052/1172/4875 3571/505/3457
f 3577/1172/3463 2096/480/1982 3578/480/3464 5052/1172/4875
f 5052/1172/4875 3578/480/3464 2098/480/1984 3579/1172/3465
f 3571/505/3457 5052/1172/4875 3579/1172/3465 2094/505/1980
f 2094/505/1980 3579/1172/3465 5053/1172/4876 3573/505/3459
f 3579/1172/3465 2098/480/1984 3580/480/3466 5053/1172/4876
f 5053/1172/4876 3580/480/3466 2099/1174/1985 3581/1172/3467
f 3573/505/3459 5053/1172/4876 3581/1172/3467 2095/505/1981
f 2095/505/1981 3581/1172/3467 5054/1172/4877 3575/505/3461
f 3581/1172/3467 2099/1174/1985 3582/480/3468 5054/1172/4877
f 5054/1172/4877 3582/480/3468 2097/480/1983 3583/1172/3469
f 3575/505/3461 5054/1172/4877 3583/1172/3469 2093/505/1979
f 2096/480/1982 3584/481/3470 5055/481/4878 3578/480/3464
f 3584/481/3470 2100/411/1986 3585/411/3471 5055/481/4878
f 5055/481/4878 3585/411/3471 2102/411/1988 3586/481/3472
f 3578/480/3464 5055/481/4878 3586/481/3472 2098/480/1984
f 2098/480/1984 3586/481/3472 5056/481/4879 3580/480/3466
f 3586/481/3472 2102/411/1988 3587/411/3473 5056/481/4879
f 5056/481/4879 3587/411/3473 2103/411/1989 3588/481/3474
f 3580/480/3466 5056/481/4879 3588/481/3474 2099/1174/1985
f 2099/1174/1985 3588/481/3474 5057/481/4880 3582/480/3468
f 3588/481/3474 2103/411/1989 3589/411/3475 5057/481/4880
f 5057/481/4880 3589/411/3475 2101/411/1987 3590/481/3476
f 3582/480/3468 5057/481/4880 3590/481/3476 2097/480/1983
f 2100/411/1986 3591/412/3477 5058/412/4881 3585/411/3471
f 3591/412/3477 2104/413/1990 3592/413/3478 5058/412/4881
f 5058/412/4881 3592/413/3478 2106/413/1992 3593/412/3479
f 3585/411/3471 5058/412/4881 3593/412/3479 2102/411/1988
f 2102/411/1988 3593/412/3479 5059/412/4882 3587/411/3473
f 3593/412/3479 2106/413/1992 3594/413/3480 5059/412/4882
f 5059/412/4882 3594/413/3480 2107/413/1993 3595/412/3481
f 3587/411/3473 5059/412/4882 3595/412/3481 2103/411/1989
f 2103/411/1989 3595/412/3481 5060/412/4883 3589/411/3475
f 3595/412/3481 2107/413/1993 3596/413/3482 5060/412/4883
f 5060/412/4883 3596/413/3482 2105/413/1991 3597/412/3483
f 3589/411/3475 5060/412/4883 3597/412/3483 2101/411/1987
f 2104/413/1990 3598/463/3484 5061/463/4884 3592/413/3478
f 3598/463/3484 2108/464/1994 3599/464/3485 5061/463/4884
f 5061/463/4884 3599/464/3485 2110/464/1996 3600/463/3486
f 3592/413/3478 5061/463/4884 3600/463/3486 2106/413/1992
f 2106/413/1992 3600/463/3486 5062/463/4885 3594/413/3480
f 3600/463/3486 2110/464/1996 3601/464/3487 5062/463/4885
f 5062/463/4885 3601/464/3487 2111/464/1997 3602/463/3488
f 3594/413/3480 5062/463/4885 3602/463/3488 2107/413/1993
f 2107/413/1993 3602/463/3488 5063/463/4886 3596/413/3482
f 3602/463/3488 2111/464/1997 3603/464/3489 5063/463/4886
f 5063/463/4886 3603/464/3489 2109/464/1995 3604/463/3490
f 3596/413/3482 5063/463/4886 3604/463/3490 2105/413/1991
f 2108/464/1994 3605/1207/3491 5064/1207/4887 3599/464/3485
f 3605/1207/3491 2112/496/1998 3606/496/3492 5064/1207/4887
f 5064/1207/4887 3606/496/3492 2114/496/2000 3607/1207/3493
f 3599/464/3485 5064/1207/4887 3607/1207/3493 2110/464/1996
f 2110/464/1996 3607/1207/3493 5065/1207/4888 3601/464/3487
f 3607/1207/3493 2114/496/2000 3608/496/3494 5065/1207/4888
f 5065/1207/4888 3608/496/3494 2115/496/2001 3609/1207/3495
f 3601/464/3487 5065/1207/4888 3609/1207/3495 2111/464/1997
f 2111/464/1997 3609/1207/3495 5066/1207/4889 3603/464/3489
f 3609/1207/3495 2115/496/2001 3610/496/3496 5066/1207/4889
f 5066/1207/4889 3610/496/3496 2113/496/1999 3611/1207/3497
f 3603/464/3489 5066/1207/4889 3611/1207/3497 2109/464/1995
f 2112/496/1998 3612/497/3498 5067/497/4890 3606/496/3492
f 3612/497/3498 2116/488/2002 3613/488/3499 5067/497/4890
f 5067/497/4890 3613/488/3499 2118/488/2004 3614/497/3500
f 3606/496/3492 5067/497/4890 3614/497/3500 2114/496/2000
f 2114/496/2000 3614/497/3500 5068/497/4891 3608/496/3494
f 3614/497/3500 2118/488/2004 3615/488/3501 5068/497/4891
f 5068/497/4891 3615/488/3501 2119/488/2005 3616/497/3502
f 3608/496/3494 5068/497/4891 3616/497/3502 2115/496/2001
f 2115/496/2001 3616/497/3502 5069/497/4892 3610/496/3496
f 3616/497/3502 2119/488/2005 3617/488/3503 5069/497/4892
f 5069/497/4892 3617/488/3503 2117/488/2003 3618/497/3504
f 3610/496/3496 5069/497/4892 3618/497/3504 2113/496/1999
f 2116/488/2002 3619/489/3505 5070/489/4893 3613/488/3499
f 3619/489/3505 2120/421/2006 3620/421/3506 5070/489/4893
f 5070/489/4893 3620/421/3506 2122/421/2008 3621/489/3507
f 3613/488/3499 5070/489/4893 3621/489/3507 2118/488/2004
f 2118/488/2004 3621/489/3507 5071/489/4894 3615/488/3501
f 3621/489/3507 2122/421/2008 3622/421/3508 5071/489/4894
f 5071/489/4894 3622/421/3508 2123/421/2009 3623/489/3509
f 3615/488/3501 5071/489/4894 3623/489/3509 2119/488/2005
f 2119/488/2005 3623/489/3509 5072/489/4895 3617/488/3503
f 3623/489/3509 2123/421/2009 3624/421/3510 5072/489/4895
f 5072/489/4895 3624/421/3510 2121/421/2007 3625/489/3511
f 3617/488/3503 5072/489/4895 3625/489/3511 2117/488/2003
f 2120/421/2006 3626/422/3512 5073/423/4896 3620/421/3506
f 3626/422/3512 2124/424/2010 3627/424/3513 5073/423/4896
f 5073/423/4896 3627/424/3513 2126/424/2012 3628/422/3514
f 3620/421/3506 5073/423/4896 3628/422/3514 2122/421/2008
f 2122/421/2008 3628/422/3514 5074/423/4897 3622/421/3508
f 3628/422/3514 2126/424/2012 3629/424/3515 5074/423/4897
f 5074/423/4897 3629/424/3515 2127/424/2013 3630/422/3516
f 3622/421/3508 5074/423/4897 3630/422/3516 2123/421/2009
f 2123/421/2009 3630/422/3516 5075/423/4898 3624/421/3510
f 3630/422/3516 2127/424/2013 3631/424/3517 5075/423/4898
f 5075/423/4898 3631/424/3517 2125/424/2011 3632/422/3518
f 3624/421/3510 5075/423/4898 3632/422/3518 2121/421/2007
f 2124/424/2010 3633/503/3519 5076/503/4899 3627/424/3513
f 3633/503/3519 2128/456/2014 3634/456/3520 5076/503/4899
f 5076/503/4899 3634/456/3520 2130/456/2016 3635/503/3521
f 3627/424/3513 5076/503/4899 3635/503/3521 2126/424/2012
f 2126/424/2012 3635/503/3521 5077/503/4900 3629/424/3515
f 3635/503/3521 2130/456/2016 3636/456/3522 5077/503/4900
f 5077/503/4900 3636/456/3522 2131/456/2017 3637/503/3523
f 3629/424/3515 5077/503/4900 3637/503/3523 2127/424/2013
f 2127/424/2013 3637/503/3523 5078/503/4901 3631/424/3517
f 3637/503/3523 2131/456/2017 3638/456/3524 5078/503/4901
f 5078/503/4901 3638/456/3524 2129/456/2015 3639/503/3525
f 3631/424/3517 5078/503/4901 3639/503/3525 2125/424/2011
f 2128/456/2014 3640/457/3526 5079/457/4902 3634/456/3520
f 3640/457/3526 2132/458/2018 3641/458/3527 5079/457/4902
f 5079/457/4902 3641/458/3527 2134/458/2020 3642/457/3528
f 3634/456/3520 5079/457/4902 3642/457/3528 2130/456/2016
f 2130/456/2016 3642/457/3528 5080/457/4903 3636/456/3522
f 3642/457/3528 2134/458/2020 3643/458/3529 5080/457/4903
f 5080/457/4903 3643/458/3529 2135/458/2021 3644/457/3530
f 3636/456/3522 5080/457/4903 3644/457/3530 2131/456/2017
f 2131/456/2017 3644/457/3530 5081/457/4904 3638/456/3524
f 3644/457/3530 2135/458/2021 3645/458/3531 5081/457/4904
f 5081/457/4904 3645/458/3531 2133/458/2019 3646/457/3532
f 3638/456/3524 5081/457/4904 3646/457/3532 2129/456/2015
f 2132/458/2018 3647/500/3533 5082/500/4905 3641/458/3527
f 3647/500/3533 2136/465/2022 3648/465/3534 5082/500/4905
f 5082/500/4905 3648/465/3534 2138/465/2024 3649/500/3535
f 3641/458/3527 5082/500/4905 3649/500/3535 2134/458/2020
f 2134/458/2020 3649/500/3535 5083/500/4906 3643/458/3529
f 3649/500/3535 2138/465/2024 3650/465/3536 5083/500/4906
f 5083/500/4906 3650/465/3536 2139/465/2025 3651/500/3537
f 3643/458/3529 5083/500/4906 3651/500/3537 2135/458/2021
f 2135/458/2021 3651/500/3537 5084/500/4907 3645/458/3531
f 3651/500/3537 2139/465/2025 3652/465/3538 5084/500/4907
f 5084/500/4907 3652/465/3538 2137/465/2023 3653/500/3539
f 3645/458/3531 5084/500/4907 3653/500/3539 2133/458/2019
f 2136/465/2022 3654/466/3540 5085/466/4908 3648/465/3534
f 3654/466/3540 2140/452/2026 3655/454/3541 5085/466/4908
f 5085/466/4908 3655/454/3541 2142/452/2028 3656/466/3542
f 3648/465/3534 5085/466/4908 3656/466/3542 2138/465/2024
f 2138/465/2024 3656/466/3542 5086/466/4909 3650/465/3536
f 3656/466/3542 2142/452/2028 3657/452/3543 5086/466/4909
f 5086/466/4909 3657/452/3543 2143/452/2029 3658/466/3544
f 3650/465/3536 5086/466/4909 3658/466/3544 2139/465/2025
f 2139/465/2025 3658/466/3544 5087/466/4910 3652/465/3538
f 3658/466/3544 2143/452/2029 3659/454/3545 5087/466/4910
f 5087/466/4910 3659/454/3545 2141/452/2027 3660/466/3546
f 3652/465/3538 5087/466/4910 3660/466/3546 2137/465/2023
f 2140/452/2026 3661/453/3547 5088/453/4911 3655/454/3541
f 3661/453/3547 2144/455/2030 3662/455/3548 5088/453/4911
f 5088/453/4911 3662/455/3548 2146/455/2032 3663/453/3549
f 3655/454/3541 5088/453/4911 3663/453/3549 2142/452/2028
f 2142/452/2028 3663/453/3549 5089/453/4912 3657/452/3543
f 3663/453/3549 2146/455/2032 3664/455/3550 5089/453/4912
f 5089/453/4912 3664/455/3550 2147/455/2033 3665/453/3551
f 3657/452/3543 5089/453/4912 3665/453/3551 2143/452/2029
f 2143/452/2029 3665/453/3551 5090/453/4913 3659/454/3545
f 3665/453/3551 2147/455/2033 3666/455/3552 5090/453/4913
f 5090/453/4913 3666/455/3552 2145/455/2031 3667/453/3553
f 3659/454/3545 5090/453/4913 3667/453/3553 2141/452/2027
f 2144/455/2030 3668/475/3554 5091/475/4914 3662/455/3548
f 3668/475/3554 2148/470/2034 3669/470/3555 5091/475/4914
f 5091/475/4914 3669/470/3555 2150/470/2036 3670/475/3556
f 3662/455/3548 5091/475/4914 3670/475/3556 2146/455/2032
f 2146/455/2032 3670/475/3556 5092/475/4915 3664/455/3550
f 3670/475/3556 2150/470/2036 3671/470/3557 5092/475/4915
f 5092/475/4915 3671/470/3557 2151/470/2037 3672/475/3558
f 3664/455/3550 5092/475/4915 3672/475/3558 2147/455/2033
f 2147/455/2033 3672/475/3558 5093/475/4916 3666/455/3552
f 3672/475/3558 2151/470/2037 3673/470/3559 5093/475/4916
f 5093/475/4916 3673/470/3559 2149/470/2035 3674/475/3560
f 3666/455/3552 5093/475/4916 3674/475/3560 2145/455/2031
f 2148/470/2034 3675/471/3561 5094/471/4917 3669/470/3555
f 3675/471/3561 2152/467/2038 3676/467/3562 5094/471/4917
f 5094/471/4917 3676/467/3562 2154/467/2040 3677/471/3563
f 3669/470/3555 5094/471/4917 3677/471/3563 2150/470/2036
f 2150/470/2036 3677/471/3563 5095/471/4918 3671/470/3557
f 3677/471/3563 2154/467/2040 3678/467/3564 5095/471/4918
f 5095/471/4918 3678/467/3564 2155/467/2041 3679/471/3565
f 3671/470/3557 5095/471/4918 3679/471/3565 2151/470/2037
f 2151/470/2037 3679/471/3565 5096/471/4919 3673/470/3559
f 3679/471/3565 2155/467/2041 3680/467/3566 5096/471/4919
f 5096/471/4919 3680/467/3566 2153/467/2039 3681/471/3567
f 3673/470/3559 5096/471/4919 3681/471/3567 2149/470/2035
f 2152/467/2038 3682/468/3568 5097/468/4920 3676/467/3562
f 3682/468/3568 2156/469/2042 3683/469/3569 5097/468/4920
f 5097/468/4920 3683/469/3569 2158/469/2044 3684/468/3570
f 3676/467/3562 5097/468/4920 3684/468/3570 2154/467/2040
f 2154/467/2040 3684/468/3570 5098/468/4921 3678/467/3564
f 3684/468/3570 2158/469/2044 3685/469/3571 5098/468/4921
f 5098/468/4921 3685/469/3571 2159/469/2045 3686/468/3572
f 3678/467/3564 5098/468/4921 3686/468/3572 2155/467/2041
f 2155/467/2041 3686/468/3572 5099/468/4922 3680/467/3566
f 3686/468/3572 2159/469/2045 3687/469/3573 5099/468/4922
f 5099/468/4922 3687/469/3573 2157/469/2043 3688/468/3574
f 3680/467/3566 5099/468/4922 3688/468/3574 2153/467/2039
f 2156/469/2042 3689/1199/3575 5100/1199/4923 3683/469/3569
f 3689/1199/3575 2160/472/2046 3690/472/3576 5100/1199/4923
f 5100/1199/4923 3690/472/3576 2162/472/2048 3691/1199/3577
f 3683/469/3569 5100/1199/4923 3691/1199/3577 2158/469/2044
f 2158/469/2044 3691/1199/3577 5101/1199/4924 3685/469/3571
f 3691/1199/3577 2162/472/2048 3692/1247/3578 5101/1199/4924
f 5101/1199/4924 3692/1247/3578 2163/472/2049 3693/1199/3579
f 3685/469/3571 5101/1199/4924 3693/1199/3579 2159/469/2045
f 2159/469/2045 3693/1199/3579 5102/1199/4925 3687/469/3573
f 3693/1199/3579 2163/472/2049 3694/472/3580 5102/1199/4925
f 5102/1199/4925 3694/472/3580 2161/472/2047 3695/1199/3581
f 3687/469/3573 5102/1199/4925 3695/1199/3581 2157/469/2043
f 2160/472/2046 3696/473/3582 5103/473/4926 3690/472/3576
f 3696/473/3582 2037/474/1923 3476/474/3362 5103/473/4926
f 5103/473/4926 3476/474/3362 2039/474/1925 3697/1248/3583
f 3690/472/3576 5103/473/4926 3697/1248/3583 2162/472/2048
f 2162/472/2048 3697/1248/3583 5104/1249/4927 3692/1247/3578
f 3697/1248/3583 2039/474/1925 3480/1250/3366 5104/1249/4927
f 5104/1249/4927 3480/1250/3366 2038/1251/1924 3698/1252/3584
f 3692/1247/3578 5104/1249/4927 3698/1252/3584 2163/472/2049
f 2163/472/2049 3698/1252/3584 5105/1253/4928 3694/472/3580
f 3698/1252/3584 2038/1251/1924 3483/1250/3369 5105/1253/4928
f 5105/1253/4928 3483/1250/3369 2036/474/1922 3699/473/3585
f 3694/472/3580 5105/1253/4928 3699/473/3585 2161/472/2047
f 2164/1254/2050 3709/1255/3595 5106/1256/4929 3923/1257/3809
f 2169/1258/2055 3716/1259/3602 5106/1256/4929 3709/1255/3595
f 2173/1260/2059 3723/1261/3609 5106/1256/4929 3716/1259/3602
f 2177/1262/2063 3730/1263/3616 5106/1256/4929 3723/1261/3609
f 2181/1264/2067 3737/1265/3623 5106/1256/4929 3730/1263/3616
f 2185/1266/2071 3744/1267/3630 5106/1256/4929 3737/1265/3623
f 2189/1268/2075 3751/1269/3637 5106/1256/4929 3744/1267/3630
f 2193/1270/2079 3758/1271/3644 5106/1256/4929 3751/1269/3637
f 2197/1272/2083 3765/1273/3651 5106/1256/4929 3758/1271/3644
f 2201/1274/2087 3772/1275/3658 5106/1256/4929 3765/1273/3651
f 2205/1276/2091 3779/1277/3665 5106/1256/4929 3772/1275/3658
f 2209/1278/2095 3786/1279/3672 5106/1256/4929 3779/1277/3665
f 2213/1280/2099 3793/1281/3679 5106/1256/4929 3786/1279/3672
f 2217/1282/2103 3800/1283/3686 5106/1256/4929 3793/1281/3679
f 2221/1284/2107 3807/1285/3693 5106/1256/4929 3800/1283/3686
f 2225/1286/2111 3814/1287/3700 5106/1256/4929 3807/1285/3693
f 2229/1288/2115 3821/1289/3707 5106/1256/4929 3814/1287/3700
f 2233/1290/2119 3828/1291/3714 5106/1256/4929 3821/1292/3707
f 2237/1293/2123 3835/1294/3721 5106/1256/4929 3828/1291/3714
f 2241/1295/2127 3842/1296/3728 5106/1256/4929 3835/1294/3721
f 2245/1297/2131 3849/1298/3735 5106/1256/4929 3842/1296/3728
f 2249/1299/2135 3856/1300/3742 5106/1256/4929 3849/1298/3735
f 2253/1301/2139 3863/1302/3749 5106/1256/4929 3856/1300/3742
f 2257/1303/2143 3870/1304/3756 5106/1256/4929 3863/1302/3749
f 2261/1305/2147 3877/1306/3763 5106/1256/4929 3870/1304/3756
f 2265/1307/2151 3884/1308/3770 5106/1256/4929 3877/1306/3763
f 2269/1309/2155 3891/1310/3777 5106/1256/4929 3884/1308/3770
f 2273/1311/2159 3898/1312/3784 5106/1256/4929 3891/1310/3777
f 2277/1313/2163 3905/1314/3791 5106/1256/4929 3898/1312/3784
f 2281/1315/2167 3912/1316/3798 5106/1256/4929 3905/1314/3791
f 2285/1317/2171 3919/1318/3805 5106/1256/4929 3912/1316/3798
f 2289/1319/2175 3923/1257/3809 5106/1256/4929 3919/1318/3805
f 2165/1238/2051 3701/1320/3587 5107/1321/4930 3700/1322/3586
f 3701/1320/3587 2168/1186/2054 3702/1323/3588 5107/1321/4930
f 5107/1321/4930 3702/1323/3588 2170/1324/2056 3703/1325/3589
f 3700/1322/3586 5107/1321/4930 3703/1325/3589 2167/1326/2053
f 2167/1326/2053 3703/1325/3589 5108/1321/4931 3704/1327/3590
f 3703/1325/3589 2170/1324/2056 3705/1328/3591 5108/1321/4931
f 5108/1321/4931 3705/1328/3591 2171/1329/2057 3706/1239/3592
f 3704/1327/3590 5108/1321/4931 3706/1239/3592 2166/1330/2052
f 2166/1331/2052 3706/1332/3592 5109/1333/4932 3707/1334/3593
f 3706/1332/3592 2171/1335/2057 3708/1336/3594 5109/1333/4932
f 5109/1333/4932 3708/1336/3594 2169/1258/2055 3709/1255/3595
f 3707/1334/3593 5109/1333/4932 3709/1255/3595 2164/1254/2050
f 2168/1186/2054 3710/1185/3596 5110/1337/4933 3702/1323/3588
f 3710/1185/3596 2172/1184/2058 3711/1338/3597 5110/1337/4933
f 5110/1337/4933 3711/1338/3597 2174/1339/2060 3712/1340/3598
f 3702/1323/3588 5110/1337/4933 3712/1340/3598 2170/1324/2056
f 2170/1324/2056 3712/1340/3598 5111/1341/4934 3705/1342/3591
f 3712/1340/3598 2174/1339/2060 3713/1343/3599 5111/1341/4934
f 5111/1341/4934 3713/1343/3599 2175/1344/2061 3714/1182/3600
f 3705/1342/3591 5111/1341/4934 3714/1182/3600 2171/1345/2057
f 2171/1335/2057 3714/1346/3600 5112/1347/4935 3708/1336/3594
f 3714/1346/3600 2175/1348/2061 3715/1349/3601 5112/1347/4935
f 5112/1347/4935 3715/1349/3601 2173/1260/2059 3716/1259/3602
f 3708/1336/3594 5112/1347/4935 3716/1259/3602 2169/1258/2055
f 2172/1184/2058 3717/1237/3603 5113/1350/4936 3711/1338/3597
f 3717/1237/3603 2176/1198/2062 3718/1351/3604 5113/1350/4936
f 5113/1350/4936 3718/1351/3604 2178/1352/2064 3719/1353/3605
f 3711/1338/3597 5113/1350/4936 3719/1353/3605 2174/1339/2060
f 2174/1339/2060 3719/1353/3605 5114/1350/4937 3713/1354/3599
f 3719/1353/3605 2178/1352/2064 3720/1355/3606 5114/1350/4937
f 5114/1350/4937 3720/1355/3606 2179/1356/2065 3721/483/3607
f 3713/1354/3599 5114/1350/4937 3721/483/3607 2175/1357/2061
f 2175/1348/2061 3721/1358/3607 5115/1359/4938 3715/1349/3601
f 3721/1358/3607 2179/1360/2065 3722/1361/3608 5115/1359/4938
f 5115/1359/4938 3722/1361/3608 2177/1262/2063 3723/1261/3609
f 3715/1349/3601 5115/1359/4938 3723/1261/3609 2173/1260/2059
f 2176/1198/2062 3724/1197/3610 5116/1362/4939 3718/1351/3604
f 3724/1197/3610 2180/1196/2066 3725/1363/3611 5116/1362/4939
f 5116/1362/4939 3725/1363/3611 2182/1364/2068 3726/1365/3612
f 3718/1351/3604 5116/1362/4939 3726/1365/3612 2178/1352/2064
f 2178/1352/2064 3726/1365/3612 5117/1366/4940 3720/1367/3606
f 3726/1365/3612 2182/1364/2068 3727/1368/3613 5117/1366/4940
f 5117/1366/4940 3727/1368/3613 2183/1369/2069 3728/490/3614
f 3720/1367/3606 5117/1366/4940 3728/490/3614 2179/1370/2065
f 2179/1360/2065 3728/1371/3614 5118/1372/4941 3722/1361/3608
f 3728/1371/3614 2183/1373/2069 3729/1374/3615 5118/1372/4941
f 5118/1372/4941 3729/1374/3615 2181/1264/2067 3730/1263/3616
f 3722/1361/3608 5118/1372/4941 3730/1263/3616 2177/1262/2063
f 2180/1196/2066 3731/1206/3617 5119/1375/4942 3725/1363/3611
f 3731/1206/3617 2184/1205/2070 3732/1376/3618 5119/1375/4942
f 5119/1375/4942 3732/1376/3618 2186/1377/2072 3733/1378/3619
f 3725/1363/3611 5119/1375/4942 3733/1378/3619 2182/1364/2068
f 2182/1364/2068 3733/1378/3619 5120/1375/4943 3727/1379/3613
f 3733/1378/3619 2186/1377/2072 3734/1380/3620 5120/1375/4943
f 5120/1375/4943 3734/1380/3620 2187/1381/2073 3735/1204/3621
f 3727/1379/3613 5120/1375/4943 3735/1204/3621 2183/1382/2069
f 2183/1373/2069 3735/1383/3621 5121/1384/4944 3729/1374/3615
f 3735/1383/3621 2187/1385/2073 3736/1386/3622 5121/1384/4944
f 5121/1384/4944 3736/1386/3622 2185/1266/2071 3737/1265/3623
f 3729/1374/3615 5121/1384/4944 3737/1265/3623 2181/1264/2067
f 2184/1205/2070 3738/1214/3624 5122/1387/4945 3732/1376/3618
f 3738/1214/3624 2188/1213/2074 3739/1388/3625 5122/1387/4945
f 5122/1387/4945 3739/1388/3625 2190/1389/2076 3740/1390/3626
f 3732/1376/3618 5122/1387/4945 3740/1390/3626 2186/1377/2072
f 2186/1377/2072 3740/1390/3626 5123/1391/4946 3734/1392/3620
f 3740/1390/3626 2190/1389/2076 3741/1393/3627 5123/1391/4946
f 5123/1391/4946 3741/1393/3627 2191/1394/2077 3742/478/3628
f 3734/1392/3620 5123/1391/4946 3742/478/3628 2187/1395/2073
f 2187/1385/2073 3742/1396/3628 5124/1397/4947 3736/1386/3622
f 3742/1396/3628 2191/1398/2077 3743/1399/3629 5124/1397/4947
f 5124/1397/4947 3743/1399/3629 2189/1268/2075 3744/1267/3630
f 3736/1386/3622 5124/1397/4947 3744/1267/3630 2185/1266/2071
f 2188/1213/2074 3745/1218/3631 5125/1400/4948 3739/1388/3625
f 3745/1218/3631 2192/1217/2078 3746/1401/3632 5125/1400/4948
f 5125/1400/4948 3746/1401/3632 2194/1402/2080 3747/1403/3633
f 3739/1388/3625 5125/1400/4948 3747/1403/3633 2190/1389/2076
f 2190/1389/2076 3747/1403/3633 5126/1404/4949 3741/1405/3627
f 3747/1403/3633 2194/1402/2080 3748/1406/3634 5126/1404/4949
f 5126/1404/4949 3748/1406/3634 2195/1407/2081 3749/383/3635
f 3741/1405/3627 5126/1404/4949 3749/383/3635 2191/1408/2077
f 2191/1398/2077 3749/1409/3635 5127/1410/4950 3743/1399/3629
f 3749/1409/3635 2195/1411/2081 3750/1412/3636 5127/1410/4950
f 5127/1410/4950 3750/1412/3636 2193/1270/2079 3751/1269/3637
f 3743/1399/3629 5127/1410/4950 3751/1269/3637 2189/1268/2075
f 2192/1217/2078 3752/1224/3638 5128/1413/4951 3746/1401/3632
f 3752/1224/3638 2196/1223/2082 3753/1414/3639 5128/1413/4951
f 5128/1413/4951 3753/1414/3639 2198/1415/2084 3754/1416/3640
f 3746/1401/3632 5128/1413/4951 3754/1416/3640 2194/1402/2080
f 2194/1402/2080 3754/1416/3640 5129/1413/4952 3748/1417/3634
f 3754/1416/3640 2198/1415/2084 3755/1418/3641 5129/1413/4952
f 5129/1413/4952 3755/1418/3641 2199/1419/2085 3756/501/3642
f 3748/1417/3634 5129/1413/4952 3756/501/3642 2195/1420/2081
f 2195/1411/2081 3756/1421/3642 5130/1422/4953 3750/1412/3636
f 3756/1421/3642 2199/1423/2085 3757/1424/3643 5130/1422/4953
f 5130/1422/4953 3757/1424/3643 2197/1272/2083 3758/1271/3644
f 3750/1412/3636 5130/1422/4953 3758/1271/3644 2193/1270/2079
f 2196/1223/2082 3759/1230/3645 5131/1425/4954 3753/1414/3639
f 3759/1230/3645 2200/1426/2086 3760/1427/3646 5131/1425/4954
f 5131/1425/4954 3760/1427/3646 2202/1428/2088 3761/1429/3647
f 3753/1414/3639 5131/1425/4954 3761/1429/3647 2198/1415/2084
f 2198/1415/2084 3761/1429/3647 5132/1425/4955 3755/1430/3641
f 3761/1429/3647 2202/1428/2088 3762/1431/3648 5132/1425/4955
f 5132/1425/4955 3762/1431/3648 2203/1432/2089 3763/1227/3649
f 3755/1430/3641 5132/1425/4955 3763/1227/3649 2199/1433/2085
f 2199/1423/2085 3763/1434/3649 5133/1435/4956 3757/1424/3643
f 3763/1434/3649 2203/1436/2089 3764/1437/3650 5133/1435/4956
f 5133/1435/4956 3764/1437/3650 2201/1274/2087 3765/1273/3651
f 3757/1424/3643 5133/1435/4956 3765/1273/3651 2197/1272/2083
f 2200/1426/2086 3766/1234/3652 5134/1438/4957 3760/1427/3646
f 3766/1234/3652 2204/1152/2090 3767/1439/3653 5134/1438/4957
f 5134/1438/4957 3767/1439/3653 2206/1440/2092 3768/1441/3654
f 3760/1427/3646 5134/1438/4957 3768/1441/3654 2202/1428/2088
f 2202/1428/2088 3768/1441/3654 5135/1438/4958 3762/1442/3648
f 3768/1441/3654 2206/1440/2092 3769/1443/3655 5135/1438/4958
f 5135/1438/4958 3769/1443/3655 2207/1444/2093 3770/494/3656
f 3762/1442/3648 5135/1438/4958 3770/494/3656 2203/1445/2089
f 2203/1436/2089 3770/1446/3656 5136/1447/4959 3764/1437/3650
f 3770/1446/3656 2207/1448/2093 3771/1449/3657 5136/1447/4959
f 5136/1447/4959 3771/1449/3657 2205/1276/2091 3772/1275/3658
f 3764/1437/3650 5136/1447/4959 3772/1275/3658 2201/1274/2087
f 2204/1152/2090 3773/1151/3659 5137/1450/4960 3767/1439/3653
f 3773/1151/3659 2208/1150/2094 3774/1451/3660 5137/1450/4960
f 5137/1450/4960 3774/1451/3660 2210/1452/2096 3775/1453/3661
f 3767/1439/3653 5137/1450/4960 3775/1453/3661 2206/1440/2092
f 2206/1440/2092 3775/1453/3661 5138/1450/4961 3769/1454/3655
f 3775/1453/3661 2210/1452/2096 3776/1455/3662 5138/1450/4961
f 5138/1450/4961 3776/1455/3662 2211/1456/2097 3777/1148/3663
f 3769/1454/3655 5138/1450/4961 3777/1148/3663 2207/1457/2093
f 2207/1448/2093 3777/1458/3663 5139/1459/4962 3771/1449/3657
f 3777/1458/3663 2211/1460/2097 3778/1461/3664 5139/1459/4962
f 5139/1459/4962 3778/1461/3664 2209/1278/2095 3779/1277/3665
f 3771/1449/3657 5139/1459/4962 3779/1277/3665 2205/1276/2091
f 2208/1150/2094 3780/1160/3666 5140/1462/4963 3774/1451/3660
f 3780/1160/3666 2212/1159/2098 3781/1463/3667 5140/1462/4963
f 5140/1462/4963 3781/1463/3667 2214/1464/2100 3782/1465/3668
f 3774/1451/3660 5140/1462/4963 3782/1465/3668 2210/1452/2096
f 2210/1452/2096 3782/1465/3668 5141/1462/4964 3776/1466/3662
f 3782/1465/3668 2214/1464/2100 3783/1467/3669 5141/1462/4964
f 5141/1462/4964 3783/1467/3669 2215/1468/2101 3784/460/3670
f 3776/1466/3662 5141/1462/4964 3784/460/3670 2211/1469/2097
f 2211/1460/2097 3784/1470/3670 5142/1471/4965 3778/1461/3664
f 3784/1470/3670 2215/1472/2101 3785/1473/3671 5142/1471/4965
f 5142/1471/4965 3785/1473/3671 2213/1280/2099 3786/1279/3672
f 3778/1461/3664 5142/1471/4965 3786/1279/3672 2209/1278/2095
f 2212/1159/2098 3787/1167/3673 5143/1474/4966 3781/1463/3667
f 3787/1167/3673 2216/1155/2102 3788/1475/3674 5143/1474/4966
f 5143/1474/4966 3788/1475/3674 2218/1476/2104 3789/1477/3675
f 3781/1463/3667 5143/1474/4966 3789/1477/3675 2214/1464/2100
f 2214/1464/2100 3789/1477/3675 5144/1478/4967 3783/1479/3669
f 3789/1477/3675 2218/1476/2104 3790/1480/3676 5144/1478/4967
f 5144/1478/4967 3790/1480/3676 2219/1481/2105 3791/498/3677
f 3783/1479/3669 5144/1478/4967 3791/498/3677 2215/1482/2101
f 2215/1472/2101 3791/1483/3677 5145/1484/4968 3785/1473/3671
f 3791/1483/3677 2219/1485/2105 3792/1486/3678 5145/1484/4968
f 5145/1484/4968 3792/1486/3678 2217/1282/2103 3793/1281/3679
f 3785/1473/3671 5145/1484/4968 3793/1281/3679 2213/1280/2099
f 2216/1155/2102 3794/1154/3680 5146/1487/4969 3788/1475/3674
f 3794/1154/3680 2220/1153/2106 3795/1488/3681 5146/1487/4969
f 5146/1487/4969 3795/1488/3681 2222/1489/2108 3796/1490/3682
f 3788/1475/3674 5146/1487/4969 3796/1490/3682 2218/1476/2104
f 2218/1476/2104 3796/1490/3682 5147/1487/4970 3790/1491/3676
f 3796/1490/3682 2222/1489/2108 3797/1492/3683 5147/1487/4970
f 5147/1487/4970 3797/1492/3683 2223/1493/2109 3798/504/3684
f 3790/1491/3676 5147/1487/4970 3798/504/3684 2219/1494/2105
f 2219/1485/2105 3798/1495/3684 5148/1496/4971 3792/1486/3678
f 3798/1495/3684 2223/1497/2109 3799/1498/3685 5148/1496/4971
f 5148/1496/4971 3799/1498/3685 2221/1284/2107 3800/1283/3686
f 3792/1486/3678 5148/1496/4971 3800/1283/3686 2217/1282/2103
f 2220/1153/2106 3801/1176/3687 5149/1499/4972 3795/1488/3681
f 3801/1176/3687 2224/1175/2110 3802/1500/3688 5149/1499/4972
f 5149/1499/4972 3802/1500/3688 2226/1501/2112 3803/1502/3689
f 3795/1488/3681 5149/1499/4972 3803/1502/3689 2222/1489/2108
f 2222/1489/2108 3803/1502/3689 5150/1503/4973 3797/1504/3683
f 3803/1502/3689 2226/1501/2112 3804/1505/3690 5150/1503/4973
f 5150/1503/4973 3804/1505/3690 2227/1506/2113 3805/1172/3691
f 3797/1504/3683 5150/1503/4973 3805/1172/3691 2223/1507/2109
f 2223/1497/2109 3805/1508/3691 5151/1509/4974 3799/1498/3685
f 3805/1508/3691 2227/1510/2113 3806/1511/3692 5151/1509/4974
f 5151/1509/4974 3806/1511/3692 2225/1286/2111 3807/1285/3693
f 3799/1498/3685 5151/1509/4974 3807/1285/3693 2221/1284/2107
f 2224/1175/2110 3808/1512/3694 5152/1513/4975 3802/1500/3688
f 3808/1512/3694 2228/1179/2114 3809/1514/3695 5152/1513/4975
f 5152/1513/4975 3809/1514/3695 2230/1515/2116 3810/1516/3696
f 3802/1500/3688 5152/1513/4975 3810/1516/3696 2226/1501/2112
f 2226/1501/2112 3810/1516/3696 5153/1513/4976 3804/1517/3690
f 3810/1516/3696 2230/1515/2116 3811/1518/3697 5153/1513/4976
f 5153/1513/4976 3811/1518/3697 2231/1519/2117 3812/481/3698
f 3804/1517/3690 5153/1513/4976 3812/481/3698 2227/1520/2113
f 2227/1510/2113 3812/1521/3698 5154/1522/4977 3806/1511/3692
f 3812/1521/3698 2231/1523/2117 3813/1524/3699 5154/1522/4977
f 5154/1522/4977 3813/1524/3699 2229/1288/2115 3814/1287/3700
f 3806/1511/3692 5154/1522/4977 3814/1287/3700 2225/1286/2111
f 2228/1179/2114 3815/1194/3701 5155/1525/4978 3809/1514/3695
f 3815/1194/3701 2232/1193/2118 3816/1526/3702 5155/1525/4978
f 5155/1525/4978 3816/1526/3702 2234/1527/2120 3817/1528/3703
f 3809/1514/3695 5155/1525/4978 3817/1528/3703 2230/1515/2116
f 2230/1515/2116 3817/1528/3703 5156/1529/4979 3811/1530/3697
f 3817/1528/3703 2234/1527/2120 3818/1531/3704 5156/1529/4979
f 5156/1529/4979 3818/1531/3704 2235/1532/2121 3819/412/3705
f 3811/1530/3697 5156/1529/4979 3819/412/3705 2231/1533/2117
f 2231/1523/2117 3819/1534/3705 5157/1535/4980 3813/1524/3699
f 3819/1534/3705 2235/1536/2121 3820/1537/3706 5157/1535/4980
f 5157/1535/4980 3820/1537/3706 2233/1290/2119 3821/1289/3707
f 3813/1524/3699 5157/1535/4980 3821/1289/3707 2229/1288/2115
f 2232/1193/2118 3822/1203/3708 5158/1538/4981 3816/1526/3702
f 3822/1203/3708 2236/1202/2122 3823/1539/3709 5158/1538/4981
f 5158/1538/4981 3823/1539/3709 2238/1540/2124 3824/1541/3710
f 3816/1526/3702 5158/1538/4981 3824/1541/3710 2234/1527/2120
f 2234/1527/2120 3824/1541/3710 5159/1538/4982 3818/1542/3704
f 3824/1541/3710 2238/1540/2124 3825/1543/3711 5159/1538/4982
f 5159/1538/4982 3825/1543/3711 2239/1544/2125 3826/463/3712
f 3818/1542/3704 5159/1538/4982 3826/463/3712 2235/1545/2121
f 2235/1536/2121 3826/1546/3712 5160/1547/4983 3820/1537/3706
f 3826/1546/3712 2239/1548/2125 3827/1549/3713 5160/1547/4983
f 5160/1547/4983 3827/1549/3713 2237/1293/2123 3828/1291/3714
f 3820/1537/3706 5160/1547/4983 3828/1291/3714 2233/1290/2119
f 2236/1202/2122 3829/1210/3715 5161/1550/4984 3823/1539/3709
f 3829/1210/3715 2240/1209/2126 3830/1551/3716 5161/1550/4984
f 5161/1550/4984 3830/1551/3716 2242/1552/2128 3831/1553/3717
f 3823/1539/3709 5161/1550/4984 3831/1553/3717 2238/1540/2124
f 2238/1540/2124 3831/1553/3717 5162/1554/4985 3825/1555/3711
f 3831/1553/3717 2242/1552/2128 3832/1556/3718 5162/1554/4985
f 5162/1554/4985 3832/1556/3718 2243/1557/2129 3833/1207/3719
f 3825/1555/3711 5162/1554/4985 3833/1207/3719 2239/1558/2125
f 2239/1548/2125 3833/1559/3719 5163/1560/4986 3827/1549/3713
f 3833/1559/3719 2243/1561/2129 3834/1562/3720 5163/1560/4986
f 5163/1560/4986 3834/1562/3720 2241/1295/2127 3835/1294/3721
f 3827/1549/3713 5163/1560/4986 3835/1294/3721 2237/1293/2123
f 2240/1209/2126 3836/1216/3722 5164/1563/4987 3830/1551/3716
f 3836/1216/3722 2244/1215/2130 3837/1564/3723 5164/1563/4987
f 5164/1563/4987 3837/1564/3723 2246/1565/2132 3838/1566/3724
f 3830/1551/3716 5164/1563/4987 3838/1566/3724 2242/1552/2128
f 2242/1552/2128 3838/1566/3724 5165/1563/4988 3832/1567/3718
f 3838/1566/3724 2246/1565/2132 3839/1568/3725 5165/1563/4988
f 5165/1563/4988 3839/1568/3725 2247/1569/2133 3840/497/3726
f 3832/1567/3718 5165/1563/4988 3840/497/3726 2243/1570/2129
f 2243/1561/2129 3840/1571/3726 5166/1572/4989 3834/1562/3720
f 3840/1571/3726 2247/1573/2133 3841/1574/3727 5166/1572/4989
f 5166/1572/4989 3841/1574/3727 2245/1297/2131 3842/1296/3728
f 3834/1562/3720 5166/1572/4989 3842/1296/3728 2241/1295/2127
f 2244/1215/2130 3843/1221/3729 5167/1575/4990 3837/1564/3723
f 3843/1221/3729 2248/1220/2134 3844/1576/3730 5167/1575/4990
f 5167/1575/4990 3844/1576/3730 2250/1577/2136 3845/1578/3731
f 3837/1564/3723 5167/1575/4990 3845/1578/3731 2246/1565/2132
f 2246/1565/2132 3845/1578/3731 5168/1575/4991 3839/1579/3725
f 3845/1578/3731 2250/1577/2136 3846/1580/3732 5168/1575/4991
f 5168/1575/4991 3846/1580/3732 2251/1581/2137 3847/489/3733
f 3839/1579/3725 5168/1575/4991 3847/489/3733 2247/1582/2133
f 2247/1573/2133 3847/1583/3733 5169/1584/4992 3841/1574/3727
f 3847/1583/3733 2251/1585/2137 3848/1586/3734 5169/1584/4992
f 5169/1584/4992 3848/1586/3734 2249/1299/2135 3849/1298/3735
f 3841/1574/3727 5169/1584/4992 3849/1298/3735 2245/1297/2131
f 2248/1220/2134 3850/1226/3736 5170/1587/4993 3844/1576/3730
f 3850/1226/3736 2252/1225/2138 3851/1588/3737 5170/1587/4993
f 5170/1587/4993 3851/1588/3737 2254/1589/2140 3852/1590/3738
f 3844/1576/3730 5170/1587/4993 3852/1590/3738 2250/1577/2136
f 2250/1577/2136 3852/1590/3738 5171/1587/4994 3846/1591/3732
f 3852/1590/3738 2254/1589/2140 3853/1592/3739 5171/1587/4994
f 5171/1587/4994 3853/1592/3739 2255/1593/2141 3854/423/3740
f 3846/1591/3732 5171/1587/4994 3854/423/3740 2251/1594/2137
f 2251/1585/2137 3854/1595/3740 5172/1596/4995 3848/1586/3734
f 3854/1595/3740 2255/1597/2141 3855/1598/3741 5172/1596/4995
f 5172/1596/4995 3855/1598/3741 2253/1301/2139 3856/1300/3742
f 3848/1586/3734 5172/1596/4995 3856/1300/3742 2249/1299/2135
f 2252/1225/2138 3857/1233/3743 5173/1599/4996 3851/1588/3737
f 3857/1233/3743 2256/1232/2142 3858/1600/3744 5173/1599/4996
f 5173/1599/4996 3858/1600/3744 2258/1601/2144 3859/1602/3745
f 3851/1588/3737 5173/1599/4996 3859/1602/3745 2254/1589/2140
f 2254/1589/2140 3859/1602/3745 5174/1599/4997 3853/1603/3739
f 3859/1602/3745 2258/1601/2144 3860/1604/3746 5174/1599/4997
f 5174/1599/4997 3860/1604/3746 2259/1605/2145 3861/503/3747
f 3853/1603/3739 5174/1599/4997 3861/503/3747 2255/1606/2141
f 2255/1597/2141 3861/1607/3747 5175/1608/4998 3855/1598/3741
f 3861/1607/3747 2259/1609/2145 3862/1610/3748 5175/1608/4998
f 5175/1608/4998 3862/1610/3748 2257/1303/2143 3863/1302/3749
f 3855/1598/3741 5175/1608/4998 3863/1302/3749 2253/1301/2139
f 2256/1232/2142 3864/1236/3750 5176/1611/4999 3858/1600/3744
f 3864/1236/3750 2260/1158/2146 3865/1612/3751 5176/1611/4999
f 5176/1611/4999 3865/1612/3751 2262/1613/2148 3866/1614/3752
f 3858/1600/3744 5176/1611/4999 3866/1614/3752 2258/1601/2144
f 2258/1601/2144 3866/1614/3752 5177/1615/5000 3860/1616/3746
f 3866/1614/3752 2262/1613/2148 3867/1617/3753 5177/1615/5000
f 5177/1615/5000 3867/1617/3753 2263/1618/2149 3868/457/3754
f 3860/1616/3746 5177/1615/5000 3868/457/3754 2259/1619/2145
f 2259/1609/2145 3868/1620/3754 5178/1621/5001 3862/1610/3748
f 3868/1620/3754 2263/1622/2149 3869/1623/3755 5178/1621/5001
f 5178/1621/5001 3869/1623/3755 2261/1305/2147 3870/1304/3756
f 3862/1610/3748 5178/1621/5001 3870/1304/3756 2257/1303/2143
f 2260/1158/2146 3871/1157/3757 5179/1624/5002 3865/1612/3751
f 3871/1157/3757 2264/1156/2150 3872/1625/3758 5179/1624/5002
f 5179/1624/5002 3872/1625/3758 2266/1626/2152 3873/1627/3759
f 3865/1612/3751 5179/1624/5002 3873/1627/3759 2262/1613/2148
f 2262/1613/2148 3873/1627/3759 5180/1624/5003 3867/1628/3753
f 3873/1627/3759 2266/1626/2152 3874/1629/3760 5180/1624/5003
f 5180/1624/5003 3874/1629/3760 2267/1630/2153 3875/500/3761
f 3867/1628/3753 5180/1624/5003 3875/500/3761 2263/1631/2149
f 2263/1622/2149 3875/1632/3761 5181/1633/5004 3869/1623/3755
f 3875/1632/3761 2267/1634/2153 3876/1635/3762 5181/1633/5004
f 5181/1633/5004 3876/1635/3762 2265/1307/2151 3877/1306/3763
f 3869/1623/3755 5181/1633/5004 3877/1306/3763 2261/1305/2147
f 2264/1156/2150 3878/1163/3764 5182/1636/5005 3872/1625/3758
f 3878/1163/3764 2268/1162/2154 3879/1637/3765 5182/1636/5005
f 5182/1636/5005 3879/1637/3765 2270/1638/2156 3880/1639/3766
f 3872/1625/3758 5182/1636/5005 3880/1639/3766 2266/1626/2152
f 2266/1626/2152 3880/1639/3766 5183/1640/5006 3874/1641/3760
f 3880/1639/3766 2270/1638/2156 3881/1642/3767 5183/1640/5006
f 5183/1640/5006 3881/1642/3767 2271/1643/2157 3882/466/3768
f 3874/1641/3760 5183/1640/5006 3882/466/3768 2267/1644/2153
f 2267/1634/2153 3882/1645/3768 5184/1646/5007 3876/1635/3762
f 3882/1645/3768 2271/1647/2157 3883/1648/3769 5184/1646/5007
f 5184/1646/5007 3883/1648/3769 2269/1309/2155 3884/1308/3770
f 3876/1635/3762 5184/1646/5007 3884/1308/3770 2265/1307/2151
f 2268/1162/2154 3885/1165/3771 5185/1649/5008 3879/1637/3765
f 3885/1165/3771 2272/1164/2158 3886/1650/3772 5185/1649/5008
f 5185/1649/5008 3886/1650/3772 2274/1651/2160 3887/1652/3773
f 3879/1637/3765 5185/1649/5008 3887/1652/3773 2270/1638/2156
f 2270/1638/2156 3887/1652/3773 5186/1649/5009 3881/1653/3767
f 3887/1652/3773 2274/1651/2160 3888/1654/3774 5186/1649/5009
f 5186/1649/5009 3888/1654/3774 2275/1655/2161 3889/453/3775
f 3881/1653/3767 5186/1649/5009 3889/453/3775 2271/1656/2157
f 2271/1647/2157 3889/1657/3775 5187/1658/5010 3883/1648/3769
f 3889/1657/3775 2275/1659/2161 3890/1660/3776 5187/1658/5010
f 5187/1658/5010 3890/1660/3776 2273/1311/2159 3891/1310/3777
f 3883/1648/3769 5187/1658/5010 3891/1310/3777 2269/1309/2155
f 2272/1164/2158 3892/1171/3778 5188/1661/5011 3886/1650/3772
f 3892/1171/3778 2276/1170/2162 3893/1662/3779 5188/1661/5011
f 5188/1661/5011 3893/1662/3779 2278/1663/2164 3894/1664/3780
f 3886/1650/3772 5188/1661/5011 3894/1664/3780 2274/1651/2160
f 2274/1651/2160 3894/1664/3780 5189/1665/5012 3888/1666/3774
f 3894/1664/3780 2278/1663/2164 3895/1667/3781 5189/1665/5012
f 5189/1665/5012 3895/1667/3781 2279/1668/2165 3896/475/3782
f 3888/1666/3774 5189/1665/5012 3896/475/3782 2275/1669/2161
f 2275/1659/2161 3896/1670/3782 5190/1671/5013 3890/1660/3776
f 3896/1670/3782 2279/1672/2165 3897/1673/3783 5190/1671/5013
f 5190/1671/5013 3897/1673/3783 2277/1313/2163 3898/1312/3784
f 3890/1660/3776 5190/1671/5013 3898/1312/3784 2273/1311/2159
f 2276/1170/2162 3899/1178/3785 5191/1674/5014 3893/1662/3779
f 3899/1178/3785 2280/1177/2166 3900/1675/3786 5191/1674/5014
f 5191/1674/5014 3900/1675/3786 2282/1676/2168 3901/1677/3787
f 3893/1662/3779 5191/1674/5014 3901/1677/3787 2278/1663/2164
f 2278/1663/2164 3901/1677/3787 5192/1674/5015 3895/1678/3781
f 3901/1677/3787 2282/1676/2168 3902/1679/3788 5192/1674/5015
f 5192/1674/5015 3902/1679/3788 2283/1680/2169 3903/471/3789
f 3895/1678/3781 5192/1674/5015 3903/471/3789 2279/1681/2165
f 2279/1672/2165 3903/1682/3789 5193/1683/5016 3897/1673/3783
f 3903/1682/3789 2283/1684/2169 3904/1685/3790 5193/1683/5016
f 5193/1683/5016 3904/1685/3790 2281/1315/2167 3905/1314/3791
f 3897/1673/3783 5193/1683/5016 3905/1314/3791 2277/1313/2163
f 2280/1177/2166 3906/1190/3792 5194/1686/5017 3900/1675/3786
f 3906/1190/3792 2284/1189/2170 3907/1687/3793 5194/1686/5017
f 5194/1686/5017 3907/1687/3793 2286/1688/2172 3908/1689/3794
f 3900/1675/3786 5194/1686/5017 3908/1689/3794 2282/1676/2168
f 2282/1676/2168 3908/1689/3794 5195/1690/5018 3902/1691/3788
f 3908/1689/3794 2286/1688/2172 3909/1692/3795 5195/1690/5018
f 5195/1690/5018 3909/1692/3795 2287/1693/2173 3910/468/3796
f 3902/1691/3788 5195/1690/5018 3910/468/3796 2283/1694/2169
f 2283/1684/2169 3910/1695/3796 5196/1696/5019 3904/1685/3790
f 3910/1695/3796 2287/1697/2173 3911/1698/3797 5196/1696/5019
f 5196/1696/5019 3911/1698/3797 2285/1317/2171 3912/1316/3798
f 3904/1685/3790 5196/1696/5019 3912/1316/3798 2281/1315/2167
f 2284/1189/2170 3913/1201/3799 5197/1699/5020 3907/1687/3793
f 3913/1201/3799 2288/1200/2174 3914/1700/3800 5197/1699/5020
f 5197/1699/5020 3914/1700/3800 2290/1701/2176 3915/1702/3801
f 3907/1687/3793 5197/1699/5020 3915/1702/3801 2286/1688/2172
f 2286/1688/2172 3915/1702/3801 5198/1699/5021 3909/1703/3795
f 3915/1702/3801 2290/1701/2176 3916/1704/3802 5198/1699/5021
f 5198/1699/5021 3916/1704/3802 2291/1705/2177 3917/1199/3803
f 3909/1703/3795 5198/1699/5021 3917/1199/3803 2287/1706/2173
f 2287/1697/2173 3917/1707/3803 5199/1708/5022 3911/1698/3797
f 3917/1707/3803 2291/1709/2177 3918/1710/3804 5199/1708/5022
f 5199/1708/5022 3918/1710/3804 2289/1319/2175 3919/1318/3805
f 3911/1698/3797 5199/1708/5022 3919/1318/3805 2285/1317/2171
f 2288/1200/2174 3920/473/3806 5200/473/5023 3914/1700/3800
f 3920/473/3806 2165/474/2051 3700/1711/3586 5200/473/5023
f 5200/473/5023 3700/1711/3586 2167/1712/2053 3921/473/3807
f 3914/1700/3800 5200/473/5023 3921/473/3807 2290/1701/2176
f 2290/1701/2176 3921/473/3807 5201/473/5024 3916/1713/3802
f 3921/473/3807 2167/1712/2053 3704/1714/3590 5201/473/5024
f 5201/473/5024 3704/1714/3590 2166/1715/2052 3922/473/3808
f 3916/1713/3802 5201/473/5024 3922/473/3808 2291/1716/2177
f 2291/1709/2177 3922/1717/3808 5202/1718/5025 3918/1710/3804
f 3922/1717/3808 2166/1331/2052 3707/1334/3593 5202/1718/5025
f 5202/1718/5025 3707/1334/3593 2164/1254/2050 3923/1257/3809
f 3918/1710/3804 5202/1718/5025 3923/1257/3809 2289/1319/2175
f 2036/1238/1922 3485/1241/3371 5203/1239/5026 3924/1240/3810
f 3485/1241/3371 2041/1183/1927 3925/1183/3811 5203/1239/5026
f 5203/1239/5026 3925/1183/3811 2168/1186/2054 3701/1320/3587
f 3924/1240/3810 5203/1239/5026 3701/1320/3587 2165/1238/2051
f 2293/1719/2179 3957/1720/3843 5204/1721/5027 3956/1722/3842
f 3957/1720/3843 2296/1723/2182 3958/1724/3844 5204/1721/5027
f 5204/1721/5027 3958/1724/3844 2298/1725/2184 3959/1726/3845
f 3956/1722/3842 5204/1721/5027 3959/1726/3845 2295/1727/2181
f 2295/1727/2181 3959/1726/3845 5205/1728/5028 3960/1729/3846
f 3959/1726/3845 2298/1725/2184 3961/1730/3847 5205/1728/5028
f 5205/1728/5028 3961/1730/3847 2299/1731/2185 3962/1732/3848
f 3960/1729/3846 5205/1728/5028 3962/1732/3848 2294/1238/2180
f 2294/1238/2180 3962/1732/3848 5206/1733/5029 3963/1240/3849
f 3962/1732/3848 2299/1731/2185 3964/1734/3850 5206/1733/5029
f 5206/1733/5029 3964/1734/3850 2297/1183/2183 3965/1239/3851
f 3963/1240/3849 5206/1733/5029 3965/1239/3851 2292/1238/2178
f 2296/1723/2182 3966/1735/3852 5207/1736/5030 3958/1724/3844
f 3966/1735/3852 2300/1737/2186 3967/1738/3853 5207/1736/5030
f 5207/1736/5030 3967/1738/3853 2302/1739/2188 3968/1740/3854
f 3958/1724/3844 5207/1736/5030 3968/1740/3854 2298/1725/2184
f 2298/1725/2184 3968/1740/3854 5208/1741/5031 3961/1730/3847
f 3968/1740/3854 2302/1739/2188 3969/1742/3855 5208/1741/5031
f 5208/1741/5031 3969/1742/3855 2303/1743/2189 3970/1744/3856
f 3961/1730/3847 5208/1741/5031 3970/1744/3856 2299/1731/2185
f 2299/1731/2185 3970/1744/3856 5209/1745/5032 3964/1734/3850
f 3970/1744/3856 2303/1743/2189 3971/1746/3857 5209/1745/5032
f 5209/1745/5032 3971/1746/3857 2301/482/2187 3972/1182/3858
f 3964/1734/3850 5209/1745/5032 3972/1182/3858 2297/1183/2183
f 2300/1737/2186 3973/1747/3859 5210/1748/5033 3967/1738/3853
f 3973/1747/3859 2304/1749/2190 3974/1750/3860 5210/1748/5033
f 5210/1748/5033 3974/1750/3860 2306/1751/2192 3975/1752/3861
f 3967/1738/3853 5210/1748/5033 3975/1752/3861 2302/1739/2188
f 2302/1739/2188 3975/1752/3861 5211/1753/5034 3969/1742/3855
f 3975/1752/3861 2306/1751/2192 3976/1754/3862 5211/1753/5034
f 5211/1753/5034 3976/1754/3862 2307/1755/2193 3977/1756/3863
f 3969/1742/3855 5211/1753/5034 3977/1756/3863 2303/1743/2189
f 2303/1743/2189 3977/1756/3863 5212/1757/5035 3971/1746/3857
f 3977/1756/3863 2307/1755/2193 3978/1758/3864 5212/1757/5035
f 5212/1757/5035 3978/1758/3864 2305/485/2191 3979/483/3865
f 3971/1746/3857 5212/1757/5035 3979/483/3865 2301/482/2187
f 2309/1759/2195 3981/1760/3867 5213/1761/5036 3980/1762/3866
f 3981/1760/3867 2312/1763/2198 3982/1764/3868 5213/1761/5036
f 5213/1761/5036 3982/1764/3868 2314/1765/2200 3983/1766/3869
f 3980/1762/3866 5213/1761/5036 3983/1766/3869 2311/1767/2197
f 2311/1767/2197 3983/1766/3869 5214/1768/5037 3984/1769/3870
f 3983/1766/3869 2314/1765/2200 3985/1770/3871 5214/1768/5037
f 5214/1768/5037 3985/1770/3871 2315/1771/2201 3986/1772/3872
f 3984/1769/3870 5214/1768/5037 3986/1772/3872 2310/1773/2196
f 2310/1773/2196 3986/1772/3872 5215/1774/5038 3987/1775/3873
f 3986/1772/3872 2315/1771/2201 3988/1776/3874 5215/1774/5038
f 5215/1774/5038 3988/1776/3874 2313/493/2199 3989/1227/3875
f 3987/1775/3873 5215/1774/5038 3989/1227/3875 2308/502/2194
f 2325/1777/2211 3991/1778/3877 5216/1779/5039 3990/1780/3876
f 3991/1778/3877 2328/1781/2214 3992/1782/3878 5216/1779/5039
f 5216/1779/5039 3992/1782/3878 2330/1783/2216 3993/1784/3879
f 3990/1780/3876 5216/1779/5039 3993/1784/3879 2327/1785/2213
f 2327/1785/2213 3993/1784/3879 5217/1786/5040 3994/1787/3880
f 3993/1784/3879 2330/1783/2216 3995/1788/3881 5217/1786/5040
f 5217/1786/5040 3995/1788/3881 2331/1789/2217 3996/1790/3882
f 3994/1787/3880 5217/1786/5040 3996/1790/3882 2326/1791/2212
f 2326/1791/2212 3996/1790/3882 5218/1792/5041 3997/1793/3883
f 3996/1790/3882 2331/1789/2217 3998/1794/3884 5218/1792/5041
f 5218/1792/5041 3998/1794/3884 2329/464/2215 3999/463/3885
f 3997/1793/3883 5218/1792/5041 3999/463/3885 2324/413/2210
f 2328/1781/2214 4000/1795/3886 5219/1796/5042 3992/1782/3878
f 4000/1795/3886 2332/1797/2218 4001/1798/3887 5219/1796/5042
f 5219/1796/5042 4001/1798/3887 2334/1799/2220 4002/1800/3888
f 3992/1782/3878 5219/1796/5042 4002/1800/3888 2330/1783/2216
f 2330/1783/2216 4002/1800/3888 5220/1801/5043 3995/1788/3881
f 4002/1800/3888 2334/1799/2220 4003/1802/3889 5220/1801/5043
f 5220/1801/5043 4003/1802/3889 2335/1803/2221 4004/1804/3890
f 3995/1788/3881 5220/1801/5043 4004/1804/3890 2331/1789/2217
f 2331/1789/2217 4004/1804/3890 5221/1805/5044 3998/1794/3884
f 4004/1804/3890 2335/1803/2221 4005/1806/3891 5221/1805/5044
f 5221/1805/5044 4005/1806/3891 2333/496/2219 4006/1207/3892
f 3998/1794/3884 5221/1805/5044 4006/1207/3892 2329/464/2215
f 2332/1797/2218 4007/1807/3893 5222/1808/5045 4001/1798/3887
f 4007/1807/3893 2336/1809/2222 4008/1810/3894 5222/1808/5045
f 5222/1808/5045 4008/1810/3894 2338/1811/2224 4009/1812/3895
f 4001/1798/3887 5222/1808/5045 4009/1812/3895 2334/1799/2220
f 2334/1799/2220 4009/1812/3895 5223/1813/5046 4003/1802/3889
f 4009/1812/3895 2338/1811/2224 4010/1814/3896 5223/1813/5046
f 5223/1813/5046 4010/1814/3896 2339/1815/2225 4011/1816/3897
f 4003/1802/3889 5223/1813/5046 4011/1816/3897 2335/1803/2221
f 2335/1803/2221 4011/1816/3897 5224/1817/5047 4005/1806/3891
f 4011/1816/3897 2339/1815/2225 4012/1818/3898 5224/1817/5047
f 5224/1817/5047 4012/1818/3898 2337/488/2223 4013/497/3899
f 4005/1806/3891 5224/1817/5047 4013/497/3899 2333/496/2219
f 2336/1809/2222 4014/1819/3900 5225/1820/5048 4008/1810/3894
f 4014/1819/3900 2340/1821/2226 4015/1822/3901 5225/1820/5048
f 5225/1820/5048 4015/1822/3901 2342/1823/2228 4016/1824/3902
f 4008/1810/3894 5225/1820/5048 4016/1824/3902 2338/1811/2224
f 2338/1811/2224 4016/1824/3902 5226/1825/5049 4010/1814/3896
f 4016/1824/3902 2342/1823/2228 4017/1826/3903 5226/1825/5049
f 5226/1825/5049 4017/1826/3903 2343/1827/2229 4018/1828/3904
f 4010/1814/3896 5226/1825/5049 4018/1828/3904 2339/1815/2225
f 2339/1815/2225 4018/1828/3904 5227/1829/5050 4012/1818/3898
f 4018/1828/3904 2343/1827/2229 4019/1830/3905 5227/1829/5050
f 5227/1829/5050 4019/1830/3905 2341/421/2227 4020/489/3906
f 4012/1818/3898 5227/1829/5050 4020/489/3906 2337/488/2223
f 2340/1821/2226 4021/1831/3907 5228/1832/5051 4015/1822/3901
f 4021/1831/3907 2344/1833/2230 4022/1834/3908 5228/1832/5051
f 5228/1832/5051 4022/1834/3908 2346/1835/2232 4023/1836/3909
f 4015/1822/3901 5228/1832/5051 4023/1836/3909 2342/1823/2228
f 2342/1823/2228 4023/1837/3909 5229/1838/5052 4017/1826/3903
f 4023/1837/3909 2346/1835/2232 4024/1839/3910 5229/1838/5052
f 5229/1838/5052 4024/1839/3910 2347/1840/2233 4025/1841/3911
f 4017/1826/3903 5229/1838/5052 4025/1841/3911 2343/1827/2229
f 2343/1827/2229 4025/1841/3911 5230/1842/5053 4019/1830/3905
f 4025/1841/3911 2347/1840/2233 4026/1843/3912 5230/1842/5053
f 5230/1842/5053 4026/1843/3912 2345/424/2231 4027/422/3913
f 4019/1830/3905 5230/1842/5053 4027/422/3913 2341/421/2227
f 2344/1833/2230 4028/1844/3914 5231/1845/5054 4022/1834/3908
f 4028/1844/3914 2348/1846/2234 4029/1847/3915 5231/1845/5054
f 5231/1845/5054 4029/1847/3915 2350/1848/2236 4030/1849/3916
f 4022/1834/3908 5231/1845/5054 4030/1849/3916 2346/1835/2232
f 2346/1835/2232 4030/1849/3916 5232/1850/5055 4024/1839/3910
f 4030/1849/3916 2350/1848/2236 4031/1851/3917 5232/1850/5055
f 5232/1850/5055 4031/1851/3917 2351/1852/2237 4032/1853/3918
f 4024/1839/3910 5232/1850/5055 4032/1853/3918 2347/1840/2233
f 2347/1840/2233 4032/1853/3918 5233/1854/5056 4026/1843/3912
f 4032/1853/3918 2351/1852/2237 4033/1855/3919 5233/1854/5056
f 5233/1854/5056 4033/1855/3919 2349/456/2235 4034/503/3920
f 4026/1843/3912 5233/1854/5056 4034/503/3920 2345/424/2231
f 2348/1846/2234 4035/1856/3921 5234/1857/5057 4029/1847/3915
f 4035/1856/3921 2352/1858/2238 4036/1859/3922 5234/1857/5057
f 5234/1857/5057 4036/1859/3922 2354/1860/2240 4037/1861/3923
f 4029/1847/3915 5234/1857/5057 4037/1861/3923 2350/1848/2236
f 2350/1848/2236 4037/1861/3923 5235/1862/5058 4031/1851/3917
f 4037/1861/3923 2354/1860/2240 4038/1863/3924 5235/1862/5058
f 5235/1862/5058 4038/1863/3924 2355/1864/2241 4039/1865/3925
f 4031/1851/3917 5235/1862/5058 4039/1865/3925 2351/1852/2237
f 2351/1852/2237 4039/1865/3925 5236/1866/5059 4033/1855/3919
f 4039/1865/3925 2355/1864/2241 4040/1867/3926 5236/1866/5059
f 5236/1866/5059 4040/1867/3926 2353/458/2239 4041/457/3927
f 4033/1855/3919 5236/1866/5059 4041/457/3927 2349/456/2235
f 2352/1858/2238 4042/1868/3928 5237/1869/5060 4036/1859/3922
f 4042/1868/3928 2356/1870/2242 4043/1871/3929 5237/1869/5060
f 5237/1869/5060 4043/1871/3929 2358/1872/2244 4044/1873/3930
f 4036/1859/3922 5237/1869/5060 4044/1873/3930 2354/1860/2240
f 2354/1860/2240 4044/1873/3930 5238/1874/5061 4038/1863/3924
f 4044/1873/3930 2358/1872/2244 4045/1875/3931 5238/1874/5061
f 5238/1874/5061 4045/1875/3931 2359/1876/2245 4046/1877/3932
f 4038/1863/3924 5238/1874/5061 4046/1877/3932 2355/1864/2241
f 2355/1864/2241 4046/1877/3932 5239/1878/5062 4040/1867/3926
f 4046/1877/3932 2359/1876/2245 4047/1879/3933 5239/1878/5062
f 5239/1878/5062 4047/1879/3933 2357/465/2243 4048/500/3934
f 4040/1867/3926 5239/1878/5062 4048/500/3934 2353/458/2239
f 2356/1870/2242 4049/1880/3935 5240/1881/5063 4043/1871/3929
f 4049/1880/3935 2360/1882/2246 4050/1883/3936 5240/1881/5063
f 5240/1881/5063 4050/1883/3936 2362/1884/2248 4051/1885/3937
f 4043/1871/3929 5240/1881/5063 4051/1885/3937 2358/1872/2244
f 2358/1872/2244 4051/1885/3937 5241/1886/5064 4045/1875/3931
f 4051/1885/3937 2362/1884/2248 4052/1887/3938 5241/1886/5064
f 5241/1886/5064 4052/1887/3938 2363/1888/2249 4053/1889/3939
f 4045/1875/3931 5241/1886/5064 4053/1889/3939 2359/1876/2245
f 2359/1876/2245 4053/1889/3939 5242/1890/5065 4047/1879/3933
f 4053/1889/3939 2363/1888/2249 4054/1891/3940 5242/1890/5065
f 5242/1890/5065 4054/1891/3940 2361/452/2247 4055/466/3941
f 4047/1879/3933 5242/1890/5065 4055/466/3941 2357/465/2243
f 2360/1882/2246 4056/1892/3942 5243/1893/5066 4050/1883/3936
f 4056/1892/3942 2364/1894/2250 4057/1895/3943 5243/1893/5066
f 5243/1893/5066 4057/1895/3943 2366/1896/2252 4058/1897/3944
f 4050/1883/3936 5243/1893/5066 4058/1897/3944 2362/1884/2248
f 2362/1884/2248 4058/1897/3944 5244/1898/5067 4052/1887/3938
f 4058/1897/3944 2366/1896/2252 4059/1899/3945 5244/1898/5067
f 5244/1898/5067 4059/1899/3945 2367/1900/2253 4060/1901/3946
f 4052/1887/3938 5244/1898/5067 4060/1901/3946 2363/1888/2249
f 2363/1888/2249 4060/1901/3946 5245/1902/5068 4054/1891/3940
f 4060/1901/3946 2367/1900/2253 4061/1903/3947 5245/1902/5068
f 5245/1902/5068 4061/1903/3947 2365/455/2251 4062/453/3948
f 4054/1891/3940 5245/1902/5068 4062/453/3948 2361/452/2247
f 2369/1904/2255 4064/1905/3950 5246/1906/5069 4063/1907/3949
f 4064/1905/3950 2372/1908/2258 4065/1909/3951 5246/1906/5069
f 5246/1906/5069 4065/1909/3951 2374/1910/2260 4066/1911/3952
f 4063/1907/3949 5246/1906/5069 4066/1911/3952 2371/1912/2257
f 2371/1912/2257 4066/1911/3952 5247/1913/5070 4067/1914/3953
f 4066/1911/3952 2374/1910/2260 4068/1915/3954 5247/1913/5070
f 5247/1913/5070 4068/1915/3954 2375/1916/2261 4069/1917/3955
f 4067/1914/3953 5247/1913/5070 4069/1917/3955 2370/1918/2256
f 2370/1918/2256 4069/1917/3955 5248/1919/5071 4070/1920/3956
f 4069/1917/3955 2375/1916/2261 4071/1921/3957 5248/1919/5071
f 5248/1919/5071 4071/1921/3957 2373/472/2259 4072/1199/3958
f 4070/1920/3956 5248/1919/5071 4072/1199/3958 2368/469/2254
f 2372/1908/2258 4073/1922/3959 5249/1923/5072 4065/1909/3951
f 4073/1922/3959 2293/1924/2179 3956/1925/3842 5249/1923/5072
f 5249/1923/5072 3956/1925/3842 2295/1926/2181 4074/1927/3960
f 4065/1909/3951 5249/1923/5072 4074/1927/3960 2374/1910/2260
f 2374/1910/2260 4074/1927/3960 5250/1928/5073 4068/1915/3954
f 4074/1927/3960 2295/1926/2181 3960/1929/3846 5250/1928/5073
f 5250/1928/5073 3960/1929/3846 2294/474/2180 4075/1930/3961
f 4068/1915/3954 5250/1928/5073 4075/1930/3961 2375/1916/2261
f 2375/1916/2261 4075/1930/3961 5251/1931/5074 4071/1921/3957
f 4075/1930/3961 2294/474/2180 3963/474/3849 5251/1931/5074
f 5251/1931/5074 3963/474/3849 2292/474/2178 4076/473/3962
f 4071/1921/3957 5251/1931/5074 4076/473/3962 2373/472/2259
f 2377/1932/2263 4078/1933/3964 5252/1934/5075 4077/1935/3963
f 4078/1933/3964 2380/1936/2266 4079/1937/3965 5252/1934/5075
f 5252/1934/5075 4079/1937/3965 2382/1938/2268 4080/1939/3966
f 4077/1935/3963 5252/1934/5075 4080/1939/3966 2379/1940/2265
f 2379/1940/2265 4080/1939/3966 5253/1941/5076 4081/1942/3967
f 4080/1939/3966 2382/1938/2268 4082/1943/3968 5253/1941/5076
f 5253/1941/5076 4082/1943/3968 2383/1944/2269 4083/1945/3969
f 4081/1942/3967 5253/1941/5076 4083/1945/3969 2378/1946/2264
f 2378/1946/2264 4083/1945/3969 5254/1947/5077 4084/1948/3970
f 4083/1945/3969 2383/1944/2269 4085/1949/3971 5254/1947/5077
f 5254/1947/5077 4085/1949/3971 2381/477/2267 4086/1204/3972
f 4084/1948/3970 5254/1947/5077 4086/1204/3972 2376/491/2262
f 2380/1936/2266 4087/1950/3973 5255/1951/5078 4079/1937/3965
f 4087/1950/3973 2384/1952/2270 4088/1953/3974 5255/1951/5078
f 5255/1951/5078 4088/1953/3974 2386/1954/2272 4089/1955/3975
f 4079/1937/3965 5255/1951/5078 4089/1955/3975 2382/1938/2268
f 2382/1938/2268 4089/1955/3975 5256/1956/5079 4082/1943/3968
f 4089/1955/3975 2386/1954/2272 4090/1957/3976 5256/1956/5079
f 5256/1956/5079 4090/1957/3976 2387/1958/2273 4091/1959/3977
f 4082/1943/3968 5256/1956/5079 4091/1959/3977 2383/1944/2269
f 2383/1944/2269 4091/1959/3977 5257/1960/5080 4085/1949/3971
f 4091/1959/3977 2387/1958/2273 4092/1961/3978 5257/1960/5080
f 5257/1960/5080 4092/1961/3978 2385/382/2271 4093/478/3979
f 4085/1949/3971 5257/1960/5080 4093/478/3979 2381/477/2267
f 2384/1952/2270 4094/1962/3980 5258/1963/5081 4088/1953/3974
f 4094/1962/3980 2388/1964/2274 4095/1965/3981 5258/1963/5081
f 5258/1963/5081 4095/1965/3981 2390/1966/2276 4096/1967/3982
f 4088/1953/3974 5258/1963/5081 4096/1967/3982 2386/1954/2272
f 2386/1954/2272 4096/1968/3982 5259/1969/5082 4090/1957/3976
f 4096/1968/3982 2390/1966/2276 4097/1970/3983 5259/1969/5082
f 5259/1969/5082 4097/1970/3983 2391/1971/2277 4098/1972/3984
f 4090/1957/3976 5259/1969/5082 4098/1972/3984 2387/1958/2273
f 2387/1958/2273 4098/1972/3984 5260/1973/5083 4092/1961/3978
f 4098/1972/3984 2391/1971/2277 4099/1974/3985 5260/1973/5083
f 5260/1973/5083 4099/1974/3985 2389/385/2275 4100/383/3986
f 4092/1961/3978 5260/1973/5083 4100/383/3986 2385/382/2271
f 2397/1975/2283 4102/1976/3988 5261/1977/5084 4101/1978/3987
f 4102/1976/3988 2400/1979/2286 4103/1980/3989 5261/1977/5084
f 5261/1977/5084 4103/1980/3989 2402/1981/2288 4104/1982/3990
f 4101/1978/3987 5261/1977/5084 4104/1982/3990 2399/1983/2285
f 2399/1983/2285 4104/1982/3990 5262/1984/5085 4105/1985/3991
f 4104/1982/3990 2402/1981/2288 4106/1986/3992 5262/1984/5085
f 5262/1984/5085 4106/1986/3992 2403/1987/2289 4107/1988/3993
f 4105/1985/3991 5262/1984/5085 4107/1988/3993 2398/1989/2284
f 2398/1989/2284 4107/1988/3993 5263/1990/5086 4108/1991/3994
f 4107/1988/3993 2403/1987/2289 4109/1992/3995 5263/1990/5086
f 5263/1990/5086 4109/1992/3995 2401/499/2287 4110/498/3996
f 4108/1991/3994 5263/1990/5086 4110/498/3996 2396/461/2282
f 2400/1979/2286 4111/1993/3997 5264/1994/5087 4103/1980/3989
f 4111/1993/3997 2404/1995/2290 4112/1996/3998 5264/1994/5087
f 5264/1994/5087 4112/1996/3998 2406/1997/2292 4113/1998/3999
f 4103/1980/3989 5264/1994/5087 4113/1998/3999 2402/1981/2288
f 2402/1981/2288 4113/1998/3999 5265/1999/5088 4106/1986/3992
f 4113/1998/3999 2406/1997/2292 4114/2000/4000 5265/1999/5088
f 5265/1999/5088 4114/2000/4000 2407/2001/2293 4115/2002/4001
f 4106/1986/3992 5265/1999/5088 4115/2002/4001 2403/1987/2289
f 2403/1987/2289 4115/2002/4001 5266/2003/5089 4109/1992/3995
f 4115/2002/4001 2407/2001/2293 4116/2004/4002 5266/2003/5089
f 5266/2003/5089 4116/2004/4002 2405/505/2291 4117/504/4003
f 4109/1992/3995 5266/2003/5089 4117/504/4003 2401/499/2287
f 2413/2005/2299 4119/2006/4005 5267/2007/5090 4118/2008/4004
f 4119/2006/4005 2416/2009/2302 4120/2010/4006 5267/2007/5090
f 5267/2007/5090 4120/2010/4006 2418/2011/2304 4121/2012/4007
f 4118/2008/4004 5267/2007/5090 4121/2012/4007 2415/2013/2301
f 2415/2013/2301 4121/2012/4007 5268/2014/5091 4122/2015/4008
f 4121/2012/4007 2418/2011/2304 4123/2016/4009 5268/2014/5091
f 5268/2014/5091 4123/2016/4009 2419/2017/2305 4124/2018/4010
f 4122/2015/4008 5268/2014/5091 4124/2018/4010 2414/2019/2300
f 2414/2019/2300 4124/2018/4010 5269/2020/5092 4125/2021/4011
f 4124/2018/4010 2419/2017/2305 4126/2022/4012 5269/2020/5092
f 5269/2020/5092 4126/2022/4012 2417/467/2303 4127/471/4013
f 4125/2021/4011 5269/2020/5092 4127/471/4013 2412/470/2298
f 2304/1749/2190 4128/2023/4014 5270/2024/5093 3974/1750/3860
f 4128/2023/4014 2377/1932/2263 4077/1935/3963 5270/2024/5093
f 5270/2024/5093 4077/1935/3963 2379/1940/2265 4129/2025/4015
f 3974/1750/3860 5270/2024/5093 4129/2025/4015 2306/1751/2192
f 2306/1751/2192 4129/2025/4015 5271/2026/5094 3976/1754/3862
f 4129/2025/4015 2379/1940/2265 4081/1942/3967 5271/2026/5094
f 5271/2026/5094 4081/1942/3967 2378/1946/2264 4130/2027/4016
f 3976/1754/3862 5271/2026/5094 4130/2027/4016 2307/1755/2193
f 2307/1755/2193 4130/2027/4016 5272/2028/5095 3978/1758/3864
f 4130/2027/4016 2378/1946/2264 4084/1948/3970 5272/2028/5095
f 5272/2028/5095 4084/1948/3970 2376/491/2262 4131/490/4017
f 3978/1758/3864 5272/2028/5095 4131/490/4017 2305/485/2191
f 2388/1964/2274 4132/2029/4018 5273/2030/5096 4095/1965/3981
f 4132/2029/4018 2309/1759/2195 3980/1762/3866 5273/2030/5096
f 5273/2030/5096 3980/1762/3866 2311/1767/2197 4133/2031/4019
f 4095/1965/3981 5273/2030/5096 4133/2031/4019 2390/1966/2276
f 2390/1966/2276 4133/2031/4019 5274/2032/5097 4097/1970/3983
f 4133/2031/4019 2311/1767/2197 3984/1769/3870 5274/2032/5097
f 5274/2032/5097 3984/1769/3870 2310/1773/2196 4134/2033/4020
f 4097/1970/3983 5274/2032/5097 4134/2033/4020 2391/1971/2277
f 2391/1971/2277 4134/2033/4020 5275/2034/5098 4099/1974/3985
f 4134/2033/4020 2310/1773/2196 3987/1775/3873 5275/2034/5098
f 5275/2034/5098 3987/1775/3873 2308/502/2194 4135/501/4021
f 4099/1974/3985 5275/2034/5098 4135/501/4021 2389/385/2275
f 2312/1763/2198 4136/2035/4022 5276/2036/5099 3982/1764/3868
f 4136/2035/4022 2392/2037/2278 4137/2038/4023 5276/2036/5099
f 5276/2036/5099 4137/2038/4023 2394/2039/2280 4138/2040/4024
f 3982/1764/3868 5276/2036/5099 4138/2040/4024 2314/1765/2200
f 2314/1765/2200 4138/2040/4024 5277/2041/5100 3985/1770/3871
f 4138/2040/4024 2394/2039/2280 4139/2042/4025 5277/2041/5100
f 5277/2041/5100 4139/2042/4025 2395/2043/2281 4140/2044/4026
f 3985/1770/3871 5277/2041/5100 4140/2044/4026 2315/1771/2201
f 2315/1771/2201 4140/2044/4026 5278/2045/5101 3988/1776/3874
f 4140/2044/4026 2395/2043/2281 4141/2046/4027 5278/2045/5101
f 5278/2045/5101 4141/2046/4027 2393/495/2279 4142/494/4028
f 3988/1776/3874 5278/2045/5101 4142/494/4028 2313/493/2199
f 2392/2037/2278 4143/2047/4029 5279/2048/5102 4137/2038/4023
f 4143/2047/4029 2316/2049/2202 4144/2050/4030 5279/2048/5102
f 5279/2048/5102 4144/2050/4030 2318/2051/2204 4145/2052/4031
f 4137/2038/4023 5279/2048/5102 4145/2052/4031 2394/2039/2280
f 2394/2039/2280 4145/2052/4031 5280/2053/5103 4139/2042/4025
f 4145/2052/4031 2318/2051/2204 4146/2054/4032 5280/2053/5103
f 5280/2053/5103 4146/2054/4032 2319/2055/2205 4147/2056/4033
f 4139/2042/4025 5280/2053/5103 4147/2056/4033 2395/2043/2281
f 2395/2043/2281 4147/2056/4033 5281/2057/5104 4141/2046/4027
f 4147/2056/4033 2319/2055/2205 4148/2058/4034 5281/2057/5104
f 5281/2057/5104 4148/2058/4034 2317/459/2203 4149/1148/4035
f 4141/2046/4027 5281/2057/5104 4149/1148/4035 2393/495/2279
f 2316/2049/2202 4150/2059/4036 5282/2060/5105 4144/2050/4030
f 4150/2059/4036 2397/1975/2283 4101/1978/3987 5282/2060/5105
f 5282/2060/5105 4101/1978/3987 2399/1983/2285 4151/2061/4037
f 4144/2050/4030 5282/2060/5105 4151/2061/4037 2318/2051/2204
f 2318/2051/2204 4151/2061/4037 5283/2062/5106 4146/2054/4032
f 4151/2061/4037 2399/1983/2285 4105/1985/3991 5283/2062/5106
f 5283/2062/5106 4105/1985/3991 2398/1989/2284 4152/2063/4038
f 4146/2054/4032 5283/2062/5106 4152/2063/4038 2319/2055/2205
f 2319/2055/2205 4152/2063/4038 5284/2064/5107 4148/2058/4034
f 4152/2063/4038 2398/1989/2284 4108/1991/3994 5284/2064/5107
f 5284/2064/5107 4108/1991/3994 2396/461/2282 4153/460/4039
f 4148/2058/4034 5284/2064/5107 4153/460/4039 2317/459/2203
f 2404/1995/2290 4154/2065/4040 5285/2066/5108 4112/1996/3998
f 4154/2065/4040 2320/2067/2206 4155/2068/4041 5285/2066/5108
f 5285/2066/5108 4155/2068/4041 2322/2069/2208 4156/2070/4042
f 4112/1996/3998 5285/2066/5108 4156/2070/4042 2406/1997/2292
f 2406/1997/2292 4156/2070/4042 5286/2071/5109 4114/2000/4000
f 4156/2070/4042 2322/2069/2208 4157/2072/4043 5286/2071/5109
f 5286/2071/5109 4157/2072/4043 2323/2073/2209 4158/2074/4044
f 4114/2000/4000 5286/2071/5109 4158/2074/4044 2407/2001/2293
f 2407/2001/2293 4158/2074/4044 5287/2075/5110 4116/2004/4002
f 4158/2074/4044 2323/2073/2209 4159/2076/4045 5287/2075/5110
f 5287/2075/5110 4159/2076/4045 2321/480/2207 4160/1172/4046
f 4116/2004/4002 5287/2075/5110 4160/1172/4046 2405/505/2291
f 2320/2067/2206 4161/2077/4047 5288/2078/5111 4155/2068/4041
f 4161/2077/4047 2408/2079/2294 4162/2080/4048 5288/2078/5111
f 5288/2078/5111 4162/2080/4048 2410/2081/2296 4163/2082/4049
f 4155/2068/4041 5288/2078/5111 4163/2082/4049 2322/2069/2208
f 2322/2069/2208 4163/2082/4049 5289/2083/5112 4157/2072/4043
f 4163/2082/4049 2410/2081/2296 4164/2084/4050 5289/2083/5112
f 5289/2083/5112 4164/2084/4050 2411/2085/2297 4165/2086/4051
f 4157/2072/4043 5289/2083/5112 4165/2086/4051 2323/2073/2209
f 2323/2073/2209 4165/2086/4051 5290/2087/5113 4159/2076/4045
f 4165/2086/4051 2411/2085/2297 4166/2088/4052 5290/2087/5113
f 5290/2087/5113 4166/2088/4052 2409/411/2295 4167/481/4053
f 4159/2076/4045 5290/2087/5113 4167/481/4053 2321/480/2207
f 2408/2079/2294 4168/2089/4054 5291/2090/5114 4162/2080/4048
f 4168/2089/4054 2325/1777/2211 3990/1780/3876 5291/2090/5114
f 5291/2090/5114 3990/1780/3876 2327/1785/2213 4169/2091/4055
f 4162/2080/4048 5291/2090/5114 4169/2091/4055 2410/2081/2296
f 2410/2081/2296 4169/2091/4055 5292/2092/5115 4164/2084/4050
f 4169/2091/4055 2327/1785/2213 3994/1787/3880 5292/2092/5115
f 5292/2092/5115 3994/1787/3880 2326/1791/2212 4170/2093/4056
f 4164/2084/4050 5292/2092/5115 4170/2093/4056 2411/2085/2297
f 2411/2085/2297 4170/2093/4056 5293/2094/5116 4166/2088/4052
f 4170/2093/4056 2326/1791/2212 3997/1793/3883 5293/2094/5116
f 5293/2094/5116 3997/1793/3883 2324/413/2210 4171/412/4057
f 4166/2088/4052 5293/2094/5116 4171/412/4057 2409/411/2295
f 2364/1894/2250 4172/2095/4058 5294/2096/5117 4057/1895/3943
f 4172/2095/4058 2413/2005/2299 4118/2008/4004 5294/2096/5117
f 5294/2096/5117 4118/2008/4004 2415/2013/2301 4173/2097/4059
f 4057/1895/3943 5294/2096/5117 4173/2097/4059 2366/1896/2252
f 2366/1896/2252 4173/2097/4059 5295/2098/5118 4059/1899/3945
f 4173/2097/4059 2415/2013/2301 4122/2015/4008 5295/2098/5118
f 5295/2098/5118 4122/2015/4008 2414/2019/2300 4174/2099/4060
f 4059/1899/3945 5295/2098/5118 4174/2099/4060 2367/1900/2253
f 2367/1900/2253 4174/2099/4060 5296/2100/5119 4061/1903/3947
f 4174/2099/4060 2414/2019/2300 4125/2021/4011 5296/2100/5119
f 5296/2100/5119 4125/2021/4011 2412/470/2298 4175/475/4061
f 4061/1903/3947 5296/2100/5119 4175/475/4061 2365/455/2251
f 2416/2009/2302 4176/2101/4062 5297/2102/5120 4120/2010/4006
f 4176/2101/4062 2369/1904/2255 4063/1907/3949 5297/2102/5120
f 5297/2102/5120 4063/1907/3949 2371/1912/2257 4177/2103/4063
f 4120/2010/4006 5297/2102/5120 4177/2103/4063 2418/2011/2304
f 2418/2011/2304 4177/2103/4063 5298/2104/5121 4123/2016/4009
f 4177/2103/4063 2371/1912/2257 4067/1914/3953 5298/2104/5121
f 5298/2104/5121 4067/1914/3953 2370/1918/2256 4178/2105/4064
f 4123/2016/4009 5298/2104/5121 4178/2105/4064 2419/2017/2305
f 2419/2017/2305 4178/2105/4064 5299/2106/5122 4126/2022/4012
f 4178/2105/4064 2370/1918/2256 4070/1920/3956 5299/2106/5122
f 5299/2106/5122 4070/1920/3956 2368/469/2254 4179/468/4065
f 4126/2022/4012 5299/2106/5122 4179/468/4065 2417/467/2303
f 2292/1238/2178 3965/1239/3851 5300/1239/5123 4180/1240/4066
f 3965/1239/3851 2297/1183/2183 4181/1183/4067 5300/1239/5123
f 5300/1239/5123 4181/1183/4067 2040/1183/1926 3477/1239/3363
f 4180/1240/4066 5300/1239/5123 3477/1239/3363 2037/1238/1923
f 2421/379/2307 4213/443/4099 5301/443/5124 4212/2107/4098
f 4213/443/4099 2424/444/2310 4214/2108/4100 5301/443/5124
f 5301/443/5124 4214/2108/4100 2426/2109/2312 4215/443/4101
f 4212/2107/4098 5301/443/5124 4215/443/4101 2423/2110/2309
f 2423/2110/2309 4215/443/4101 5302/443/5125 4216/2111/4102
f 4215/443/4101 2426/2109/2312 4217/2112/4103 5302/443/5125
f 5302/443/5125 4217/2112/4103 2427/2113/2313 4218/443/4104
f 4216/2111/4102 5302/443/5125 4218/443/4104 2422/2114/2308
f 2422/2115/2308 4218/2116/4104 5303/2117/5126 4219/2118/4105
f 4218/2116/4104 2427/2119/2313 4220/2120/4106 5303/2117/5126
f 5303/2117/5126 4220/2120/4106 2425/512/2311 4221/509/4107
f 4219/2118/4105 5303/2117/5126 4221/509/4107 2420/508/2306
f 2429/377/2315 4223/378/4109 5304/378/5127 4222/2121/4108
f 4223/378/4109 2421/379/2307 4212/2122/4098 5304/378/5127
f 5304/378/5127 4212/2122/4098 2423/2123/2309 4224/378/4110
f 4222/2121/4108 5304/378/5127 4224/378/4110 2431/2124/2317
f 2431/2124/2317 4224/378/4110 5305/378/5128 4225/2125/4111
f 4224/378/4110 2423/2123/2309 4216/2126/4102 5305/378/5128
f 5305/378/5128 4216/2126/4102 2422/2127/2308 4226/378/4112
f 4225/2125/4111 5305/378/5128 4226/378/4112 2430/2128/2316
f 2430/2129/2316 4226/2130/4112 5306/2131/5129 4227/2132/4113
f 4226/2130/4112 2422/2115/2308 4219/2118/4105 5306/2131/5129
f 5306/2131/5129 4219/2118/4105 2420/508/2306 4228/511/4114
f 4227/2132/4113 5306/2131/5129 4228/511/4114 2428/572/2314
f 2433/380/2319 4230/381/4116 5307/381/5130 4229/2133/4115
f 4230/381/4116 2429/377/2315 4222/2134/4108 5307/381/5130
f 5307/381/5130 4222/2134/4108 2431/2135/2317 4231/381/4117
f 4229/2133/4115 5307/381/5130 4231/381/4117 2435/2136/2321
f 2435/2136/2321 4231/381/4117 5308/381/5131 4232/2137/4118
f 4231/381/4117 2431/2135/2317 4225/2138/4111 5308/381/5131
f 5308/381/5131 4225/2138/4111 2430/2139/2316 4233/2140/4119
f 4232/2137/4118 5308/381/5131 4233/2140/4119 2434/2141/2320
f 2434/2142/2320 4233/2143/4119 5309/2144/5132 4234/2145/4120
f 4233/2143/4119 2430/2129/2316 4227/2132/4113 5309/2144/5132
f 5309/2144/5132 4227/2132/4113 2428/572/2314 4235/571/4121
f 4234/2145/4120 5309/2144/5132 4235/571/4121 2432/570/2318
f 2437/386/2323 4237/387/4123 5310/387/5133 4236/2146/4122
f 4237/387/4123 2433/380/2319 4229/2147/4115 5310/387/5133
f 5310/387/5133 4229/2147/4115 2435/2148/2321 4238/387/4124
f 4236/2146/4122 5310/387/5133 4238/387/4124 2439/2149/2325
f 2439/2149/2325 4238/387/4124 5311/387/5134 4239/2150/4125
f 4238/387/4124 2435/2148/2321 4232/2151/4118 5311/387/5134
f 5311/387/5134 4232/2151/4118 2434/2152/2320 4240/387/4126
f 4239/2150/4125 5311/387/5134 4240/387/4126 2438/2153/2324
f 2438/2154/2324 4240/2155/4126 5312/2156/5135 4241/2157/4127
f 4240/2155/4126 2434/2142/2320 4234/2145/4120 5312/2156/5135
f 5312/2156/5135 4234/2145/4120 2432/570/2318 4242/569/4128
f 4241/2157/4127 5312/2156/5135 4242/569/4128 2436/568/2322
f 2441/390/2327 4244/487/4130 5313/487/5136 4243/2158/4129
f 4244/487/4130 2437/386/2323 4236/2159/4122 5313/487/5136
f 5313/487/5136 4236/2159/4122 2439/2160/2325 4245/487/4131
f 4243/2158/4129 5313/487/5136 4245/487/4131 2443/2161/2329
f 2443/2161/2329 4245/487/4131 5314/487/5137 4246/2162/4132
f 4245/487/4131 2439/2160/2325 4239/2163/4125 5314/487/5137
f 5314/487/5137 4239/2163/4125 2438/2164/2324 4247/487/4133
f 4246/2162/4132 5314/487/5137 4247/487/4133 2442/2165/2328
f 2442/2166/2328 4247/2167/4133 5315/2168/5138 4248/2169/4134
f 4247/2167/4133 2438/2154/2324 4241/2157/4127 5315/2168/5138
f 5315/2168/5138 4241/2157/4127 2436/568/2322 4249/567/4135
f 4248/2169/4134 5315/2168/5138 4249/567/4135 2440/566/2326
f 2445/388/2331 4251/389/4137 5316/389/5139 4250/2170/4136
f 4251/389/4137 2441/390/2327 4243/2171/4129 5316/389/5139
f 5316/389/5139 4243/2171/4129 2443/2172/2329 4252/389/4138
f 4250/2170/4136 5316/389/5139 4252/389/4138 2447/2173/2333
f 2447/2173/2333 4252/389/4138 5317/389/5140 4253/2174/4139
f 4252/389/4138 2443/2172/2329 4246/2175/4132 5317/389/5140
f 5317/389/5140 4246/2175/4132 2442/2176/2328 4254/389/4140
f 4253/2174/4139 5317/389/5140 4254/389/4140 2446/2177/2332
f 2446/2178/2332 4254/2179/4140 5318/2180/5141 4255/2181/4141
f 4254/2179/4140 2442/2166/2328 4248/2169/4134 5318/2180/5141
f 5318/2180/5141 4248/2169/4134 2440/566/2326 4256/565/4142
f 4255/2181/4141 5318/2180/5141 4256/565/4142 2444/564/2330
f 2449/393/2335 4258/451/4144 5319/451/5142 4257/2182/4143
f 4258/451/4144 2445/388/2331 4250/2183/4136 5319/451/5142
f 5319/451/5142 4250/2183/4136 2447/2184/2333 4259/451/4145
f 4257/2182/4143 5319/451/5142 4259/451/4145 2451/2185/2337
f 2451/2185/2337 4259/451/4145 5320/451/5143 4260/2186/4146
f 4259/451/4145 2447/2184/2333 4253/2187/4139 5320/451/5143
f 5320/451/5143 4253/2187/4139 2446/2188/2332 4261/451/4147
f 4260/2186/4146 5320/451/5143 4261/451/4147 2450/2189/2336
f 2450/2190/2336 4261/2191/4147 5321/2192/5144 4262/2193/4148
f 4261/2191/4147 2446/2178/2332 4255/2181/4141 5321/2192/5144
f 5321/2192/5144 4255/2181/4141 2444/564/2330 4263/563/4149
f 4262/2193/4148 5321/2192/5144 4263/563/4149 2448/562/2334
f 2453/391/2339 4265/392/4151 5322/392/5145 4264/2194/4150
f 4265/392/4151 2449/393/2335 4257/2195/4143 5322/392/5145
f 5322/392/5145 4257/2195/4143 2451/2196/2337 4266/392/4152
f 4264/2194/4150 5322/392/5145 4266/392/4152 2455/2197/2341
f 2455/2197/2341 4266/392/4152 5323/392/5146 4267/2198/4153
f 4266/392/4152 2451/2196/2337 4260/2199/4146 5323/392/5146
f 5323/392/5146 4260/2199/4146 2450/2200/2336 4268/392/4154
f 4267/2198/4153 5323/392/5146 4268/392/4154 2454/2201/2340
f 2454/2202/2340 4268/2203/4154 5324/2204/5147 4269/2205/4155
f 4268/2203/4154 2450/2190/2336 4262/2193/4148 5324/2204/5147
f 5324/2204/5147 4262/2193/4148 2448/562/2334 4270/561/4156
f 4269/2205/4155 5324/2204/5147 4270/561/4156 2452/560/2338
f 2457/397/2343 4272/399/4158 5325/398/5148 4271/2206/4157
f 4272/399/4158 2453/391/2339 4264/2207/4150 5325/398/5148
f 5325/398/5148 4264/2207/4150 2455/2208/2341 4273/399/4159
f 4271/2206/4157 5325/398/5148 4273/399/4159 2459/2209/2345
f 2459/2209/2345 4273/399/4159 5326/399/5149 4274/2210/4160
f 4273/399/4159 2455/2208/2341 4267/2211/4153 5326/399/5149
f 5326/399/5149 4267/2211/4153 2454/2212/2340 4275/399/4161
f 4274/2210/4160 5326/399/5149 4275/399/4161 2458/2213/2344
f 2458/2214/2344 4275/2215/4161 5327/2216/5150 4276/2217/4162
f 4275/2215/4161 2454/2202/2340 4269/2205/4155 5327/2216/5150
f 5327/2216/5150 4269/2205/4155 2452/560/2338 4277/559/4163
f 4276/2217/4162 5327/2216/5150 4277/559/4163 2456/558/2342
f 2461/396/2347 4279/400/4165 5328/400/5151 4278/2218/4164
f 4279/400/4165 2457/397/2343 4271/2219/4157 5328/400/5151
f 5328/400/5151 4271/2219/4157 2459/2220/2345 4280/400/4166
f 4278/2218/4164 5328/400/5151 4280/400/4166 2463/2221/2349
f 2463/2221/2349 4280/400/4166 5329/400/5152 4281/2222/4167
f 4280/400/4166 2459/2220/2345 4274/2223/4160 5329/400/5152
f 5329/400/5152 4274/2223/4160 2458/2224/2344 4282/400/4168
f 4281/2222/4167 5329/400/5152 4282/400/4168 2462/2225/2348
f 2462/2226/2348 4282/2227/4168 5330/2228/5153 4283/2229/4169
f 4282/2227/4168 2458/2214/2344 4276/2217/4162 5330/2228/5153
f 5330/2228/5153 4276/2217/4162 2456/558/2342 4284/557/4170
f 4283/2229/4169 5330/2228/5153 4284/557/4170 2460/556/2346
f 2465/394/2351 4286/395/4172 5331/395/5154 4285/2230/4171
f 4286/395/4172 2461/396/2347 4278/2231/4164 5331/395/5154
f 5331/395/5154 4278/2231/4164 2463/2232/2349 4287/395/4173
f 4285/2230/4171 5331/395/5154 4287/395/4173 2467/2233/2353
f 2467/2233/2353 4287/395/4173 5332/395/5155 4288/2234/4174
f 4287/395/4173 2463/2232/2349 4281/2235/4167 5332/395/5155
f 5332/395/5155 4281/2235/4167 2462/2236/2348 4289/395/4175
f 4288/2234/4174 5332/395/5155 4289/395/4175 2466/2237/2352
f 2466/2238/2352 4289/2239/4175 5333/2240/5156 4290/2241/4176
f 4289/2239/4175 2462/2226/2348 4283/2229/4169 5333/2240/5156
f 5333/2240/5156 4283/2229/4169 2460/556/2346 4291/555/4177
f 4290/2241/4176 5333/2240/5156 4291/555/4177 2464/554/2350
f 2469/404/2355 4293/405/4179 5334/405/5157 4292/2242/4178
f 4293/405/4179 2465/394/2351 4285/2243/4171 5334/405/5157
f 5334/405/5157 4285/2243/4171 2467/2244/2353 4294/405/4180
f 4292/2242/4178 5334/405/5157 4294/405/4180 2471/2245/2357
f 2471/2245/2357 4294/405/4180 5335/405/5158 4295/2246/4181
f 4294/405/4180 2467/2244/2353 4288/2247/4174 5335/405/5158
f 5335/405/5158 4288/2247/4174 2466/2248/2352 4296/405/4182
f 4295/2246/4181 5335/405/5158 4296/405/4182 2470/2249/2356
f 2470/2250/2356 4296/2251/4182 5336/2252/5159 4297/2253/4183
f 4296/2251/4182 2466/2238/2352 4290/2241/4176 5336/2252/5159
f 5336/2252/5159 4290/2241/4176 2464/554/2350 4298/553/4184
f 4297/2253/4183 5336/2252/5159 4298/553/4184 2468/552/2354
f 2473/403/2359 4300/406/4186 5337/406/5160 4299/2254/4185
f 4300/406/4186 2469/404/2355 4292/2255/4178 5337/406/5160
f 5337/406/5160 4292/2255/4178 2471/2256/2357 4301/406/4187
f 4299/2254/4185 5337/406/5160 4301/406/4187 2475/2257/2361
f 2475/2257/2361 4301/406/4187 5338/406/5161 4302/2258/4188
f 4301/406/4187 2471/2256/2357 4295/2259/4181 5338/406/5161
f 5338/406/5161 4295/2259/4181 2470/2260/2356 4303/406/4189
f 4302/2258/4188 5338/406/5161 4303/406/4189 2474/2261/2360
f 2474/2262/2360 4303/2263/4189 5339/2264/5162 4304/2265/4190
f 4303/2263/4189 2470/2250/2356 4297/2253/4183 5339/2264/5162
f 5339/2264/5162 4297/2253/4183 2468/552/2354 4305/551/4191
f 4304/2265/4190 5339/2264/5162 4305/551/4191 2472/550/2358
f 2477/401/2363 4307/402/4193 5340/402/5163 4306/2266/4192
f 4307/402/4193 2473/403/2359 4299/2267/4185 5340/402/5163
f 5340/402/5163 4299/2267/4185 2475/2268/2361 4308/402/4194
f 4306/2266/4192 5340/402/5163 4308/402/4194 2479/2269/2365
f 2479/2269/2365 4308/402/4194 5341/402/5164 4309/2270/4195
f 4308/402/4194 2475/2268/2361 4302/2271/4188 5341/402/5164
f 5341/402/5164 4302/2271/4188 2474/2272/2360 4310/402/4196
f 4309/2270/4195 5341/402/5164 4310/402/4196 2478/2273/2364
f 2478/2274/2364 4310/2275/4196 5342/2276/5165 4311/2277/4197
f 4310/2275/4196 2474/2262/2360 4304/2265/4190 5342/2276/5165
f 5342/2276/5165 4304/2265/4190 2472/550/2358 4312/549/4198
f 4311/2277/4197 5342/2276/5165 4312/549/4198 2476/548/2362
f 2481/507/2367 4314/415/4200 5343/415/5166 4313/2278/4199
f 4314/415/4200 2477/401/2363 4306/2279/4192 5343/415/5166
f 5343/415/5166 4306/2279/4192 2479/2280/2365 4315/415/4201
f 4313/2278/4199 5343/415/5166 4315/415/4201 2483/2281/2369
f 2483/2281/2369 4315/415/4201 5344/415/5167 4316/2282/4202
f 4315/415/4201 2479/2280/2365 4309/2283/4195 5344/415/5167
f 5344/415/5167 4309/2283/4195 2478/2284/2364 4317/415/4203
f 4316/2282/4202 5344/415/5167 4317/415/4203 2482/2285/2368
f 2482/2286/2368 4317/2287/4203 5345/2288/5168 4318/2289/4204
f 4317/2287/4203 2478/2274/2364 4311/2277/4197 5345/2288/5168
f 5345/2288/5168 4311/2277/4197 2476/548/2362 4319/547/4205
f 4318/2289/4204 5345/2288/5168 4319/547/4205 2480/546/2366
f 2485/418/2371 4321/476/4207 5346/476/5169 4320/2290/4206
f 4321/476/4207 2481/507/2367 4313/2291/4199 5346/476/5169
f 5346/476/5169 4313/2291/4199 2483/2292/2369 4322/476/4208
f 4320/2290/4206 5346/476/5169 4322/476/4208 2487/2293/2373
f 2487/2293/2373 4322/476/4208 5347/476/5170 4323/2294/4209
f 4322/476/4208 2483/2292/2369 4316/2295/4202 5347/476/5170
f 5347/476/5170 4316/2295/4202 2482/2296/2368 4324/476/4210
f 4323/2294/4209 5347/476/5170 4324/476/4210 2486/2297/2372
f 2486/2298/2372 4324/2299/4210 5348/2300/5171 4325/2301/4211
f 4324/2299/4210 2482/2286/2368 4318/2289/4204 5348/2300/5171
f 5348/2300/5171 4318/2289/4204 2480/546/2366 4326/545/4212
f 4325/2301/4211 5348/2300/5171 4326/545/4212 2484/544/2370
f 2489/416/2375 4328/417/4214 5349/417/5172 4327/2302/4213
f 4328/417/4214 2485/418/2371 4320/2303/4206 5349/417/5172
f 5349/417/5172 4320/2303/4206 2487/2304/2373 4329/417/4215
f 4327/2302/4213 5349/417/5172 4329/417/4215 2491/2305/2377
f 2491/2305/2377 4329/417/4215 5350/417/5173 4330/2306/4216
f 4329/417/4215 2487/2304/2373 4323/2307/4209 5350/417/5173
f 5350/417/5173 4323/2307/4209 2486/2308/2372 4331/417/4217
f 4330/2306/4216 5350/417/5173 4331/417/4217 2490/2309/2376
f 2490/2310/2376 4331/2311/4217 5351/2312/5174 4332/2313/4218
f 4331/2311/4217 2486/2298/2372 4325/2301/4211 5351/2312/5174
f 5351/2312/5174 4325/2301/4211 2484/544/2370 4333/543/4219
f 4332/2313/4218 5351/2312/5174 4333/543/4219 2488/542/2374
f 2493/419/2379 4335/420/4221 5352/420/5175 4334/2314/4220
f 4335/420/4221 2489/416/2375 4327/2315/4213 5352/420/5175
f 5352/420/5175 4327/2315/4213 2491/2316/2377 4336/420/4222
f 4334/2314/4220 5352/420/5175 4336/420/4222 2495/2317/2381
f 2495/2317/2381 4336/420/4222 5353/420/5176 4337/2318/4223
f 4336/420/4222 2491/2316/2377 4330/2319/4216 5353/420/5176
f 5353/420/5176 4330/2319/4216 2490/2320/2376 4338/420/4224
f 4337/2318/4223 5353/420/5176 4338/420/4224 2494/2321/2380
f 2494/2322/2380 4338/2323/4224 5354/2324/5177 4339/2325/4225
f 4338/2323/4224 2490/2310/2376 4332/2313/4218 5354/2324/5177
f 5354/2324/5177 4332/2313/4218 2488/542/2374 4340/541/4226
f 4339/2325/4225 5354/2324/5177 4340/541/4226 2492/540/2378
f 2497/425/2383 4342/426/4228 5355/426/5178 4341/2326/4227
f 4342/426/4228 2493/419/2379 4334/2327/4220 5355/426/5178
f 5355/426/5178 4334/2327/4220 2495/2328/2381 4343/426/4229
f 4341/2326/4227 5355/426/5178 4343/426/4229 2499/2329/2385
f 2499/2329/2385 4343/426/4229 5356/426/5179 4344/2330/4230
f 4343/426/4229 2495/2328/2381 4337/2331/4223 5356/426/5179
f 5356/426/5179 4337/2331/4223 2494/2332/2380 4345/426/4231
f 4344/2330/4230 5356/426/5179 4345/426/4231 2498/2333/2384
f 2498/2334/2384 4345/2335/4231 5357/2336/5180 4346/2337/4232
f 4345/2335/4231 2494/2322/2380 4339/2325/4225 5357/2336/5180
f 5357/2336/5180 4339/2325/4225 2492/540/2378 4347/539/4233
f 4346/2337/4232 5357/2336/5180 4347/539/4233 2496/538/2382
f 2501/428/2387 4349/492/4235 5358/492/5181 4348/2338/4234
f 4349/492/4235 2497/425/2383 4341/2339/4227 5358/492/5181
f 5358/492/5181 4341/2339/4227 2499/2340/2385 4350/492/4236
f 4348/2338/4234 5358/492/5181 4350/492/4236 2503/2341/2389
f 2503/2341/2389 4350/492/4236 5359/492/5182 4351/2342/4237
f 4350/492/4236 2499/2340/2385 4344/2343/4230 5359/492/5182
f 5359/492/5182 4344/2343/4230 2498/2344/2384 4352/492/4238
f 4351/2342/4237 5359/492/5182 4352/492/4238 2502/2345/2388
f 2502/2346/2388 4352/2347/4238 5360/2348/5183 4353/2349/4239
f 4352/2347/4238 2498/2334/2384 4346/2337/4232 5360/2348/5183
f 5360/2348/5183 4346/2337/4232 2496/538/2382 4354/537/4240
f 4353/2349/4239 5360/2348/5183 4354/537/4240 2500/536/2386
f 2505/410/2391 4356/427/4242 5361/427/5184 4355/2350/4241
f 4356/427/4242 2501/428/2387 4348/2351/4234 5361/427/5184
f 5361/427/5184 4348/2351/4234 2503/2352/2389 4357/427/4243
f 4355/2350/4241 5361/427/5184 4357/427/4243 2507/2353/2393
f 2507/2353/2393 4357/427/4243 5362/427/5185 4358/2354/4244
f 4357/427/4243 2503/2352/2389 4351/2355/4237 5362/427/5185
f 5362/427/5185 4351/2355/4237 2502/2356/2388 4359/427/4245
f 4358/2354/4244 5362/427/5185 4359/427/4245 2506/2357/2392
f 2506/2358/2392 4359/2359/4245 5363/2360/5186 4360/2361/4246
f 4359/2359/4245 2502/2346/2388 4353/2349/4239 5363/2360/5186
f 5363/2360/5186 4353/2349/4239 2500/536/2386 4361/535/4247
f 4360/2361/4246 5363/2360/5186 4361/535/4247 2504/534/2390
f 2509/407/2395 4363/408/4249 5364/409/5187 4362/2362/4248
f 4363/408/4249 2505/410/2391 4355/2363/4241 5364/409/5187
f 5364/409/5187 4355/2363/4241 2507/2364/2393 4364/408/4250
f 4362/2362/4248 5364/409/5187 4364/408/4250 2511/2365/2397
f 2511/2365/2397 4364/408/4250 5365/409/5188 4365/2366/4251
f 4364/408/4250 2507/2364/2393 4358/2367/4244 5365/409/5188
f 5365/409/5188 4358/2367/4244 2506/2368/2392 4366/409/4252
f 4365/2366/4251 5365/409/5188 4366/409/4252 2510/2369/2396
f 2510/2370/2396 4366/2371/4252 5366/2372/5189 4367/2373/4253
f 4366/2371/4252 2506/2358/2392 4360/2361/4246 5366/2372/5189
f 5366/2372/5189 4360/2361/4246 2504/534/2390 4368/533/4254
f 4367/2373/4253 5366/2372/5189 4368/533/4254 2508/532/2394
f 2513/432/2399 4370/433/4256 5367/433/5190 4369/2374/4255
f 4370/433/4256 2509/407/2395 4362/2375/4248 5367/433/5190
f 5367/433/5190 4362/2375/4248 2511/2376/2397 4371/433/4257
f 4369/2374/4255 5367/433/5190 4371/433/4257 2515/2377/2401
f 2515/2377/2401 4371/433/4257 5368/433/5191 4372/2378/4258
f 4371/433/4257 2511/2376/2397 4365/2379/4251 5368/433/5191
f 5368/433/5191 4365/2379/4251 2510/2380/2396 4373/433/4259
f 4372/2378/4258 5368/433/5191 4373/433/4259 2514/2381/2400
f 2514/2382/2400 4373/2383/4259 5369/2384/5192 4374/2385/4260
f 4373/2383/4259 2510/2370/2396 4367/2373/4253 5369/2384/5192
f 5369/2384/5192 4367/2373/4253 2508/532/2394 4375/531/4261
f 4374/2385/4260 5369/2384/5192 4375/531/4261 2512/530/2398
f 2517/434/2403 4377/435/4263 5370/435/5193 4376/2386/4262
f 4377/435/4263 2513/432/2399 4369/2387/4255 5370/435/5193
f 5370/435/5193 4369/2387/4255 2515/2388/2401 4378/435/4264
f 4376/2386/4262 5370/435/5193 4378/435/4264 2519/2389/2405
f 2519/2389/2405 4378/435/4264 5371/435/5194 4379/2390/4265
f 4378/435/4264 2515/2388/2401 4372/2391/4258 5371/435/5194
f 5371/435/5194 4372/2391/4258 2514/2392/2400 4380/435/4266
f 4379/2390/4265 5371/435/5194 4380/435/4266 2518/2393/2404
f 2518/2394/2404 4380/2395/4266 5372/2396/5195 4381/2397/4267
f 4380/2395/4266 2514/2382/2400 4374/2385/4260 5372/2396/5195
f 5372/2396/5195 4374/2385/4260 2512/530/2398 4382/529/4268
f 4381/2397/4267 5372/2396/5195 4382/529/4268 2516/528/2402
f 2521/436/2407 4384/437/4270 5373/437/5196 4383/2398/4269
f 4384/437/4270 2517/434/2403 4376/2399/4262 5373/437/5196
f 5373/437/5196 4376/2399/4262 2519/2400/2405 4385/437/4271
f 4383/2398/4269 5373/437/5196 4385/437/4271 2523/2401/2409
f 2523/2401/2409 4385/437/4271 5374/437/5197 4386/2402/4272
f 4385/437/4271 2519/2400/2405 4379/2403/4265 5374/437/5197
f 5374/437/5197 4379/2403/4265 2518/2404/2404 4387/437/4273
f 4386/2402/4272 5374/437/5197 4387/437/4273 2522/2405/2408
f 2522/2406/2408 4387/2407/4273 5375/2408/5198 4388/2409/4274
f 4387/2407/4273 2518/2394/2404 4381/2397/4267 5375/2408/5198
f 5375/2408/5198 4381/2397/4267 2516/528/2402 4389/527/4275
f 4388/2409/4274 5375/2408/5198 4389/527/4275 2520/526/2406
f 2525/440/2411 4391/462/4277 5376/462/5199 4390/2410/4276
f 4391/462/4277 2521/436/2407 4383/2411/4269 5376/462/5199
f 5376/462/5199 4383/2411/4269 2523/2412/2409 4392/462/4278
f 4390/2410/4276 5376/462/5199 4392/462/4278 2527/2413/2413
f 2527/2413/2413 4392/462/4278 5377/462/5200 4393/2414/4279
f 4392/462/4278 2523/2412/2409 4386/2415/4272 5377/462/5200
f 5377/462/5200 4386/2415/4272 2522/2416/2408 4394/462/4280
f 4393/2414/4279 5377/462/5200 4394/462/4280 2526/2417/2412
f 2526/2418/2412 4394/2419/4280 5378/2420/5201 4395/2421/4281
f 4394/2419/4280 2522/2406/2408 4388/2409/4274 5378/2420/5201
f 5378/2420/5201 4388/2409/4274 2520/526/2406 4396/525/4282
f 4395/2421/4281 5378/2420/5201 4396/525/4282 2524/524/2410
f 2529/431/2415 4398/438/4284 5379/438/5202 4397/2422/4283
f 4398/438/4284 2525/440/2411 4390/2423/4276 5379/438/5202
f 5379/438/5202 4390/2423/4276 2527/2424/2413 4399/438/4285
f 4397/2422/4283 5379/438/5202 4399/438/4285 2531/2425/2417
f 2531/2425/2417 4399/438/4285 5380/438/5203 4400/2426/4286
f 4399/438/4285 2527/2424/2413 4393/2427/4279 5380/438/5203
f 5380/438/5203 4393/2427/4279 2526/2428/2412 4401/438/4287
f 4400/2426/4286 5380/438/5203 4401/438/4287 2530/2429/2416
f 2530/2430/2416 4401/2431/4287 5381/2432/5204 4402/2433/4288
f 4401/2431/4287 2526/2418/2412 4395/2421/4281 5381/2432/5204
f 5381/2432/5204 4395/2421/4281 2524/524/2410 4403/523/4289
f 4402/2433/4288 5381/2432/5204 4403/523/4289 2528/522/2414
f 2533/429/2419 4405/430/4291 5382/430/5205 4404/2434/4290
f 4405/430/4291 2529/431/2415 4397/2435/4283 5382/430/5205
f 5382/430/5205 4397/2435/4283 2531/2436/2417 4406/430/4292
f 4404/2434/4290 5382/430/5205 4406/430/4292 2535/2437/2421
f 2535/2437/2421 4406/430/4292 5383/430/5206 4407/2438/4293
f 4406/430/4292 2531/2436/2417 4400/2439/4286 5383/430/5206
f 5383/430/5206 4400/2439/4286 2530/2440/2416 4408/430/4294
f 4407/2438/4293 5383/430/5206 4408/430/4294 2534/2441/2420
f 2534/2442/2420 4408/2443/4294 5384/2444/5207 4409/2445/4295
f 4408/2443/4294 2530/2430/2416 4402/2433/4288 5384/2444/5207
f 5384/2444/5207 4402/2433/4288 2528/522/2414 4410/521/4296
f 4409/2445/4295 5384/2444/5207 4410/521/4296 2532/520/2418
f 2537/446/2423 4412/447/4298 5385/447/5208 4411/2446/4297
f 4412/447/4298 2533/429/2419 4404/2447/4290 5385/447/5208
f 5385/447/5208 4404/2447/4290 2535/2448/2421 4413/447/4299
f 4411/2446/4297 5385/447/5208 4413/447/4299 2539/2449/2425
f 2539/2449/2425 4413/447/4299 5386/447/5209 4414/2450/4300
f 4413/447/4299 2535/2448/2421 4407/2451/4293 5386/447/5209
f 5386/447/5209 4407/2451/4293 2534/2452/2420 4415/447/4301
f 4414/2450/4300 5386/447/5209 4415/447/4301 2538/2453/2424
f 2538/2454/2424 4415/2455/4301 5387/2456/5210 4416/2457/4302
f 4415/2455/4301 2534/2442/2420 4409/2445/4295 5387/2456/5210
f 5387/2456/5210 4409/2445/4295 2532/520/2418 4417/519/4303
f 4416/2457/4302 5387/2456/5210 4417/519/4303 2536/518/2422
f 2541/449/2427 4419/479/4305 5388/479/5211 4418/2458/4304
f 4419/479/4305 2537/446/2423 4411/2459/4297 5388/479/5211
f 5388/479/5211 4411/2459/4297 2539/2460/2425 4420/479/4306
f 4418/2458/4304 5388/479/5211 4420/479/4306 2543/2461/2429
f 2543/2461/2429 4420/479/4306 5389/479/5212 4421/2462/4307
f 4420/479/4306 2539/2460/2425 4414/2463/4300 5389/479/5212
f 5389/479/5212 4414/2463/4300 2538/2464/2424 4422/479/4308
f 4421/2462/4307 5389/479/5212 4422/479/4308 2542/2465/2428
f 2542/2466/2428 4422/2467/4308 5390/2468/5213 4423/2469/4309
f 4422/2467/4308 2538/2454/2424 4416/2457/4302 5390/2468/5213
f 5390/2468/5213 4416/2457/4302 2536/518/2422 4424/517/4310
f 4423/2469/4309 5390/2468/5213 4424/517/4310 2540/516/2426
f 2545/376/2431 4426/448/4312 5391/448/5214 4425/2470/4311
f 4426/448/4312 2541/449/2427 4418/2471/4304 5391/448/5214
f 5391/448/5214 4418/2471/4304 2543/2472/2429 4427/448/4313
f 4425/2470/4311 5391/448/5214 4427/448/4313 2547/2473/2433
f 2547/2473/2433 4427/448/4313 5392/448/5215 4428/2474/4314
f 4427/448/4313 2543/2472/2429 4421/2475/4307 5392/448/5215
f 5392/448/5215 4421/2475/4307 2542/2476/2428 4429/448/4315
f 4428/2474/4314 5392/448/5215 4429/448/4315 2546/2477/2432
f 2546/2478/2432 4429/2479/4315 5393/2480/5216 4430/2481/4316
f 4429/2479/4315 2542/2466/2428 4423/2469/4309 5393/2480/5216
f 5393/2480/5216 4423/2469/4309 2540/516/2426 4431/515/4317
f 4430/2481/4316 5393/2480/5216 4431/515/4317 2544/514/2430
f 2424/374/2310 4432/375/4318 5394/375/5217 4214/2482/4100
f 4432/375/4318 2545/376/2431 4425/2483/4311 5394/375/5217
f 5394/375/5217 4425/2483/4311 2547/2484/2433 4433/375/4319
f 4214/2482/4100 5394/375/5217 4433/375/4319 2426/2485/2312
f 2426/2485/2312 4433/375/4319 5395/375/5218 4217/2486/4103
f 4433/375/4319 2547/2484/2433 4428/2487/4314 5395/375/5218
f 5395/375/5218 4428/2487/4314 2546/2488/2432 4434/375/4320
f 4217/2486/4103 5395/375/5218 4434/375/4320 2427/2489/2313
f 2427/2119/2313 4434/2490/4320 5396/2491/5219 4220/2120/4106
f 4434/2490/4320 2546/2478/2432 4430/2481/4316 5396/2491/5219
f 5396/2491/5219 4430/2481/4316 2544/514/2430 4435/513/4321
f 4220/2120/4106 5396/2491/5219 4435/513/4321 2425/512/2311
f 1579/379/1465 2559/443/2445 5397/443/4099 4436/379/2307
f 2559/443/2445 1559/444/1445 4437/445/2310 5397/443/4099
f 5397/443/4099 4437/445/2310 2424/444/2310 4213/443/4099
f 4436/379/2307 5397/443/4099 4213/443/4099 2421/379/2307
f 1603/576/1489 3046/956/2932 5447/956/4379 5400/576/4379
f 3086/1005/2972 1749/812/1635 5421/812/4379 5451/1005/4379
f 2759/809/2645 1757/808/1643 5422/808/4379 5440/809/4379
f 1617/989/1503 3086/1005/2972 5451/1005/4379 5402/989/4379
f 3113/1037/2999 1644/646/1530 5406/646/4379 5454/1037/4379
f 1749/812/1635 2759/809/2645 5440/809/4379 5421/812/4379
f 3074/990/2960 1617/989/1503 5402/989/4379 5450/990/4379
f 1764/1021/1650 3113/1037/2999 5454/1037/4379 5423/1021/4379
f 3153/1085/3039 1665/670/1551 5409/670/4379 5458/1085/4379
f 1743/784/1629 3074/990/2960 5450/990/4379 5420/784/4379
f 2708/744/2594 1722/743/1608 5417/743/4379 5437/744/4379
f 3101/1022/2987 1764/1021/1650 5423/1021/4379 5453/1022/4379
f 1785/1069/1671 3153/1085/3039 5458/1085/4379 5426/1069/4379
f 3167/1101/3053 1679/695/1565 5411/695/4379 5460/1101/4379
f 1714/747/1600 2708/744/2594 5437/744/4379 5416/747/4379
f 1638/626/1524 3101/1022/2987 5453/1022/4379 5405/626/4379
f 3141/1070/3027 1785/1069/1671 5426/1069/4379 5457/1070/4379
f 3128/1054/3014 1659/1053/1545 5408/1053/4379 5456/1054/4379
f 1799/857/1685 3167/1101/3053 5460/1101/4379 5428/857/4379
f 1659/1053/1545 3141/1070/3027 5457/1070/4379 5408/1053/4379
f 1778/832/1664 3128/1054/3014 5456/1054/4379 5425/832/4379
f 2670/692/2556 1687/691/1573 5412/691/4379 5435/692/4379
f 1679/695/1565 2670/692/2556 5435/692/4379 5411/695/4379
f 2815/882/2701 1700/881/1586 5414/881/4379 5443/882/4379
f 2632/643/2518 1652/642/1538 5407/642/4379 5433/643/4379
f 1805/885/1691 2815/882/2701 5443/882/4379 5429/885/4379
f 2619/627/2505 1638/626/1524 5405/626/4379 5432/627/4379
f 1644/646/1530 2632/643/2518 5433/643/4379 5406/646/4379
f 1631/601/1517 2619/627/2505 5432/627/4379 5404/601/4379
f 3039/948/2925 1595/580/1481 5399/580/4379 5446/948/4379
f 2581/577/2467 1603/576/1489 5400/576/4379 5430/577/4379
f 1708/932/1594 3039/948/2925 5446/948/4379 5415/932/4379
f 3066/981/2952 1735/788/1621 5419/788/4379 5449/981/4379
f 1595/580/1481 2581/577/2467 5430/577/4379 5399/580/4379
f 2778/833/2664 1778/832/1664 5425/832/4379 5441/833/4379
f 3027/933/2913 1708/932/1594 5415/932/4379 5445/933/4379
f 3014/916/2900 1589/915/1475 5398/915/4379 5444/916/4379
f 1610/964/1496 3066/981/2952 5449/981/4379 5401/964/4379
f 1770/836/1656 2778/833/2664 5441/833/4379 5424/836/4379
f 1589/915/1475 3027/933/2913 5445/933/4379 5398/915/4379
f 3093/1013/2979 1623/605/1509 5403/605/4379 5452/1013/4379
f 1694/715/1580 3014/916/2900 5444/916/4379 5413/715/4379
f 3054/965/2940 1610/964/1496 5401/964/4379 5448/965/4379
f 1757/808/1643 3093/1013/2979 5452/1013/4379 5422/808/4379
f 2740/785/2626 1743/784/1629 5420/784/4379 5439/785/4379
f 2727/769/2613 1729/768/1615 5418/768/4379 5438/769/4379
f 1729/768/1615 3054/965/2940 5448/965/4379 5418/768/4379
f 3120/1045/3006 1770/836/1656 5424/836/4379 5455/1045/4379
f 1735/788/1621 2740/785/2626 5439/785/4379 5419/788/4379
f 1652/642/1538 3120/1045/3006 5455/1045/4379 5407/642/4379
f 1722/743/1608 2727/769/2613 5438/769/4379 5417/743/4379
f 3160/1093/3046 1791/861/1677 5427/861/4379 5459/1093/4379
f 1673/666/1559 3160/1093/3046 5459/1093/4379 5410/666/4379
f 2689/716/2575 1694/715/1580 5413/715/4379 5436/716/4379
f 3174/1109/3060 1805/885/1691 5429/885/4379 5461/1109/4379
f 1700/719/1586 2689/716/2575 5436/716/4379 5414/719/4379
f 1687/691/1573 3174/1109/3060 5461/1109/4379 5412/691/4379
f 2651/667/2537 1673/666/1559 5410/666/4379 5434/667/4379
f 1665/670/1551 2651/667/2537 5434/667/4379 5409/670/4379
f 2600/602/2486 1631/601/1517 5404/601/4379 5431/602/4379
f 2797/858/2683 1799/857/1685 5428/857/4379 5442/858/4379
f 1623/605/1509 2600/602/2486 5431/602/4379 5403/605/4379
f 3046/956/2932 1714/747/1600 5416/747/4379 5447/956/4379
f 1791/861/1677 2797/858/2683 5442/858/4379 5427/861/4379
f 5401/964/4379 5449/981/4379 5513/981/4379 5465/964/4379
f 5414/719/4379 5436/716/4379 5500/716/4379 5478/719/4379
f 5450/990/4379 5402/989/4379 5466/989/4379 5514/990/4379
f 5437/744/4379 5417/743/4379 5481/743/4379 5501/744/4379
f 5420/784/4379 5450/990/4379 5514/990/4379 5484/784/4379
f 5416/747/4379 5437/744/4379 5501/744/4379 5480/747/4379
f 5451/1005/4379 5421/812/4379 5485/812/4379 5515/1005/4379
f 5438/769/4379 5418/768/4379 5482/768/4379 5502/769/4379
f 5402/989/4379 5451/1005/4379 5515/1005/4379 5466/989/4379
f 5417/743/4379 5438/769/4379 5502/769/4379 5481/743/4379
f 5452/1013/4379 5403/605/4379 5467/605/4379 5516/1013/4379
f 5439/785/4379 5420/784/4379 5484/784/4379 5503/785/4379
f 5422/808/4379 5452/1013/4379 5516/1013/4379 5486/808/4379
f 5419/788/4379 5439/785/4379 5503/785/4379 5483/788/4379
f 5453/1022/4379 5423/1021/4379 5487/1021/4379 5517/1022/4379
f 5440/809/4379 5422/808/4379 5486/808/4379 5504/809/4379
f 5405/626/4379 5453/1022/4379 5517/1022/4379 5469/626/4379
f 5421/812/4379 5440/809/4379 5504/809/4379 5485/812/4379
f 5454/1037/4379 5406/646/4379 5470/646/4379 5518/1037/4379
f 5441/833/4379 5425/832/4379 5489/832/4379 5505/833/4379
f 5423/1021/4379 5454/1037/4379 5518/1037/4379 5487/1021/4379
f 5424/836/4379 5441/833/4379 5505/833/4379 5488/836/4379
f 5455/1045/4379 5424/836/4379 5488/836/4379 5519/1045/4379
f 5442/858/4379 5428/857/4379 5492/857/4379 5506/858/4379
f 5407/642/4379 5455/1045/4379 5519/1045/4379 5471/642/4379
f 5427/861/4379 5442/858/4379 5506/858/4379 5491/861/4379
f 5456/1054/4379 5408/1053/4379 5472/1053/4379 5520/1054/4379
f 5443/882/4379 5414/881/4379 5478/881/4379 5507/882/4379
f 5430/577/4379 5400/576/4379 5464/576/4379 5494/577/4379
f 5425/832/4379 5456/1054/4379 5520/1054/4379 5489/832/4379
f 5429/885/4379 5443/882/4379 5507/882/4379 5493/885/4379
f 5399/580/4379 5430/577/4379 5494/577/4379 5463/580/4379
f 5457/1070/4379 5426/1069/4379 5490/1069/4379 5521/1070/4379
f 5444/916/4379 5398/915/4379 5462/915/4379 5508/916/4379
f 5431/602/4379 5404/601/4379 5468/601/4379 5495/602/4379
f 5408/1053/4379 5457/1070/4379 5521/1070/4379 5472/1053/4379
f 5413/715/4379 5444/916/4379 5508/916/4379 5477/715/4379
f 5403/605/4379 5431/602/4379 5495/602/4379 5467/605/4379
f 5458/1085/4379 5409/670/4379 5473/670/4379 5522/1085/4379
f 5445/933/4379 5415/932/4379 5479/932/4379 5509/933/4379
f 5432/627/4379 5405/626/4379 5469/626/4379 5496/627/4379
f 5426/1069/4379 5458/1085/4379 5522/1085/4379 5490/1069/4379
f 5398/915/4379 5445/933/4379 5509/933/4379 5462/915/4379
f 5404/601/4379 5432/627/4379 5496/627/4379 5468/601/4379
f 5459/1093/4379 5427/861/4379 5491/861/4379 5523/1093/4379
f 5446/948/4379 5399/580/4379 5463/580/4379 5510/948/4379
f 5433/643/4379 5407/642/4379 5471/642/4379 5497/643/4379
f 5410/666/4379 5459/1093/4379 5523/1093/4379 5474/666/4379
f 5415/932/4379 5446/948/4379 5510/948/4379 5479/932/4379
f 5406/646/4379 5433/643/4379 5497/643/4379 5470/646/4379
f 5460/1101/4379 5411/695/4379 5475/695/4379 5524/1101/4379
f 5447/956/4379 5416/747/4379 5480/747/4379 5511/956/4379
f 5434/667/4379 5410/666/4379 5474/666/4379 5498/667/4379
f 5428/857/4379 5460/1101/4379 5524/1101/4379 5492/857/4379
f 5400/576/4379 5447/956/4379 5511/956/4379 5464/576/4379
f 5409/670/4379 5434/667/4379 5498/667/4379 5473/670/4379
f 5461/1109/4379 5429/885/4379 5493/885/4379 5525/1109/4379
f 5448/965/4379 5401/964/4379 5465/964/4379 5512/965/4379
f 5435/692/4379 5412/691/4379 5476/691/4379 5499/692/4379
f 5412/691/4379 5461/1109/4379 5525/1109/4379 5476/691/4379
f 5418/768/4379 5448/965/4379 5512/965/4379 5482/768/4379
f 5411/695/4379 5435/692/4379 5499/692/4379 5475/695/4379
f 5449/981/4379 5419/788/4379 5483/788/4379 5513/981/4379
f 5436/716/4379 5413/715/4379 5477/715/4379 5500/716/4379
f 1379/172/1314 1416/171/1323 1383/93/1316 1534/235/1420 1494/231/1380
f 1390/144/1317 1554/329/1440 1519/361/1405 1540/364/1426 1498/241/1384 1394/194/1319 1435/193/1327 1434/192/1327 1433/191/1327
f 1513/181/1399 1552/347/1438 1515/350/1401 1544/353/1430 1517/356/1403 1546/330/1432 1554/329/1440 1390/144/1317 1408/143/1321 1407/142/1321 1406/141/1321 1405/140/1321 1404/139/1321 1391/138/1318
